B&B-HB-MHV,BestFS-HB-MHV,B&B-HB-MVPWU,BestFS-HB-MVPWU,B&B-HB-MCF,BestFS-HB-MCF,01LP,BoolOpt
1.651684,0.996369,0.393772,0.358821,2.171567,0.399596,15.468334,0.389984
0.623568,0.462507,0.306688,0.334356,1.746631,0.277853,0.362316,0.276106
0.45639,0.366103,0.197468,0.151159,0.243195,0.187857,0.283096,0.260961
0.230962,0.351831,0.035824,0.02563,0.06757,0.063493,0.531242,0.461633
0.422896,0.364646,0.145626,0.136305,0.222224,0.223389,0.424644,0.373966
0.352413,0.332318,0.182614,0.163101,0.254262,0.170965,0.490175,6.114229
0.274941,0.279892,0.237952,0.209118,0.249311,0.151159,0.380956,0.308435
0.254554,0.249602,0.098442,0.08621,0.173294,0.110093,0.360277,0.359695
0.247272,0.192226,0.03961,0.03029,0.087084,0.044853,0.441828,0.339598
0.243777,0.246981,0.083298,0.074851,0.12815,0.112714,0.311055,0.428138
0.227176,0.217273,0.080968,0.078347,0.124655,0.089997,0.357948,0.317464
0.227175,0.191935,0.069027,0.051551,0.09087,0.087958,0.325327,0.330861
0.230671,0.20737,0.070483,0.065241,0.091453,0.0932,5.845696,0.383286
0.216399,0.218438,0.073978,0.058833,0.11184,0.089414,0.299989,0.277271
0.205914,0.205914,0.068735,0.056211,0.089123,0.065823,0.295619,0.313678
0.219312,0.211157,0.074851,0.061745,0.090288,0.071648,0.282805,0.3029
0.21203,0.193391,0.061162,0.048639,0.080386,0.059415,0.288629,0.340182
0.207371,0.198051,0.122034,0.086793,0.0932,0.066114,0.302027,0.275523
0.199506,0.192517,0.061746,0.050386,0.089705,0.082716,0.284552,0.258922
0.192808,0.181741,0.073686,0.057668,0.089705,0.066405,0.350375,0.25601
0.250184,0.192517,0.101064,0.081841,0.075143,0.057959,0.300571,0.225137
0.180575,0.173876,0.043105,0.033202,0.058833,0.041358,0.32125,0.293872
0.215234,0.200671,0.106598,0.066697,0.138053,0.076017,0.287173,0.257757
0.186401,0.168343,0.044852,0.036406,0.069609,0.054464,0.289503,0.283679
0.210283,0.19543,0.086502,0.064948,0.087084,0.068153,0.241447,0.228341
0.242612,0.230089,0.106306,0.092909,0.115335,0.102811,0.258048,0.446196
0.200381,0.177371,0.064075,0.042523,0.076017,0.053881,0.306105,0.238535
0.198925,0.179993,0.044561,0.039901,0.057085,0.04194,0.292125,0.378626
0.199215,0.183779,0.07223,0.059706,0.098152,0.070774,0.248146,0.275523
0.19572,0.171546,0.076598,0.053299,0.09087,0.055338,0.180575,0.187566
0.158732,0.146499,0.066988,0.054464,0.073687,0.055338,0.210575,0.183779
0.177663,0.168052,0.06524,0.058833,0.063201,0.05359,0.216108,0.186109
0.062327,0.054464,0.027377,0.018348,0.040193,0.029125,0.246107,0.21902
0.171546,0.161935,0.070774,0.060289,0.083589,0.067862,0.206497,0.191935
0.166887,0.151159,0.071065,0.058542,0.081841,0.063492,0.210574,0.178245
0.157858,0.14679,0.057085,0.0466,0.070191,0.056212,0.205041,0.197468
0.153489,0.156111,0.043397,0.034076,0.06291,0.05126,0.208244,0.20475
0.157858,0.14446,0.052426,0.040484,0.064949,0.050678,0.207954,0.182905
0.212322,0.15611,0.066406,0.051551,0.074852,0.059415,0.198924,0.186109
0.147373,0.131937,0.031747,0.020679,0.041066,0.029125,0.233,0.205914
0.176498,0.146499,0.058832,0.047473,0.076599,0.054756,0.177954,0.182032
0.130481,0.120869,0.026504,0.01864,0.036407,0.029707,0.221934,0.216108
0.156693,0.146791,0.057668,0.048348,0.059707,0.048638,0.208827,0.190769
0.164848,0.147081,0.060872,0.049804,0.073978,0.056503,0.226302,0.204458
0.171838,0.15378,0.063202,0.043687,0.064949,0.050386,0.233584,0.214069
0.19106,0.162226,0.075142,0.055338,0.077181,0.056793,0.18145,0.599103
0.136305,0.140383,0.034659,0.02563,0.044562,0.034076,0.213196,0.20271
0.155819,0.140383,0.066697,0.054755,0.078638,0.061162,0.228923,0.186401
0.162227,0.155528,0.038445,0.028834,0.05359,0.037863,0.23271,0.319794
0.173586,0.166304,0.051843,0.041357,0.059998,0.043105,0.224554,0.267368
0.165721,0.148829,0.057377,0.044852,0.067571,0.056503,0.23038,0.296784
0.20737,0.193099,0.050095,0.053007,0.066405,0.068444,0.298241,0.306687
0.23737,0.214652,0.073686,0.064658,0.105141,0.083881,0.298533,0.264456
0.218147,0.193682,0.100481,0.080968,0.107762,0.082715,0.266494,0.481729
0.175042,0.163391,0.038445,0.03029,0.05592,0.036989,0.258048,0.214361
0.149702,0.137179,0.061454,0.03728,0.059124,0.037572,0.234457,0.218729
0.162809,0.144751,0.058541,0.045727,0.070774,0.054173,0.203002,0.187274
0.164848,0.15378,0.059706,0.046891,0.071065,0.055628,0.215817,0.212031
0.148247,0.129898,0.041649,0.032038,0.053591,0.040192,0.260961,0.240574
0.167178,0.153198,0.062619,0.051551,0.072522,0.057376,0.215817,0.203002
0.175333,0.156984,0.059707,0.049804,0.075434,0.057086,0.220186,0.204749
0.076599,0.069026,0.032329,0.024173,0.049222,0.036406,0.221059,0.220477
0.174751,0.147373,0.072521,0.052134,0.106598,0.065532,0.585997,0.201546
0.189896,0.173294,0.088831,0.074851,0.122034,0.078637,0.142421,0.126986
0.172712,0.159023,0.069901,0.057959,0.082133,0.061745,0.140092,0.142131
0.263582,0.173877,0.102521,0.083297,0.105433,0.089414,0.115627,0.100773
0.143004,0.128733,0.039319,0.03029,0.045435,0.032912,0.164266,0.142131
0.151451,0.145335,0.052425,0.042231,0.059415,0.045726,0.123782,0.108345
0.149703,0.138345,0.055047,0.043105,0.079512,0.048057,0.136888,0.144461
0.14446,0.133393,0.061163,0.04427,0.062328,0.047183,0.136888,0.175041
0.161644,0.145625,0.053881,0.039901,0.060871,0.043978,0.159023,0.147664
0.181449,0.16776,0.064658,0.051551,0.072812,0.056502,0.212322,0.135432
0.190478,0.179994,0.066988,0.053008,0.072522,0.056794,0.15844,0.145043
0.177954,0.153781,0.092327,0.059124,0.076308,0.056794,0.136306,0.136888
0.171838,0.154654,0.077473,0.060872,0.075434,0.057377,0.131063,0.131063
0.160188,0.24902,0.032037,0.029416,0.051551,0.025921,0.329696,0.203002
0.230088,0.241739,0.094947,0.103394,0.1232,0.085919,0.214943,0.177954
0.270572,0.168343,0.079221,0.049804,0.091744,0.059416,0.231836,0.228923
0.219312,0.186401,0.109511,0.089997,0.088249,0.068735,0.173294,0.142713
0.196303,0.175333,0.106016,0.08621,0.07689,0.063784,0.155237,0.138927
0.158149,0.153781,0.082716,0.05359,0.059124,0.040775,0.174168,0.145917
0.166304,0.15349,0.042231,0.033493,0.063202,0.044271,0.184361,0.167761
0.183197,0.161935,0.072521,0.059706,0.096112,0.069609,0.216108,0.168926
0.187857,0.178828,0.050386,0.038153,0.066405,0.052425,0.209409,0.173877
0.163392,0.149411,0.055921,0.042522,0.063784,0.048347,0.193973,0.173294
0.187275,0.175333,0.07689,0.061162,0.073395,0.056503,0.250767,0.25135
0.187274,0.174168,0.040193,0.032038,0.041941,0.030582,0.219021,0.260378
0.076308,0.063493,0.04194,0.034367,0.05592,0.038736,0.160771,0.159023
0.166304,0.167178,0.05359,0.029416,0.147373,0.029999,0.229797,0.199216
0.184944,0.16281,0.064075,0.062619,0.068153,0.073395,0.179702,0.154362
0.17912,0.17009,0.027669,0.024757,0.042523,0.031455,0.222807,0.189604
0.173294,0.209701,0.064949,0.061745,0.061745,0.051842,0.195429,0.312803
0.159897,0.134558,0.038445,0.03029,0.049221,0.045726,0.20038,0.200963
0.114752,0.107181,0.045435,0.037863,0.052133,0.043105,0.136014,0.135723
0.120287,0.113005,0.031455,0.029125,0.039027,0.033203,0.138344,0.131937
0.105432,0.092326,0.0466,0.039901,0.048348,0.051552,0.162809,0.143878
0.120578,0.116501,0.046892,0.033785,0.040775,0.035824,0.151159,0.140383
0.146208,0.145916,0.063784,0.057668,0.05359,0.045435,0.152033,0.263873
0.131646,0.122034,0.059998,0.05359,0.063493,0.051551,0.149411,0.142421
0.139801,0.131937,0.059124,0.059998,0.060871,0.047183,0.200089,0.160188
0.136015,0.136014,0.03495,0.032037,0.03961,0.031455,0.195138,0.172712
0.141257,0.113297,0.053299,0.044271,0.060289,0.049804,0.12116,0.108928
0.113296,0.108054,0.035241,0.040484,0.047765,0.116792,0.145043,0.131937
0.049222,0.040193,0.024465,0.017766,0.033785,0.021262,0.138344,0.20504
0.114461,0.101064,0.043105,0.033494,0.050969,0.036989,0.12116,0.123199
0.04427,0.039028,0.025922,0.018349,0.03495,0.024757,0.173003,0.155528
0.117665,0.108928,0.05592,0.03728,0.056503,0.044853,0.144751,0.13485
0.119995,0.110675,0.033494,0.023592,0.044271,0.032329,0.172712,0.148829
0.122326,0.108054,0.044562,0.030872,0.063202,0.041649,0.144461,0.142421
0.104559,0.092618,0.048057,0.039319,0.04893,0.039027,0.125529,0.133685
0.111258,0.101064,0.045144,0.033202,0.049513,0.037572,0.160188,0.134849
0.110675,0.099025,0.039319,0.029708,0.047766,0.03495,0.161062,0.13747
0.126402,0.10019,0.049513,0.039319,0.054755,0.044853,0.133975,0.119995
0.115336,0.101938,0.03961,0.031747,0.046309,0.039901,0.169799,0.159606
0.1165,0.110093,0.02563,0.018641,0.032038,0.024465,0.169217,0.152033
0.115044,0.106889,0.042814,0.032038,0.050678,0.035824,0.15611,0.157858
0.109802,0.105433,0.015436,0.010485,0.024465,0.016019,0.176498,0.160188
0.120578,0.10485,0.037571,0.02796,0.044271,0.03262,0.15378,0.138926
0.131062,0.133393,0.040775,0.031746,0.056794,0.041358,0.153781,0.304939
0.11883,0.108346,0.037862,0.027669,0.054464,0.041066,0.152907,0.141257
0.132519,0.124365,0.050677,0.040192,0.066987,0.048057,0.161061,0.150577
0.137179,0.128442,0.032912,0.023882,0.040484,0.028833,0.171838,0.156693
0.150286,0.125821,0.054173,0.041066,0.062911,0.047183,0.164265,0.141548
0.138635,0.131645,0.052716,0.03961,0.057667,0.043397,0.147956,0.131646
0.136015,0.129315,0.039902,0.03029,0.049804,0.039027,0.172712,0.246107
0.152324,0.131646,0.07922,0.062036,0.078346,0.057377,0.139801,0.126403
0.14213,0.137179,0.040483,0.030873,0.048639,0.038445,0.159897,0.213778
0.14213,0.135141,0.043978,0.033785,0.053008,0.038445,0.164266,0.139801
0.132228,0.12349,0.054755,0.042814,0.061454,0.04893,0.141256,0.115626
0.120578,0.116209,0.039028,0.028834,0.046309,0.033785,0.268242,0.164265
0.132228,0.11883,0.049222,0.039319,0.059124,0.042814,0.159023,0.14912
0.16776,0.150868,0.0466,0.035532,0.052716,0.04194,0.181741,0.166887
0.143586,0.128733,0.0466,0.036698,0.02796,0.01864,0.19572,0.181449
0.141257,0.126112,0.054755,0.042231,0.064367,0.047474,0.139801,0.13048
0.142421,0.127859,0.069317,0.053299,0.066696,0.052717,0.117083,0.11854
0.13281,0.117666,0.046017,0.038445,0.054464,0.040483,0.161936,0.219021
0.130189,0.12582,0.069026,0.041067,0.06058,0.040484,0.17213,0.143004
0.124655,0.120869,0.015437,0.010776,0.022426,0.014563,0.172712,0.149121
0.14213,0.120869,0.055337,0.0466,0.064657,0.049804,0.14446,0.217274
0.140966,0.162226,0.048056,0.038445,0.056502,0.043688,0.181158,0.136306
0.143878,0.132228,0.055629,0.033494,0.045435,0.029999,0.19339,0.168634
0.155819,0.145334,0.037571,0.028834,0.059998,0.034659,0.268533,0.244068
0.161062,0.159606,0.044853,0.034368,0.056502,0.03961,0.20475,0.180284
0.126986,0.117957,0.028252,0.020388,0.02796,0.01864,0.165139,0.162518
0.144752,0.134266,0.033785,0.025921,0.041358,0.030582,0.193099,0.163974
0.131937,0.119121,0.062036,0.037863,0.070191,0.045435,0.162518,0.129316
0.128151,0.121161,0.056502,0.041358,0.061454,0.0466,0.20737,0.187565
0.143004,0.129607,0.049512,0.036697,0.068735,0.040484,0.186691,0.169216
0.140674,0.126111,0.052426,0.040775,0.068735,0.050678,0.175042,0.188439
0.152615,0.139801,0.080676,0.068444,0.08155,0.064367,0.133393,0.136014
0.136596,0.126111,0.03961,0.031164,0.043105,0.03029,0.165722,0.251058
0.138927,0.121451,0.056503,0.052716,0.06757,0.048057,0.166013,0.218439
0.140383,0.127567,0.049513,0.041066,0.078056,0.041649,0.159023,0.251641
0.136888,0.125238,0.05592,0.045144,0.055046,0.039902,0.138053,0.134849
0.149703,0.131063,0.045726,0.035241,0.052134,0.03961,0.136014,0.766573
0.150577,0.13514,0.08388,0.064949,0.059998,0.049221,0.120578,0.109219
0.136597,0.124656,0.027087,0.019222,0.033203,0.0233,0.180575,0.155527
0.138344,0.130772,0.021552,0.016019,0.027669,0.020388,0.264747,0.191643
0.130772,0.12786,0.029999,0.020387,0.035533,0.024465,0.183197,0.159023
0.122907,0.115336,0.0466,0.037571,0.05126,0.039027,0.166304,0.142422
0.120578,0.113006,0.038154,0.029416,0.053881,0.040775,0.149412,0.15611
0.141548,0.1398,0.059998,0.047183,0.068153,0.05359,0.161353,0.145334
0.169799,0.156984,0.091161,0.073104,0.096987,0.069318,0.154655,0.13747
0.161061,0.145626,0.085336,0.070192,0.093492,0.075142,0.151451,0.12116
0.161935,0.149412,0.056211,0.040484,0.056794,0.040193,0.184362,0.243777
0.126985,0.096113,0.033203,0.024174,0.079803,0.050386,0.160771,0.13747
0.111258,0.096113,0.04194,0.03262,0.046892,0.034658,0.15611,0.138344
0.124947,0.110675,0.049221,0.03728,0.056212,0.043397,0.161353,0.157275
0.108346,0.095239,0.013689,0.008737,0.019222,0.012524,0.235331,0.204167
0.121743,0.116501,0.037572,0.026795,0.057085,0.032329,0.183488,0.152324
0.140383,0.121742,0.048057,0.042523,0.055337,0.039027,0.147665,0.458429
0.128441,0.106307,0.045435,0.03029,0.055046,0.065531,0.171838,0.157567
0.118831,0.104267,0.043688,0.031455,0.044853,0.03495,0.148829,0.140674
0.118247,0.100481,0.031746,0.020678,0.03262,0.020679,0.136306,0.472992
0.121452,0.106889,0.042814,0.031455,0.046017,0.030582,0.173586,0.156402
0.12349,0.108054,0.040484,0.028834,0.049222,0.035533,0.172421,0.334939
0.121451,0.107763,0.035824,0.026504,0.043979,0.032329,0.195721,0.153489
0.128733,0.113297,0.04427,0.030581,0.056794,0.040192,0.173877,0.201546
0.121451,0.108637,0.034368,0.026504,0.041357,0.028834,0.205623,0.334356
0.126986,0.109219,0.043979,0.032621,0.057376,0.041358,0.19106,0.177663
0.115918,0.10485,0.019223,0.012815,0.028542,0.027377,0.219312,0.185235
0.104268,0.099317,0.013398,0.008738,0.019514,0.012232,0.228049,0.198924
0.129316,0.116792,0.033493,0.02796,0.033786,0.023009,0.197177,0.195139
0.136015,0.124073,0.047765,0.035241,0.063201,0.044853,0.189604,0.19339
0.127568,0.11417,0.050969,0.03961,0.068735,0.043105,0.176207,0.155528
0.135723,0.115044,0.05126,0.038445,0.061162,0.043397,0.171547,0.155528
0.147664,0.114461,0.136887,0.08854,0.062328,0.045727,0.141548,0.130189
0.123199,0.109219,0.043397,0.033203,0.057959,0.04194,0.18844,0.155237
0.129316,0.132811,0.050969,0.037863,0.058833,0.042523,0.145916,0.205623
0.135723,0.119995,0.042814,0.031455,0.058833,0.040484,0.196886,0.199215
0.14446,0.122908,0.046309,0.034368,0.063202,0.045726,0.203584,0.296494
0.14446,0.129607,0.043979,0.035242,0.055338,0.042232,0.176207,0.191352
0.133684,0.118248,0.053299,0.040484,0.063201,0.045144,0.149994,0.1398
0.110384,0.096404,0.025921,0.016601,0.030872,0.022135,0.210283,0.194555
0.122034,0.111257,0.035533,0.025048,0.044561,0.031164,0.199507,0.163392
0.111841,0.096987,0.04893,0.034367,0.062327,0.033785,0.153781,0.210575
0.1165,0.103976,0.053007,0.039319,0.062036,0.044271,0.171838,0.145625
0.111549,0.121451,0.036698,0.026795,0.046018,0.032912,0.179702,0.150285
0.145043,0.125238,0.063493,0.047473,0.069318,0.048639,0.146208,0.159023
0.147665,0.131062,0.077764,0.059415,0.077473,0.064949,0.851618,0.143295
0.131645,0.112714,0.057086,0.037863,0.070192,0.043688,0.192517,0.165139
0.111258,0.10019,0.050387,0.02796,0.051551,0.033202,0.165721,0.166886
0.147664,0.113588,0.088541,0.047473,0.083589,0.073395,0.142713,0.196886
0.108927,0.093492,0.022135,0.015145,0.029999,0.019514,0.197759,0.195429
0.106889,0.095239,0.019222,0.012233,0.027669,0.017475,0.231544,0.193682
0.12582,0.107471,0.045144,0.032911,0.053008,0.038154,0.183779,0.17213
0.129898,0.119413,0.052425,0.037862,0.057959,0.042231,0.204458,0.179411
0.101937,0.091162,0.020096,0.014854,0.021261,0.011941,0.221933,0.183488
0.127568,0.10951,0.053299,0.039902,0.058541,0.042814,0.15145,0.22135
0.116209,0.114462,0.036115,0.023883,0.040775,0.028834,0.191643,0.164557
0.153781,0.138053,0.027378,0.020679,0.072231,0.052134,0.165721,1.06656
0.139801,0.117956,0.043396,0.031164,0.062911,0.040192,0.191934,0.275523
0.129898,0.117374,0.054756,0.041067,0.053007,0.035824,0.209409,0.210575
0.109511,0.096987,0.037863,0.027669,0.045727,0.032329,0.168343,0.160188
0.14184,0.125238,0.056211,0.043396,0.066114,0.050096,0.156985,0.171256
0.133102,0.12116,0.046308,0.034658,0.053008,0.0466,0.188731,0.168343
0.223972,0.201255,0.095239,0.079803,0.563279,0.078929,0.191934,0.157858
0.180575,0.163392,0.069026,0.05359,0.080676,0.060289,0.184653,0.16281
0.176789,0.147956,0.053881,0.037863,0.056503,0.041649,0.222225,0.22135
0.158149,0.141548,0.048056,0.036115,0.059706,0.043396,0.223681,0.215526
0.14184,0.143004,0.038154,0.028252,0.046018,0.033203,0.198633,0.179702
0.204749,0.184362,0.090579,0.07223,0.096695,0.076599,0.175042,0.159605
0.213196,0.197468,0.099317,0.080386,0.105724,0.085337,0.158441,0.148247
0.247855,0.149412,0.078347,0.056212,0.089123,0.079221,0.180866,0.161062
0.14417,0.129606,0.046891,0.036115,0.062328,0.042814,0.183196,0.166887
0.160188,0.146791,0.069026,0.056503,0.080386,0.063201,0.175625,0.144461
0.161353,0.144752,0.061746,0.046018,0.071939,0.053007,0.195138,0.263291
0.161353,0.135723,0.087084,0.051551,0.062328,0.04427,0.207953,0.169216
0.206206,0.191351,0.101065,0.084754,0.099317,0.075434,0.137179,0.130481
0.114462,0.103103,0.028251,0.02097,0.036697,0.024465,0.239991,0.228632
0.169217,0.156402,0.064075,0.049513,0.075725,0.059415,0.167469,0.166595
0.182615,0.166013,0.075143,0.063201,0.082133,0.067279,0.24232,0.179702
0.136305,0.119413,0.031455,0.022426,0.039901,0.02796,0.232127,0.190478
0.157276,0.142713,0.052426,0.038736,0.055628,0.039319,0.191934,0.168634
0.168926,0.141548,0.046017,0.044562,0.043979,0.033493,0.183779,0.327949
0.11184,0.114171,0.0233,0.015436,0.032329,0.021261,0.196595,0.180867
0.152615,0.144751,0.078347,0.060871,0.056502,0.041649,0.184362,0.172712
0.184071,0.165721,0.073977,0.05825,0.08388,0.056211,0.188148,0.185527
0.111258,0.100482,0.013397,0.007864,0.019805,0.01165,0.309017,0.221933
0.175915,0.161644,0.072813,0.057667,0.085336,0.063784,0.206206,0.20009
0.147955,0.132519,0.048057,0.03728,0.042523,0.029707,0.199216,0.339016
0.126112,0.115044,0.028251,0.019805,0.036406,0.026504,0.198342,0.182905
0.128733,0.135432,0.029416,0.021261,0.036115,0.025339,0.242321,0.237952
0.166304,0.145335,0.060289,0.047183,0.069609,0.053299,0.195721,0.254553
0.199798,0.179411,0.095531,0.071357,0.084462,0.066405,0.1631,0.166304
0.164265,0.136305,0.05825,0.055337,0.083881,0.053008,0.181158,0.176498
0.049221,0.038153,0.024174,0.017184,0.032038,0.021844,0.222516,0.213487
0.119413,0.107181,0.036115,0.02563,0.044271,0.031746,0.168926,0.162227
0.136306,0.129025,0.045144,0.047183,0.054173,0.039028,0.191061,0.173877
0.136014,0.159897,0.041066,0.029999,0.04893,0.034658,0.20009,0.179702
0.148538,0.129607,0.044271,0.032912,0.052134,0.039027,0.240574,0.210283
0.192225,0.161062,0.087375,0.084463,0.099316,0.078055,0.152907,0.134849
0.155819,0.149994,0.047765,0.038445,0.049804,0.042232,0.188731,0.485515
0.164266,0.147664,0.055046,0.042231,0.067279,0.048348,0.192517,0.243195
0.146208,0.132519,0.049221,0.038154,0.06058,0.043979,0.191352,0.163974
0.194555,0.186109,0.077473,0.058541,0.086792,0.069027,0.20504,0.176207
0.190187,0.162227,0.060289,0.046891,0.076599,0.057958,0.198342,0.157276
0.16048,0.148829,0.059998,0.0466,0.061454,0.045144,0.214652,0.190187
0.178536,0.166596,0.072522,0.059124,0.075143,0.056794,0.202419,0.187856
0.179119,0.1631,0.107471,0.097569,0.055629,0.039902,0.23504,0.3329
0.219603,0.198341,0.100481,0.080094,0.109219,0.087667,0.187857,0.211448
0.171256,0.155528,0.05359,0.040483,0.065822,0.0466,0.216691,0.243777
0.176498,0.168343,0.055629,0.041649,0.06524,0.048347,0.213196,0.251058
0.135723,0.132811,0.026504,0.01864,0.035824,0.024173,0.23737,0.235622
0.181449,0.167469,0.072813,0.057959,0.078929,0.06058,0.202128,0.290668
0.185818,0.168925,0.065532,0.049513,0.064949,0.050386,0.18174,0.178245
0.144751,0.131645,0.026795,0.018349,0.035241,0.023009,0.248437,0.229506
0.193682,0.17912,0.050095,0.037281,0.062327,0.045726,0.195138,0.430469
0.159314,0.146499,0.043979,0.032329,0.060289,0.043396,0.227467,0.174168
0.136597,0.122034,0.030582,0.022135,0.033494,0.024465,0.220768,0.19805
0.144752,0.133102,0.034076,0.023009,0.046892,0.025047,0.241447,0.2164
0.183196,0.164265,0.070774,0.055921,0.083007,0.061454,0.240864,0.214361
0.172129,0.156984,0.052425,0.041358,0.056212,0.043688,0.216691,0.189313
0.161935,0.149994,0.067861,0.043687,0.065823,0.044561,0.180284,0.168634
0.157567,0.145625,0.04893,0.036407,0.052425,0.037863,0.199216,0.162809
0.153781,0.141547,0.048348,0.032038,0.052425,0.035242,0.212905,0.175625
0.162227,0.135722,0.046309,0.035533,0.050677,0.036698,0.203584,0.182032
0.147664,0.129898,0.045435,0.034659,0.052717,0.03728,0.210283,0.177663
0.131063,0.116209,0.03029,0.02097,0.039027,0.026795,0.217273,0.197468
0.138053,0.12116,0.055046,0.040484,0.062619,0.0466,0.195429,0.185527
0.133393,0.1165,0.054173,0.041067,0.062036,0.048348,0.187566,0.179119
0.124656,0.127277,0.047765,0.052717,0.049513,0.036407,0.211157,0.202128
0.15378,0.138344,0.057376,0.045144,0.065823,0.051551,0.185235,0.163391
0.137762,0.130189,0.040775,0.031746,0.050678,0.037281,0.258631,0.200089
0.146208,0.13048,0.059415,0.04427,0.0699,0.052425,0.201837,0.249311
0.134849,0.122325,0.031455,0.023009,0.034659,0.023591,0.189604,0.416489
0.134849,0.121161,0.037571,0.027087,0.0466,0.032329,0.25368,0.231544
0.128733,0.118247,0.033202,0.021261,0.031746,0.021552,0.230088,0.213778
0.153489,0.133684,0.077472,0.059124,0.074269,0.055629,0.207662,0.154654
0.134849,0.120578,0.029416,0.020096,0.039901,0.025048,0.213779,0.393189
0.137179,0.109802,0.036115,0.022717,0.044853,0.029708,0.1864,0.207953
0.131063,0.115044,0.035533,0.02563,0.045726,0.030872,0.183197,0.277562
0.141548,0.124364,0.053299,0.042813,0.061745,0.05126,0.592404,0.195721
0.156402,0.126695,0.045143,0.035824,0.066113,0.048056,0.227758,0.19805
0.190769,0.173003,0.095821,0.076017,0.104559,0.082424,0.179993,0.171547
0.162809,0.146208,0.06291,0.047183,0.046018,0.032329,0.193973,0.231544
0.184362,0.168343,0.09757,0.082715,0.103976,0.085628,0.133393,0.122617
0.157858,0.143587,0.057959,0.050095,0.074269,0.053881,0.209409,0.187857
0.159023,0.145334,0.049221,0.04194,0.059998,0.046309,0.212613,0.27931
0.175625,0.15145,0.05126,0.03961,0.055628,0.040775,0.218147,0.233
0.163683,0.146499,0.067861,0.05126,0.077764,0.058542,0.203002,0.175625
0.147082,0.134267,0.060289,0.043105,0.077182,0.047474,0.192517,0.175916
0.147956,0.131354,0.055628,0.04194,0.063202,0.046309,0.195429,0.173004
0.148247,0.134558,0.055046,0.042231,0.063784,0.046891,0.190187,0.196012
0.159315,0.145043,0.059415,0.045726,0.068444,0.052425,0.210283,0.184362
0.161644,0.147081,0.059124,0.045727,0.068153,0.055337,0.206788,0.250185
0.106889,0.093492,0.050095,0.040192,0.059707,0.043396,0.225137,0.212904
0.151159,0.137762,0.053299,0.040775,0.06291,0.047473,0.184362,0.178829
0.146208,0.136014,0.054173,0.042231,0.064367,0.047474,0.197759,0.168635
0.144169,0.13048,0.054755,0.042231,0.06291,0.048056,0.214651,0.188439
0.160479,0.147082,0.063493,0.051552,0.07223,0.065823,0.206788,0.172129
0.154072,0.135431,0.042523,0.031746,0.043979,0.029125,0.266203,0.234166
0.154946,0.147664,0.045144,0.032911,0.04194,0.028834,0.254845,0.221059
0.144752,0.122035,0.053298,0.040193,0.083589,0.05825,0.222516,0.226011
0.142131,0.12582,0.047766,0.036406,0.058833,0.042523,0.240864,0.241155
0.138344,0.123199,0.042814,0.025048,0.046018,0.029999,0.294163,0.252223
0.150286,0.13281,0.042814,0.030873,0.042523,0.029125,0.253389,0.221933
0.144461,0.129024,0.036697,0.026504,0.033786,0.022718,0.238825,0.194847
0.15145,0.131937,0.054464,0.041649,0.062911,0.046309,0.192517,0.17242
0.136888,0.125529,0.034077,0.024465,0.035823,0.023882,0.25834,6.806824
0.16543,0.148538,0.042231,0.033785,0.046601,0.035533,0.317172,0.3329
0.184944,0.159606,0.089705,0.07456,0.096695,0.075725,0.175916,0.170382
0.15611,0.1398,0.054173,0.038154,0.063492,0.045435,0.234166,0.19776
0.151742,0.136014,0.049803,0.037571,0.054464,0.038154,0.217855,0.187274
0.179993,0.129898,0.044562,0.033203,0.057667,0.058541,0.206496,0.172712
0.142422,0.127276,0.048056,0.039902,0.052425,0.036698,0.215235,0.207662
0.153489,0.143296,0.051843,0.038737,0.055047,0.03961,0.271446,0.192517
0.159897,0.142421,0.051551,0.038445,0.060289,0.042814,0.227758,0.207953
0.159606,0.133102,0.045144,0.040192,0.065823,0.050386,0.205623,0.17242
0.13485,0.119413,0.064658,0.048056,0.062328,0.043979,0.174168,0.155819
0.145335,0.126403,0.043688,0.03262,0.048057,0.034368,0.212613,0.185818
0.136888,0.122326,0.045144,0.03495,0.05359,0.038445,0.213196,0.233001
0.155237,0.139801,0.052134,0.039319,0.055921,0.039028,0.227467,0.193099
0.148538,0.131645,0.048931,0.036406,0.057085,0.040775,0.232709,0.222516
0.157858,0.138053,0.046891,0.034367,0.044853,0.030582,0.245816,0.190478
0.13281,0.120287,0.033494,0.023301,0.035242,0.023591,0.223099,0.202711
0.147664,0.13048,0.050387,0.036116,0.052716,0.036406,0.20504,0.193391
0.152324,0.145917,0.044853,0.03495,0.046892,0.043396,0.229506,0.215525
0.149412,0.128733,0.048639,0.03495,0.059416,0.040193,0.217856,0.208536
0.170382,0.146208,0.109219,0.082133,0.075143,0.054755,0.218729,0.227467
0.161062,0.124656,0.073396,0.051843,0.078929,0.061454,0.172712,0.161353
0.124946,0.113297,0.019514,0.011067,0.02563,0.015727,0.247563,0.221351
0.143004,0.130772,0.050095,0.037572,0.059998,0.042813,0.203002,0.200672
0.157858,0.140674,0.059706,0.043687,0.05825,0.038445,0.202419,0.323579
0.146499,0.132519,0.051551,0.036989,0.05359,0.038736,0.233874,0.204167
0.146208,0.131354,0.024465,0.01631,0.038737,0.026213,0.232127,0.39581
0.146499,0.133684,0.059997,0.045435,0.083007,0.046018,0.210283,0.189604
0.130481,0.113588,0.052425,0.038445,0.043979,0.030581,0.195139,0.18145
0.153198,0.134558,0.059998,0.045436,0.064075,0.045727,0.21407,0.20271
0.173003,0.155528,0.055628,0.04194,0.064076,0.04893,0.240282,0.216691
0.168926,0.149703,0.053299,0.039319,0.063202,0.045436,0.247855,0.220476
0.17242,0.154945,0.050386,0.03728,0.059124,0.043396,0.217856,0.184362
0.158732,0.144751,0.052134,0.03961,0.060289,0.04427,0.196012,0.193682
0.156984,0.140383,0.029708,0.020678,0.04893,0.034076,0.284261,0.236204
0.165139,0.143878,0.059997,0.044852,0.070483,0.038737,0.220477,0.213778
0.129898,0.112423,0.060871,0.046309,0.070483,0.052134,0.211157,0.278436
0.177372,0.177663,0.075434,0.048057,0.073686,0.057668,0.21873,0.215817
0.161936,0.148247,0.063784,0.049221,0.097277,0.055338,0.204459,0.186983
0.1631,0.148538,0.066697,0.051552,0.075142,0.056794,0.186692,0.246689
0.157567,0.139218,0.029708,0.022717,0.03262,0.023009,0.251641,0.223972
0.157566,0.145626,0.043105,0.031164,0.047765,0.035242,0.26766,0.267951
0.160188,0.14912,0.059706,0.045144,0.062619,0.045144,0.233583,0.280184
0.175624,0.146791,0.06291,0.043105,0.063493,0.051843,0.210574,0.267077
0.159314,0.142131,0.048348,0.035242,0.057376,0.041067,0.241447,0.22339
0.10019,0.086792,0.039902,0.029708,0.053008,0.039319,0.230962,0.37484
0.172712,0.152033,0.062037,0.048639,0.076599,0.055338,0.225719,0.212031
0.166596,0.145334,0.044271,0.031746,0.047474,0.032911,0.237078,0.227175
0.192517,0.155237,0.076016,0.073103,0.088249,0.066114,0.1931,0.16077
0.178828,0.135432,0.036698,0.027377,0.0466,0.04427,0.283969,0.254845
0.168051,0.147373,0.060289,0.045727,0.071939,0.050678,0.254262,0.220185
0.175916,0.159605,0.06291,0.049803,0.072521,0.054173,0.224554,0.177664
0.180575,0.161353,0.083298,0.065531,0.09553,0.070774,0.221059,0.198633
0.156984,0.145334,0.048348,0.036115,0.058833,0.041066,0.213195,0.212322
0.178828,0.162809,0.076308,0.057667,0.083298,0.062619,0.179119,0.185818
0.145335,0.129606,0.044853,0.031746,0.054755,0.037863,0.214069,0.268242
0.179119,0.161353,0.07456,0.056503,0.075726,0.054755,0.212031,0.260087
0.175333,0.155237,0.05359,0.039901,0.07223,0.050677,0.245524,0.242321
0.174751,0.159605,0.071357,0.047183,0.086211,0.041357,0.332317,0.288048
0.163974,0.14679,0.050386,0.039901,0.06291,0.044561,0.248728,0.209409
0.166887,0.149412,0.058832,0.04427,0.061746,0.047473,0.242612,0.371636
0.179702,0.161936,0.073978,0.054173,0.072813,0.053299,0.282513,0.261543
0.170965,0.154072,0.043396,0.031747,0.054173,0.03728,0.276106,0.24465
0.171256,0.140674,0.074852,0.054172,0.080676,0.071939,0.182323,0.194264
0.222225,0.187565,0.098442,0.088249,0.105724,0.094074,0.166887,0.140383
0.173585,0.173003,0.061454,0.046892,0.069318,0.053881,0.270863,0.214652
0.207371,0.198342,0.074851,0.058832,0.085628,0.066114,0.235622,0.208536
0.184653,0.172712,0.035242,0.025339,0.038736,0.025047,0.333482,0.263291
0.189604,0.163974,0.054755,0.036698,0.05592,0.036698,0.252223,0.262417
0.178828,0.161936,0.0699,0.05126,0.078055,0.057376,0.196885,0.264747
0.201255,0.188731,0.049221,0.02563,0.041941,0.030872,0.326201,0.272028
0.189022,0.170964,0.04194,0.029125,0.050095,0.034659,0.299114,0.256301
0.193973,0.1698,0.066114,0.050095,0.077181,0.055047,0.24232,0.303483
0.159606,0.147082,0.036989,0.027669,0.046018,0.033494,0.229506,0.203876
0.184945,0.184653,0.059997,0.047765,0.06291,0.046892,0.216691,0.228632
0.200671,0.183488,0.067862,0.054464,0.069027,0.05126,0.233001,0.212613
0.187566,0.175042,0.036698,0.027378,0.045726,0.035532,0.268824,0.75667
0.193099,0.168634,0.085045,0.060289,0.097277,0.064949,0.215526,0.190187
0.185818,0.168052,0.074852,0.059706,0.087958,0.06757,0.233583,0.228923
0.19572,0.178828,0.059415,0.057376,0.088831,0.069318,0.221642,0.236205
0.182905,0.17009,0.089123,0.079802,0.092035,0.079803,0.212031,0.170964
0.187857,0.177372,0.094075,0.080385,0.095531,0.086501,0.207662,0.168051
0.199798,0.189021,0.073977,0.071065,0.084172,0.075434,0.186692,0.199215
0.201546,0.194264,0.039901,0.031747,0.050095,0.040192,0.312221,0.292998
0.231253,0.222225,0.066114,0.058832,0.085045,0.069027,0.28397,0.4028
0.227467,0.212322,0.063784,0.054172,0.063493,0.053008,0.340473,0.279601
0.208827,0.195138,0.044562,0.032911,0.03262,0.024174,0.195138,0.920061
0.198633,0.210866,0.080386,0.06757,0.081841,0.066988,0.289212,0.262126
0.244068,0.224263,0.064076,0.057668,0.081842,0.061163,0.28863,0.858025
0.20708,0.200963,0.081841,0.070482,0.104268,0.07456,0.22135,0.200381
0.197177,0.188148,0.033494,0.027378,0.045435,0.032329,0.280183,0.251349
0.252515,0.265038,0.093783,0.070192,0.092327,0.077473,0.246398,0.230088
0.252223,0.231544,0.080094,0.069609,0.092909,0.075434,0.248728,0.224554
0.276106,0.233292,0.113005,0.090288,0.145043,0.096404,0.191643,0.177954
0.223972,0.210283,0.071065,0.066988,0.081842,0.068735,0.297949,0.295037
0.233583,0.227758,0.061162,0.052716,0.067571,0.053882,0.312221,0.266494
0.262709,0.246981,0.094365,0.076308,0.099316,0.086793,0.256592,0.203002
0.224846,0.214361,0.082715,0.071065,0.079221,0.083589,0.326784,0.313386
0.189604,0.205041,0.063493,0.048057,0.061453,0.050677,0.230962,0.228923
0.234166,0.199507,0.056794,0.045436,0.063493,0.048638,0.281348,0.505611
0.232418,0.220477,0.059706,0.047474,0.067862,0.05126,0.293581,0.346879
0.231835,0.223098,0.098734,0.084462,0.105433,0.082424,0.20009,0.187856
0.20737,0.214652,0.038154,0.032911,0.03961,0.029125,0.282514,0.45406
0.233875,0.221059,0.052716,0.043979,0.050095,0.043688,0.256009,0.644247
0.259213,0.250767,0.123781,0.110675,0.110384,0.095239,0.194846,0.188148
0.245816,0.232709,0.067279,0.059124,0.080968,0.069609,0.258922,0.225137
0.221933,0.244068,0.076016,0.070483,0.077473,0.06291,0.264456,0.375714
0.273485,0.254553,0.113005,0.078055,0.098734,0.083297,0.249893,0.21669
0.20708,0.202128,0.025047,0.01631,0.022135,0.013397,0.332026,0.282805
0.203002,0.19106,0.029125,0.022718,0.033203,0.025047,0.290668,0.294746
0.34222,0.291834,0.426974,0.056212,0.069609,0.098443,0.53794,0.436585
0.318629,0.30989,0.094074,0.082133,0.110966,0.102229,0.348627,0.328823
0.283096,0.293581,0.110676,0.105724,0.146791,0.135432,0.352122,0.459594
0.288047,0.232418,0.074851,0.068443,0.079803,0.145334,0.337269,0.272902
0.221351,0.203876,0.076307,0.063202,0.108928,0.058541,0.245816,0.427848
0.257175,0.223098,0.04893,0.04427,0.066114,0.061454,0.263873,0.691429
0.199215,0.186109,0.026213,0.02097,0.020387,0.012815,0.319793,0.470953
0.239409,0.227759,0.085045,0.081551,0.112423,0.087084,0.250767,0.208827
0.414159,0.396975,0.980059,1.104423,0.312512,0.358821,0.291542,0.240864
0.226885,0.219894,0.041067,0.036407,0.050386,0.038445,0.34688,0.318337
0.231835,0.224263,0.106016,0.100481,0.093783,0.087376,0.227758,0.200963
0.249893,0.236205,0.071357,0.062036,0.07456,0.065823,0.282804,0.253388
0.244651,0.235622,0.036989,0.029998,0.043688,0.032621,0.36552,0.318338
0.200672,0.193973,0.032037,0.027669,0.038445,0.031164,0.306978,0.323579
0.195138,0.1864,0.028542,0.02563,0.03495,0.026504,0.369889,0.371345
0.229215,0.219894,0.05359,0.04893,0.057668,0.04893,0.322123,0.324162
0.276397,0.267077,0.099026,0.091744,0.104559,0.098152,0.245525,0.196012
0.210574,0.20708,0.05592,0.051842,0.06524,0.053882,0.319503,0.266495
0.320376,0.299406,0.301445,0.072813,0.07456,0.085919,0.406586,0.334647
0.285134,0.289794,0.073104,0.063784,0.084463,0.06757,0.389694,0.326492
0.313969,0.316589,0.108637,0.100481,0.108345,0.087375,0.422314,0.380082
0.271737,0.263,20.317662,0.085046,0.128733,0.086793,0.397266,0.77298
0.292125,0.268242,0.096404,0.092909,0.127859,0.094948,0.377461,0.389403
0.29562,0.292124,0.103976,0.101938,0.101646,0.09553,0.376587,0.451439
0.278727,0.273485,0.078347,0.089997,0.088249,0.083298,0.345715,0.324162
0.294746,0.282513,0.079221,0.075143,0.084754,0.073978,0.352996,0.559784
0.313386,0.313386,0.106016,0.097569,0.107763,0.094948,0.355326,0.29795
0.275523,0.278435,0.093491,0.106889,0.089123,0.074852,0.389984,0.391733
0.29329,0.281931,0.11184,0.098443,0.123199,0.113588,0.392897,0.307269
0.242612,0.235331,0.038154,0.048348,0.047765,0.033202,0.558037,0.497456
0.243485,0.236204,0.048057,0.045144,0.047183,0.036698,0.345715,0.306978
0.215817,0.208244,0.05825,0.054173,0.065532,0.057377,0.284261,0.40047
0.212322,0.224846,0.090287,0.047183,0.072813,0.033494,0.306396,0.615122
0.245524,0.234457,0.070192,0.067862,0.07689,0.069318,0.25834,0.241738
0.223681,0.225137,0.05126,0.053881,0.058833,0.050677,0.295619,0.281057
0.219312,0.215526,0.068735,0.060289,0.095822,0.087375,0.248728,0.252223
0.209118,0.222516,0.075434,0.088832,0.062619,0.054172,0.236787,0.257757
0.230962,0.227176,0.064657,0.062327,0.074269,0.064658,0.375132,0.331152
0.520174,0.341928,0.175624,0.389693,0.089996,0.163975,0.472991,0.269116
0.239117,0.236495,0.08155,0.078637,0.102229,0.073395,0.259796,0.715894
0.253097,0.251349,0.089996,0.085045,0.09786,0.087666,0.29096,0.263874
0.254262,0.247855,0.055047,0.050969,0.0466,0.037862,0.322706,0.515805
0.222807,0.211157,0.036698,0.030581,0.043105,0.049513,0.348337,0.304066
0.286591,0.270281,0.078638,0.080968,0.100191,0.103977,0.22805,0.565318
0.258922,0.266495,0.096696,0.091162,0.085919,0.075434,0.229215,0.606967
0.258048,0.243195,0.074269,0.069026,0.08155,0.072813,0.258922,0.245233
0.276106,0.277271,0.096404,0.093201,0.112131,0.103685,0.203584,0.200381
0.253388,0.246981,0.057085,0.051552,0.057668,0.047765,0.282514,0.335812
0.24669,0.246107,0.055629,0.050386,0.063202,0.053299,0.33523,0.264747
0.264456,0.26562,0.277562,0.294164,0.104268,0.094656,0.250185,0.233292
0.277854,0.265621,0.07456,0.073686,0.082424,0.113296,0.27931,0.269407
0.246689,0.243486,0.080385,0.073104,0.079221,0.065241,0.221642,0.5426
0.24203,0.236204,0.099899,0.090579,0.105433,0.094365,0.265038,0.20708
0.216108,0.206497,0.020097,0.015436,0.026795,0.018058,0.397849,0.329987
0.261835,0.250185,0.096404,0.090579,0.105724,0.095822,0.249602,0.240282
0.25601,0.247272,0.076308,0.069027,0.075434,0.063493,0.320667,0.275523
0.251641,0.242903,0.065531,0.060872,0.073686,0.062619,0.30494,0.306105
0.238826,0.254844,0.061745,0.057959,0.064075,0.051552,0.325909,0.52163
0.258922,0.241738,0.069027,0.062619,0.192517,0.122325,0.314259,0.30028
0.284553,0.257466,0.094948,0.080386,0.102812,0.083588,0.241738,0.23766
0.240864,0.229797,0.056212,0.048639,0.063201,0.052134,0.302027,0.272028
0.334356,0.329696,0.133393,0.127568,0.144752,0.127277,0.189313,1.270145
0.308435,0.283387,0.063784,0.054173,0.10951,0.088832,0.502407,0.743563
0.23766,0.24669,0.066988,0.063493,0.065823,0.091744,0.299115,0.243485
0.273193,0.275232,0.094074,0.075143,0.096695,0.078055,0.312221,0.280765
0.304649,0.299406,0.12349,0.113005,0.143005,0.103103,0.219894,0.205623
0.265038,0.262417,0.054756,0.047474,0.057668,0.045726,0.307852,0.489593
0.246981,0.23737,0.047765,0.041066,0.063784,0.043688,0.338142,0.397266
0.242612,0.232418,0.051551,0.049513,0.053299,0.04194,0.297658,0.504155
0.242903,0.232418,0.147665,0.139801,0.063784,0.051842,0.46105,0.488719
0.278436,0.266495,0.08388,0.073686,0.08854,0.074269,0.278727,0.273193
0.272611,0.257758,0.079511,0.071065,0.075725,0.066406,0.327657,0.470952
0.267368,0.263291,0.039901,0.03262,0.047183,0.036116,0.349501,0.295328
0.265621,0.261835,0.039319,0.034659,0.046018,0.04194,0.33756,0.322706
0.266204,0.295329,0.039901,0.033202,0.046309,0.036989,0.373383,0.346006
0.286009,0.287173,0.043105,0.037572,0.049804,0.040484,0.366102,0.345132
0.29358,0.285135,0.04194,0.035533,0.051843,0.040775,0.37018,0.339307
0.259796,0.24931,0.066697,0.058541,0.064367,0.058833,0.291251,0.329696
0.267951,0.25834,0.166596,0.123781,0.108928,0.096113,0.250767,0.274359
0.325618,0.308143,0.117083,0.108928,0.133976,0.118248,0.296493,0.280765
0.298241,0.290377,0.087957,0.080385,0.116792,0.103686,0.269989,0.283388
0.252806,0.240282,0.060872,0.053882,0.06291,0.049221,0.343967,0.312512
0.264747,0.280184,0.044561,0.04194,0.052425,0.058833,0.377753,0.331153
0.290959,0.290378,0.238243,0.234748,0.132228,0.115335,0.292415,0.266203
0.296785,0.27727,0.102812,0.094366,0.210866,0.101064,0.260961,0.258339
0.291834,0.342802,0.10951,0.120577,0.166887,0.129315,0.320375,0.251058
0.310765,0.297367,0.263582,0.252223,0.116791,0.102521,0.292416,0.25164
0.288339,0.368723,0.066114,0.057376,0.07456,0.062327,0.320376,0.316299
0.306687,0.299406,0.041358,0.033493,0.048057,0.036406,0.440663,0.40513
0.306687,0.294163,0.072521,0.065823,0.082133,0.070482,0.345715,0.313968
0.295328,0.287465,0.057667,0.050095,0.065532,0.053008,0.378043,0.393771
0.313386,0.30261,0.132811,0.122325,0.133976,0.121743,0.253971,0.232419
0.33057,0.319502,0.138635,0.130772,0.151159,0.137179,0.209118,0.204459
0.35154,0.334065,0.108345,0.101938,0.11883,0.103685,0.321832,0.253679
0.272902,0.264456,0.022426,0.016893,0.031747,0.019805,0.419693,0.408043
0.349792,0.338143,0.115626,0.105433,0.13281,0.110676,0.373966,0.525999
0.355326,0.368141,0.080385,0.072522,0.117083,0.077182,0.412411,0.388237
0.375713,0.363481,0.085919,0.074269,0.122325,0.092618,0.350083,1.307134
0.385325,0.358821,0.111549,0.101938,0.120578,0.107763,0.374548,0.698128
0.38882,0.382704,0.662887,0.572599,0.12116,0.103103,0.457846,0.371636
0.373383,0.369597,0.085919,0.077473,0.10019,0.080385,0.431634,0.696964
0.415033,0.390859,0.140091,0.131355,0.142131,0.125529,0.340472,0.336103
0.348627,0.313386,0.127568,0.099317,0.128151,0.105724,0.316007,0.475904
0.382121,0.378335,0.06757,0.063784,0.103103,0.098734,0.487263,1.030737
0.412703,0.392607,0.356782,0.311347,0.216108,0.178828,0.423479,0.382122
0.381539,0.37717,0.108928,0.100481,0.126403,0.101064,0.367559,0.50066
0.315133,0.296202,0.081259,0.08621,0.095531,0.080968,0.308434,0.53794
0.32125,0.313968,0.13514,0.131936,0.113879,0.096404,0.30261,0.287173
0.300571,0.277562,0.084463,0.076017,0.096695,0.07922,0.315425,0.498039
0.38183,0.366394,0.096113,0.085628,0.108928,0.081842,0.385033,0.625024
0.429886,0.386782,0.092327,0.084463,0.085337,0.070774,0.404547,0.392315
0.374549,0.366103,0.136597,0.121742,0.14213,0.126694,0.349501,0.31426
0.368141,0.344841,0.078347,0.067571,0.096113,0.074851,0.401926,0.452312
0.382995,0.366102,0.089705,0.079802,0.108345,0.090871,0.511436,0.452896
0.383286,0.333191,0.079511,0.064075,0.138344,0.080385,0.368433,0.342803
0.335813,0.333191,0.076599,0.068443,0.085627,0.071939,0.370471,0.373092
0.39814,0.377753,0.11883,0.111258,0.13951,0.120869,0.305522,0.284843
0.336104,0.306979,0.09553,0.089414,0.107471,0.092618,0.299406,0.308435
0.304066,0.29562,0.073396,0.067279,0.084754,0.071065,0.348045,0.324745
0.399305,0.394063,0.113006,0.105724,0.126112,0.109511,0.279892,3.548019
0.353578,0.334939,0.105433,0.095239,0.11184,0.092326,0.354453,0.357947
0.348045,0.338433,0.065822,0.058542,0.077181,0.063202,0.382121,0.318628
0.339889,0.326492,0.056503,0.050677,0.072812,0.059124,0.372219,0.63085
0.346006,0.330861,0.083589,0.075142,0.091744,0.078347,0.359112,0.773562
0.352705,0.318628,0.103103,0.086501,0.094948,0.092327,0.360568,0.365228
0.343385,0.361151,0.127277,0.136596,0.112714,0.09786,0.357365,0.341346
0.359403,0.347463,0.073396,0.066405,0.082424,0.07223,0.425517,0.333482
0.354161,0.315133,0.092327,0.077764,0.10019,0.080094,0.296203,0.325327
0.336104,0.3562,0.073978,0.069609,0.082133,0.069027,0.340764,0.347463
0.402217,0.39581,0.136015,0.126112,0.146499,0.129316,0.273193,0.253097
0.355617,0.347754,0.110966,0.087958,0.099899,0.077182,0.283387,0.512019
0.378334,0.405713,0.058833,0.051551,0.081842,0.067279,0.447653,0.477069
0.40513,0.365811,0.611335,0.612792,0.133102,0.114462,0.294163,0.292707
0.366977,0.351248,0.073977,0.066406,0.084754,0.071356,0.396975,3.079395
0.340181,0.327075,0.124073,0.113005,0.119995,0.105433,0.292707,0.268242
0.385907,0.368432,0.107181,0.107181,0.087667,0.080967,0.440372,0.457847
0.408917,0.405421,0.134849,0.126986,0.14446,0.133685,0.296202,0.253389
0.350084,0.356491,0.062619,0.054755,0.058833,0.045727,0.390858,0.624733
0.393188,0.384159,0.0999,0.091453,0.103686,0.087084,0.360277,0.848705
0.438041,0.410081,0.191351,0.164265,0.182323,0.152906,0.466292,0.803852
0.394936,0.382121,0.099608,0.092035,0.112131,0.095531,0.407751,0.385034
0.35853,0.325328,0.226011,0.166013,0.173003,0.164557,0.251641,0.237952
0.358821,0.373092,0.134849,0.102229,0.214652,0.091161,0.355909,0.599977
0.467458,0.45406,0.196886,0.183488,0.209118,0.190187,0.258631,0.241447
0.385034,0.37018,0.082424,0.075725,0.091744,0.077472,0.427265,0.35154
0.45639,0.431925,0.297658,0.247854,0.168925,0.138635,0.355617,0.336686
0.395228,0.38183,0.147373,0.131937,0.13514,0.113588,0.290377,1.015301
0.382704,0.365229,0.080967,0.0699,0.09087,0.080385,0.39581,0.35154
0.36319,0.352414,0.037571,0.030582,0.049222,0.035824,0.68211,0.827444
0.455808,0.436002,0.804143,0.763368,0.169508,0.147082,0.353869,0.412993
0.404548,0.390568,0.099025,0.086501,0.106307,0.09786,0.353287,0.336394
0.438333,0.461341,0.153198,0.139509,0.156402,0.135723,0.301154,0.352997
0.468913,0.452604,0.186692,0.171255,0.20038,0.179702,0.330278,0.281348
0.418528,0.41911,0.139509,0.099899,0.242612,0.113588,0.339598,1.066852
0.48202,0.517844,0.218147,0.202419,0.228632,0.205623,0.262126,0.243486
0.541436,0.484933,0.780552,0.704536,0.246398,0.221059,0.304066,0.411828
0.379208,0.39814,0.064949,0.068735,0.066114,0.050386,0.428139,0.45406
0.447653,0.442119,0.175625,0.16077,0.173294,0.153489,0.332026,0.326492
0.451148,0.429304,0.14213,0.127276,0.166013,0.142422,0.32358,0.361734
0.467457,0.451439,0.162809,0.148247,0.17708,0.159897,0.336977,0.341637
0.41445,0.396683,0.147955,0.117374,0.151451,0.121451,0.325327,0.301736
0.449109,0.466583,0.163683,0.157567,0.17475,0.160188,0.328531,0.3096
0.427265,0.415323,0.065532,0.054755,0.071648,0.053299,0.484059,0.576094
0.487554,0.510854,0.257174,0.2397,0.159897,0.141257,0.367559,0.36785
0.433382,0.43309,1.787116,1.62052,0.176789,0.144169,0.338433,0.27931
0.446197,0.431343,0.135723,0.138344,0.148247,0.127276,0.409499,0.353287
0.401344,0.38649,0.26533,0.230962,0.114461,0.088831,0.33057,0.47503
0.486681,0.469205,0.149994,0.134849,0.183488,0.166595,0.33756,0.420275
0.462215,0.410664,0.139217,0.117374,0.150867,0.12116,0.363482,0.313968
0.401926,0.43076,0.068735,0.059706,0.058542,0.046018,0.504738,0.528038
0.494835,0.479981,0.195721,0.180867,0.185527,0.162809,0.369598,0.329987
0.40746,0.394644,0.049512,0.040775,0.05825,0.046017,0.532989,0.51668
0.494836,0.479691,0.131936,0.117665,0.141257,0.11883,0.423188,0.578424
0.484351,0.469497,0.160771,0.150577,0.145335,0.128442,0.406004,0.374549
0.480273,0.460759,0.156984,0.141548,0.151742,0.129024,0.357656,0.343094
0.496292,0.445614,0.08388,0.06757,0.138635,0.071647,0.567939,0.495709
0.515806,0.489593,0.111258,0.107471,0.121451,0.112714,0.431051,0.425809
0.453477,0.435711,0.089997,0.077764,0.101937,0.083298,0.428721,0.404839
0.46571,0.491923,0.166887,0.169799,0.172129,0.153781,0.338433,0.316298
0.506485,0.492505,0.187274,0.171547,0.198342,0.175042,0.357365,0.315716
0.499204,0.507068,0.333482,0.149412,0.126986,0.113005,0.450565,0.389111
0.543765,0.519883,0.229797,0.212613,0.204167,0.180284,0.301153,0.348336
0.452022,0.441245,0.199215,0.184944,0.12815,0.108054,0.484059,0.596191
0.513184,0.499204,0.144169,0.131646,0.157275,0.13514,0.399305,0.520757
0.449109,0.437459,0.171255,0.162809,0.184944,0.166886,0.322415,0.304357
0.496291,0.478816,0.117374,0.104559,0.129607,0.110676,0.421441,0.39348
0.555124,0.496,0.204458,0.169799,0.186692,0.152906,0.37251,0.341929
0.533863,0.505029,0.130189,0.125529,0.139801,0.130772,0.445613,0.376296
0.502407,0.451147,0.096404,0.096695,0.119122,0.098443,0.472117,0.45406
0.494253,0.497457,0.095821,0.091161,0.106016,0.108928,0.497165,0.510272
0.508524,0.490466,0.108345,0.095531,0.112714,0.091744,0.416488,0.536193
0.469205,0.493379,0.147082,0.133685,0.156402,0.137762,0.456973,0.509398
0.645703,0.578133,0.256883,0.242612,0.26766,0.246398,0.284261,0.239117
0.489592,0.488428,0.071065,0.059706,0.082133,0.065822,0.57726,0.490175
0.584249,0.562114,0.256592,0.23533,0.275523,0.247855,0.258631,0.250767
0.515805,0.527747,0.160771,0.145335,0.160188,0.137762,0.39581,0.393479
0.533572,0.51231,0.184071,0.162809,0.197759,0.175915,0.436293,0.369597
0.486389,0.469205,0.185527,0.173586,0.199507,0.177372,25.973171,0.394353
0.675702,0.675119,0.228341,0.231253,0.231835,0.220768,0.596773,0.442701
0.639878,0.600851,0.187857,0.15145,0.176207,0.136305,0.503572,2.818144
0.536484,0.517844,0.176498,0.166886,0.206497,0.175915,0.468622,0.392606
0.495127,0.476196,0.282804,0.254845,0.105433,0.085628,0.447652,0.528329
0.477069,0.455225,0.089122,0.078929,0.098443,0.081259,0.518427,1.241603
0.594151,0.576676,0.211448,0.196012,0.224845,0.20242,0.336394,0.315716
0.462506,0.448818,0.136306,0.125529,0.126112,0.115044,0.413868,0.501243
0.560076,0.536775,0.145625,0.131645,0.158732,0.137179,0.418236,1.062192
0.461342,0.450565,0.1631,0.150285,0.145043,0.122034,0.3562,0.787251
0.554542,0.544056,0.106307,0.092909,0.118247,0.098151,0.592695,1.130636
0.55658,0.534446,0.189604,0.173876,0.201837,0.181741,0.390568,0.43076
0.58687,0.567648,0.20941,0.198051,0.203293,0.179993,0.415615,0.522213
0.62648,0.562988,0.772107,0.749971,0.230088,0.213778,0.36319,0.334356
0.742399,0.677158,2.773582,2.890083,0.195429,0.191352,0.38649,0.323289
0.574055,0.590365,0.167178,0.159606,0.18407,0.158441,0.438041,0.38416
0.618617,0.595317,0.252223,0.235039,0.254554,0.227759,0.404256,0.344841
0.491923,0.480855,0.101356,0.089123,0.112714,0.094074,0.563862,0.727254
0.605802,0.583959,0.119412,0.106598,0.129898,0.110967,0.427847,1.883519
0.552503,0.536776,0.094948,0.09087,0.163392,0.11417,0.509689,0.476487
0.579881,0.525708,0.238243,0.205623,0.244068,0.20242,0.300571,0.277562
0.538523,0.532989,0.105433,0.100481,0.099608,0.08854,0.403674,1.054328
0.559784,0.522796,0.166886,0.136305,0.163683,0.133684,0.545222,0.430177
0.609879,0.567065,0.159023,0.134267,0.132811,0.120287,0.472117,0.904043
0.542018,0.521048,0.133684,0.125238,0.139218,0.105432,0.440954,0.539979
0.656189,0.611627,0.173585,0.159314,0.176207,0.156693,0.548716,0.597647
0.569396,0.553667,0.125529,0.112714,0.137762,0.119413,0.468331,0.528038
0.569687,0.562697,0.083297,0.08155,0.096112,0.085919,0.627354,0.664344
0.693177,0.704244,0.261252,0.160188,0.420857,0.171838,0.821036,2.846395
0.500661,0.447944,0.228341,0.217855,0.23737,0.210865,0.318338,0.325036
0.569978,0.576677,0.156984,0.156984,0.159314,0.148247,0.396975,0.367559
0.603472,0.555707,0.125529,0.114461,0.298241,0.272902,0.408916,4.473031
0.53561,0.516097,0.168926,0.154363,0.186109,0.164557,0.406295,0.645703
0.664634,0.646286,0.1398,0.124946,0.155819,0.131354,0.602016,0.806765
0.699002,0.701914,0.341929,0.239699,0.315425,0.170964,0.447943,1.782455
0.577842,0.567356,0.142421,0.128151,0.127859,0.10718,0.48901,2.125841
0.654732,0.601433,0.22834,0.194555,0.246981,0.203002,0.355617,0.623859
0.609005,0.589783,0.177372,0.159896,0.179702,0.156984,0.485224,0.663178
0.60784,0.584541,0.167761,0.154071,0.175333,0.154363,0.458429,0.536776
0.76133,0.739777,0.192226,0.152324,0.196303,0.161935,0.641335,0.567939
0.769485,0.755505,0.351249,0.325035,0.195429,0.172129,0.690265,0.596773
0.817541,0.792785,0.314842,0.295619,0.315424,0.287756,0.43309,0.399596
0.802105,0.777057,0.255718,0.243486,0.256884,0.230671,0.531532,0.443866
0.609588,0.558911,0.163683,0.138344,0.234749,0.198051,0.446778,4.099647
0.580755,0.564153,0.115335,0.102229,0.090288,0.0699,0.350375,2.436313
0.615996,0.560658,0.080677,0.064075,0.080677,0.069026,0.722884,0.692595
0.705119,0.708904,0.238534,0.221059,0.25601,0.23067,0.492796,0.401926
0.634636,0.648907,0.221059,0.20504,0.235331,0.212905,0.477652,0.429886
0.644538,0.622403,0.186401,0.167178,0.192517,0.168052,0.472409,0.563861
0.699293,0.634636,2.238263,2.103123,0.28659,0.182906,0.674537,1.268106
0.6658,0.631723,0.170381,0.155528,0.23271,0.129607,0.458138,1.038018
0.663469,0.658227,0.207662,0.193682,0.231545,0.197177,0.437168,0.562114
0.592113,0.59153,0.085627,0.074269,0.104559,0.087375,0.626772,0.70308
0.696672,0.682984,0.198633,0.184653,0.209992,0.184071,0.445614,0.530077
0.622112,0.650946,0.253679,0.258631,0.277853,0.273485,0.473573,0.463671
0.580172,0.581337,0.025048,0.01631,0.036406,0.021844,0.664635,0.608714
0.743272,0.735117,0.236787,0.218438,0.199215,0.195429,0.559202,0.705118
0.787251,0.835016,0.29795,0.348044,0.329113,0.298532,0.43775,0.327948
0.715895,0.703079,0.243194,0.245234,0.213778,0.309018,0.528329,0.593278
0.629393,0.623277,0.117083,0.111258,0.136015,0.117956,0.565027,0.75201
0.671916,0.660266,0.193682,0.183488,0.154654,0.136597,0.415324,2.297095
0.676867,0.667255,0.205623,0.194556,0.166013,0.148247,0.388237,2.138072
0.834433,0.82191,0.135141,0.136597,0.165722,0.139509,0.660849,0.777349
0.666382,0.681818,0.140966,0.130481,0.151742,0.137762,0.634635,0.581336
0.785795,0.764825,0.179119,0.16747,0.156402,0.137471,0.482603,0.532698
0.644247,0.650363,0.138344,0.140383,0.158441,0.156402,0.505903,1.064814
0.776475,0.730166,4.574677,4.714769,0.554541,0.489884,0.505029,0.432217
0.706283,0.692595,0.140383,0.140091,0.178537,0.124072,0.578715,1.509554
0.538232,0.569686,0.229506,0.206788,0.229797,0.216982,0.34222,0.291833
0.785504,0.779678,0.174751,0.158732,0.179702,0.161644,0.544056,0.698711
0.782883,0.786668,0.235622,0.244651,0.260087,0.25368,0.523378,0.443284
0.712982,0.685896,0.181449,0.159606,0.150285,0.123491,0.595316,0.764242
0.764825,0.758709,0.288338,0.276688,0.207371,0.186692,0.589201,0.508524
0.779387,0.788125,0.142131,0.144752,0.140674,0.135723,0.570269,3.0526
0.765116,0.755505,0.27232,0.246981,0.239408,0.242029,0.530077,0.639295
0.669877,0.665217,0.140091,0.13281,0.145917,0.138344,0.456681,4.129064
0.773853,0.767446,0.20504,0.211157,0.196303,0.191935,0.651819,0.557163
0.802688,0.723176,0.080385,0.078638,0.085045,0.087375,0.887442,0.869966
0.263582,0.247855,0.090871,0.082132,0.101938,0.088832,0.934624,0.832977
0.93812,0.925595,0.14184,0.122907,0.277853,0.17242,0.840259,2.271466
0.962293,0.911324,0.362899,0.345132,0.357365,0.340763,0.417945,1.710517
0.899674,0.83123,0.31426,0.306978,0.330861,0.315133,0.376296,0.355909
0.823075,0.804435,0.270281,0.283388,0.282222,0.279892,0.441828,0.888898
0.893558,0.792785,0.364937,0.238243,0.401634,0.220477,0.596773,0.71473
0.808803,0.798901,0.3562,0.31426,0.368433,0.325328,0.366393,0.333191
0.907829,0.834725,0.357365,0.352413,0.358529,0.346588,0.36086,0.419693
0.802978,0.802396,0.184362,0.191643,0.200963,0.195138,0.58192,0.794241
0.726671,0.77298,0.142713,0.136596,0.158149,0.148246,0.741234,0.62619
0.721138,0.649198,0.252223,0.253389,0.260378,0.246981,0.358821,0.315425
0.800648,0.809677,0.152033,0.158441,0.154072,0.150868,0.884529,0.713856
0.779387,0.785503,0.234457,0.214652,0.251932,0.233874,0.621238,0.585123
0.854821,0.777349,0.259214,0.229215,0.272611,0.265038,0.452021,0.551046
0.807347,0.791911,0.194265,0.18145,0.1931,0.188439,0.586579,0.77298
0.808221,0.832978,0.144752,0.137762,0.157276,0.139509,0.508524,7.68582
0.782009,0.801522,0.224554,0.216108,0.251932,0.235331,0.642499,0.620947
0.787251,0.838512,0.911324,0.991709,1.419265,1.353152,0.5726,1.039184
0.914236,0.993748,0.162518,0.175333,0.180576,0.19077,0.412411,49.925643
0.713565,0.691139,0.144169,0.112714,0.10223,0.070483,0.458429,3.05027
0.838511,0.900256,0.369015,0.357365,0.313095,0.263582,0.587745,0.51231
1.005398,0.963166,0.346297,0.314551,0.349793,0.317463,0.564153,0.490176
0.961128,0.932294,0.198051,0.185818,0.28397,0.253389,0.498039,5.687548
1.206943,1.167042,0.445323,0.431634,0.434837,0.469205,0.46804,0.518718
1.111122,0.988797,0.337269,0.328239,0.517552,0.527747,0.896179,8.458217
1.025495,1.145489,0.255718,0.265038,0.271446,0.273194,0.683566,0.638131
1.007728,0.965496,0.216691,0.203294,0.223389,0.203002,0.632888,0.588909
0.940158,0.928799,0.263582,0.244651,0.236496,0.237952,0.535027,0.879578
0.836472,0.880743,0.166595,0.168925,0.170382,0.164556,0.63114,1.916723
0.828027,0.894431,0.151742,0.15378,0.202128,0.187857,0.569395,20.058739
0.94773,0.93608,0.191935,0.185818,0.203293,0.180285,0.842297,0.636383
0.794824,0.856569,0.211739,0.219895,0.21873,0.22339,0.505029,3.278029
1.065396,0.969283,0.306105,0.28892,0.310765,0.285717,0.585997,0.713565
0.9055,0.911615,0.266204,0.278436,0.272029,0.277853,0.66813,0.530368
0.969574,0.992874,0.095239,0.110384,0.115917,0.235039,0.937537,0.835307
1.24335,1.104132,2.365249,2.452333,0.452313,0.444449,0.461341,0.430178
1.068599,0.954429,0.641043,0.596482,0.599686,0.299405,0.945983,4.323036
1.029864,1.037727,0.20475,0.208244,0.221641,0.232419,0.748515,0.611918
1.047338,1.121316,0.213196,0.232127,0.221642,0.228341,0.870841,0.727836
1.076754,1.181313,0.262126,0.239991,0.307561,0.262999,0.709779,1.126267
0.95472,1.01501,0.625315,0.22135,0.292415,0.247564,0.648324,1.183935
1.047629,1.190051,0.415324,0.392897,0.393189,0.37717,0.527164,0.578424
1.094229,12.795525,0.226885,0.216691,0.282805,0.257466,0.84288,2.942216
1.120151,1.068309,0.178246,0.149994,0.154654,0.122908,1.077337,1.288785
1.297814,1.022,0.561823,0.458138,0.559493,0.475613,0.39348,0.338724
1.025786,1.655762,0.198051,0.188731,0.216108,0.192516,1.152189,0.970448
1.191216,0.867928,0.343094,0.342511,0.554833,0.309599,0.542891,0.514349
1.023456,1.008602,0.311348,0.29562,0.252223,0.222807,0.463089,0.735991
1.026077,1.038892,0.22601,0.241447,0.246107,0.234748,0.706575,0.790164
0.904916,0.985884,0.371636,0.394353,0.376879,0.389985,0.514058,0.451439
0.941614,1.011223,0.420275,0.38416,0.439206,0.388237,0.436002,0.562115
1.015883,0.924721,0.312803,0.237079,0.21873,0.212904,0.530076,14.261099
1.142578,1.221798,0.414159,0.430178,0.459011,0.456973,0.583375,0.512311
1.103841,1.175197,0.329988,0.315716,0.373674,0.328822,0.685896,0.569104
1.294611,1.123063,0.266786,0.23271,0.300571,0.253097,0.872005,0.74269
1.459459,1.323153,0.240282,0.19805,0.236787,0.21436,1.121607,14.488566
0.912198,0.987632,0.153781,0.143878,0.184362,0.111258,0.645412,1.708478
1.043844,1.118404,0.406586,0.448526,0.42377,0.402217,0.569687,0.653275
1.061027,1.108501,0.237369,0.203002,0.249602,0.208536,0.794241,0.699002
1.110831,0.954138,0.177954,0.151741,0.163392,0.13485,0.516387,14.81535
1.097433,1.11753,0.633179,0.695798,0.219021,0.214361,0.775018,3.338317
1.642364,1.555571,0.318337,0.290086,0.50532,0.343094,0.662596,43.539676
1.096851,1.086948,9.389637,7.606016,1.229079,1.255291,0.794823,0.636092
1.162091,1.114908,0.218438,0.207371,0.207954,0.19077,0.699585,6.757603
1.18976,1.153936,0.210866,0.199798,0.201545,0.179993,0.890063,0.779388
1.942934,1.839541,1.761486,1.474312,4.157024,3.123957,0.76832,1.418975
1.070056,1.016466,0.187857,0.175625,0.198633,0.173003,0.733078,19.239451
0.98035,1.027242,2.676596,0.37251,3.798785,0.292125,0.77531,13.495401
1.030445,1.05724,0.252224,0.260669,0.247855,0.241738,0.665508,8.182403
1.303348,1.184809,0.484059,0.45872,0.48668,0.465419,0.491632,0.668712
1.219468,1.151314,4.171878,3.889073,0.436003,0.415324,0.696963,0.988506
1.031611,1.029281,0.369598,0.35853,0.368724,0.357947,0.678614,0.715894
1.225293,1.221798,0.092909,0.077764,0.103394,0.08825,1.177819,1.246262
1.543921,1.437615,4.609045,4.246147,1.127141,0.911907,0.745894,0.574056
1.154227,1.137044,0.305814,0.294746,0.224554,0.216399,0.627646,10.594834
1.187139,1.228788,0.273484,0.27028,0.304648,0.265038,0.629102,9.023244
1.266359,1.033067,0.817833,0.857151,0.925304,0.613374,0.803852,11.398686
1.31325,1.121025,0.380665,0.373674,0.530368,0.328531,0.619199,9.628754
1.095395,1.166168,0.271737,0.282514,0.297076,0.297658,0.726671,4.071104
1.236069,1.199953,0.222516,0.22601,0.286299,0.27232,0.769484,11.529748
1.130053,1.11054,0.256883,0.236205,0.255718,0.224264,0.793367,4.997282
1.05957,1.106753,0.076016,0.066405,0.087666,0.073687,0.824532,0.990836
0.989961,1.00831,0.080094,0.055629,0.08592,0.061162,0.891227,1.054328
1.174032,1.085201,0.213778,0.190187,0.224554,0.194556,0.990835,0.915984
1.121607,1.058115,0.033202,0.024173,0.045143,0.03029,1.367132,1.207526
1.199954,1.103258,0.445322,0.40513,0.454351,0.419692,0.590365,0.532407
1.270145,1.173159,0.402217,0.362899,0.406004,0.377752,0.687352,0.799484
1.244515,1.128015,0.403673,0.31193,0.353287,0.311347,0.756087,1.905655
1.021416,1.051998,0.435128,0.388529,0.405421,0.355327,0.744437,0.719681
1.074715,1.005398,0.399305,0.207953,0.291542,0.248437,0.88482,6.343736
1.0852,1.144033,0.930837,0.844627,0.395518,0.343967,0.898509,4.913111
1.15481,1.112287,0.385033,0.342219,0.282222,0.234165,0.675994,5.401539
1.311211,1.190924,0.371927,0.364063,0.37251,0.373675,0.71473,0.762203
1.100055,1.178983,1.275097,0.387655,1.444313,0.342511,0.836182,16.620232
1.150441,1.218885,0.422023,0.378917,0.439498,0.38882,0.906664,0.729584
1.335676,1.435285,0.38882,0.369014,0.41212,0.366977,0.778513,0.695798
1.166169,1.221798,0.309017,0.267951,0.296493,0.252515,0.848705,0.842006
1.233739,1.414605,0.452604,0.481438,0.460759,0.403092,0.477651,3.375015
1.235195,1.21539,0.080094,0.069318,0.098151,0.077764,0.79162,0.983845
1.169372,1.142578,0.066696,0.062037,0.082132,0.071356,0.929672,0.99637
1.42946,1.360433,0.518136,0.522795,0.502699,0.52396,0.615705,0.547843
1.286164,1.228205,0.356199,0.344841,0.358238,0.324162,0.792202,1.265777
1.308591,1.237525,0.240282,0.226593,0.247563,0.225429,0.884238,1.520912
1.254418,1.139665,0.225428,0.195138,0.229215,0.214652,0.964914,0.88948
1.356938,1.221798,0.168343,0.136014,0.167178,0.13747,0.546387,16.883231
1.35519,1.238108,0.348336,0.325618,0.365229,0.336978,0.832686,1.26898
1.531979,1.466448,0.334939,0.300571,0.360277,0.306396,0.890645,0.749388
1.277718,1.252961,0.267369,0.236496,0.30261,0.257757,0.744146,2.705721
1.304804,1.404703,0.347462,0.366394,0.380374,0.350666,0.783756,1.764107
1.473147,1.422469,0.392023,0.418528,0.417363,0.421731,0.749679,0.858899
1.355773,1.347618,0.112423,0.10019,0.128151,0.107472,1.204614,1.106753
1.481884,1.36422,0.472118,0.441828,0.479981,0.460468,0.777349,0.686187
1.347035,1.23869,0.226011,0.217273,0.224555,0.203875,0.950352,1.273348
1.530232,1.577123,0.554541,0.495417,0.573473,0.510562,0.614248,0.544347
1.467613,1.435866,0.556871,0.546386,11.994876,0.594734,0.67774,0.568231
1.428877,1.41082,0.160771,0.151742,0.189313,0.164266,0.934915,2.58689
1.486254,1.444022,0.128733,0.129607,0.148829,0.138636,1.280048,1.161217
1.382276,1.452177,0.554542,0.583667,0.544639,0.544348,0.550464,0.802105
1.730031,1.563726,0.657644,0.659684,0.633762,0.655606,0.543766,0.69842
1.460332,1.365384,0.583958,0.518717,0.608714,0.537941,0.597064,0.582501
1.933615,1.959828,0.376879,0.335521,0.239699,0.1698,4.153529,7.386705
1.452469,1.471108,0.45406,0.401926,0.460759,0.397266,0.829774,0.775018
1.505185,1.614695,0.489302,0.510563,0.536775,0.50532,0.825405,0.729292
1.484215,1.427421,0.534155,0.567356,0.57027,0.601142,0.63551,0.556581
1.838085,1.694789,0.625899,0.570561,0.577259,0.530076,0.678905,0.760456
1.538387,1.570716,0.481147,0.43775,0.472117,0.411829,0.89414,0.815211
1.585279,1.656344,0.502116,0.525708,0.548425,0.532407,0.692012,0.979477
1.643237,1.612074,0.616287,0.593278,0.63114,0.593278,0.771524,0.876083
1.601588,1.59256,0.359404,0.340472,0.352123,0.334356,1.14782,1.004816
1.592559,1.534892,0.47736,0.458137,0.440372,0.419692,0.860938,0.811425
1.710807,1.658382,0.683275,0.681819,0.677159,0.644829,0.610171,0.744437
1.680517,1.624597,0.11417,0.101355,0.14912,0.126112,1.384607,1.910606
1.430916,1.510136,0.903751,0.915692,0.598229,0.521631,0.770942,0.861521
1.651393,1.589356,1.734108,1.686925,0.345133,0.350667,1.095394,0.999864
1.607996,1.724788,0.413868,0.415033,0.440662,0.418236,0.944235,1.066852
1.909732,1.719836,0.561241,0.551629,0.53765,0.557163,0.789289,0.713564
1.860802,1.932158,0.766572,0.759,0.756961,0.668129,0.66813,0.564736
2.058853,1.997981,1.999438,1.176653,0.583084,0.567939,1.702653,2.82193
1.872744,1.886723,0.602307,0.53328,0.601142,0.530659,1.302183,0.952391
1.688672,1.61819,0.477652,0.510854,0.487554,0.493087,0.558619,7.866977
1.617316,1.676441,0.530076,0.466875,0.516679,0.457264,0.585705,2.01866
1.854394,1.806047,0.340181,0.341055,0.390568,0.396975,1.194129,1.125102
1.83226,1.738767,0.295329,0.259796,0.333483,0.281931,1.327812,1.321988
1.868957,1.842453,0.697837,0.734243,0.726089,0.755213,0.803852,0.656771
2.361171,2.321852,0.718807,0.589201,0.749971,0.611336,1.053163,1.065396
2.360879,2.264767,0.632597,0.575803,0.681527,0.671042,1.130636,1.121899
2.027688,1.966234,0.649489,0.673372,0.685896,0.688808,1.265777,0.83589
1.881189,1.927498,0.507359,0.451148,0.48202,0.411537,1.054911,0.931712
2.234186,2.153218,0.74735,0.705118,1.08287,1.11549,0.632889,491.519066
1.824396,1.722167,0.579298,0.554833,0.581337,0.512019,0.77764,14.157705
1.963031,2.00701,0.74036,0.807057,0.697837,0.766281,0.701332,0.636383
2.024485,2.005844,0.402217,0.431925,0.356199,0.373966,1.16646,1.065104
1.863423,1.883228,0.45639,0.461341,0.467166,0.471244,1.095103,0.932877
3.529087,3.648791,1.757408,1.829056,1.071221,0.990253,0.536484,2131.432494
2.860958,2.802998,0.092618,0.043687,0.082424,0.063784,2.316319,2.059144
2.099337,2.100502,0.260087,0.266494,0.294455,0.298532,1.326939,1.283252
1.870995,1.93478,0.602307,0.629393,0.485224,0.508524,0.608424,6.736051
3.795291,3.800824,1.23636,0.734243,0.772397,0.77764,1.46441,1871.002072
2.081861,2.136908,0.876665,0.949769,0.911033,0.980059,0.506194,1.111122
2.224574,2.196323,0.722011,0.759291,0.706575,0.767737,0.779388,0.720555
2.443303,2.453206,0.895596,0.930255,0.733952,0.76366,0.67541,0.700458
2.396121,2.483496,0.613666,0.64949,1.287329,0.992874,1.272766,1.624889
2.486117,2.943964,0.819289,1.035688,0.904334,0.953265,0.911906,0.843171
2.97571,2.948041,0.985011,1.079958,0.972196,1.074133,1.012388,0.883364
2.473303,2.625336,0.826861,0.889771,0.76832,0.695216,0.83123,3.797329
2.737759,2.911635,1.372666,1.064814,1.272766,0.992001,0.866472,0.791037
2.75436,2.535921,0.547552,0.504738,0.460176,0.434546,1.480137,9.494488
3.846551,3.652869,1.184809,1.234904,1.191798,1.216555,1.315289,2.308455
3.924897,4.289251,1.069474,1.016174,1.181313,1.047629,1.049668,0.968701
3.015903,3.216866,1.22005,1.321696,1.106171,1.141995,0.594734,3.214828
3.240749,3.511321,0.905207,0.921809,0.921227,0.900839,1.193546,1.081706
2.787562,2.799795,0.74036,0.763951,0.499495,0.501243,0.659974,145.703496
14.09363,3.197061,1.499651,1.064522,1.374996,1.061027,1.488001,1.236651
2.990273,2.985904,0.944236,1.019087,0.972196,1.111704,0.942779,0.89647
3.006875,2.89649,0.583085,0.559202,0.557745,0.610753,1.091026,0.902295
3.951983,3.841599,0.84055,0.878121,0.784338,0.851618,1.802552,1.64615
3.61821,3.499962,1.109666,1.204614,1.068017,1.122481,1.301309,2.136908
3.671508,3.532582,1.165877,1.184226,1.314706,1.19209,1.266068,1.992156
