<!-- This model was created online using SPLOT's Feature Model Editor (http://www.splot-research.org) on Mon, Sep 16, 2013 - 2:45 PM  -->
<feature_model name="MobileMedia_Bruno">
<meta>
<data name="description">Mobile Media - Reuso</data>
<data name="creator">Bruno Cardoso</data>
<data name="address"></data>
<data name="email">brunosac@dcc.ufmg.br</data>
<data name="phone"></data>
<data name="website"></data>
<data name="organization">UFMG</data>
<data name="department"></data>
<data name="date"></data>
<data name="reference"></data>
</meta>
<feature_tree>
:r Mobile Media(_r)
	:m Media Selection(_r_1)
		:m Photo(_r_1_20)
		:o Music(_r_1_17)
		:o Video(_r_1_18)
	:m Screen Size(_r_2)
		:g (_r_2_7) [1,1] 
			: Screen1(_r_2_7_8)
	:m Media Management(_r_12)
		:m Favourites(_r_12_13)
			:m Set Favourites(_r_12_13_18)
			:m View Favourites(_r_12_13_19)
		:o Copy Media(_r_12_14)
		:o SMS Transfer(_r_12_15)
			:o Receive Photo(_r_12_15_16)
			:o Send Photo(_r_12_15_17)
</feature_tree>
<constraints>
constraint_1:_r_12_14 or ~_r_12_15
constraint_2:_r_2_7_8 or ~_r_1_20
</constraints>
</feature_model>
