<!-- This model was created online using SPLOT's Feature Model Editor (http://www.splot-research.org) on Fri, Jan 13, 2012 - 2:18 PM  -->
<feature_model name="Letovanje">
<meta>
<data name="description">Test</data>
<data name="creator">Ilke</data>
<data name="address"></data>
<data name="email">ilke_bg@yahoo.com</data>
<data name="phone"></data>
<data name="website"></data>
<data name="organization">Student</data>
<data name="department"></data>
<data name="date"></data>
<data name="reference"></data>
</meta>
<feature_tree>
:r Letovanje(_r)
	:m Smestaj(_r_5)
		:g (_r_5_6) [1,1] 
			: Privatni(_r_5_6_7)
				:g (_r_5_6_7_19) [1,1] 
					: Apartman(_r_5_6_7_19_20)
					: Sobe(_r_5_6_7_19_21)
						:g (_r_5_6_7_19_21_22) [1,1] 
							: Jednokrevetna(_r_5_6_7_19_21_22_23)
							: Dvokrevetna(_r_5_6_7_19_21_22_26)
							: Trokrevetna(_r_5_6_7_19_21_22_27)
			: Hotel(_r_5_6_10)
				:m Rang(_r_5_6_10_13)
					:g (_r_5_6_10_13_14) [1,1] 
						: 5 zvezdica(_r_5_6_10_13_14_16)
						: 4 zvezdice(_r_5_6_10_13_14_17)
						: 3 zvezdice(_r_5_6_10_13_14_18)
	:o Pogled(_r_28)
		:g (_r_28_29) [1,1] 
			: More(_r_28_29_30)
			: Nije bitno(_r_28_29_32)
	:m Placanje(_r_35)
		:g (_r_35_36) [1,1] 
			: Rate(_r_35_36_37)
				:g (_r_35_36_37_48) [1,1] 
					: 3(_r_35_36_37_48_49)
					: 6(_r_35_36_37_48_50)
			: Gotovina(_r_35_36_38)
			: Kartica(_r_35_36_39)
				:g (_r_35_36_39_40) [1,1] 
					: Master(_r_35_36_39_40_41)
					: Maestro(_r_35_36_39_40_42)
					: Visa(_r_35_36_39_40_43)
						:g (_r_35_36_39_40_43_45) [1,1] 
							: Elektron(_r_35_36_39_40_43_45_46)
							: Gold(_r_35_36_39_40_43_45_47)
	:o Dodatni program(_r_52)
		:g (_r_52_53) [1,*] 
			: Vodic(_r_52_53_54)
			: Sportska takmicenja(_r_52_53_56)
				:g (_r_52_53_56_57) [1,*] 
					: Kosarka(_r_52_53_56_57_58)
					: Fudbal(_r_52_53_56_57_59)
					: Tenis(_r_52_53_56_57_60)
					: Odbojka(_r_52_53_56_57_61)
	:o Hrana(_r_62)
		:g (_r_62_63) [1,1] 
			: Svi obroci(_r_62_63_64)
			: Dorucak i vecera(_r_62_63_65)
			: Hrana nije obezbedjena(_r_62_63_75)
	:m Prevoz(_r_70)
		:g (_r_70_71) [1,1] 
			: Autobus(_r_70_71_73)
			: Minibus(_r_70_71_74)
			: Avion(_r_70_71_76)
			: Privatni prevoz(_r_70_71_77)
</feature_tree>
<constraints>
constraint_1:~_r_5_6_10_13_14_16 or ~_r_35_36_37
constraint_2:~_r_5_6_10_13_14_16 or _r_62_63_64
</constraints>
</feature_model>
