<!-- This model was created online using SPLOT's Feature Model Editor (http://www.splot-research.org) on Mon, Jun 7, 2010 - 6:45 PM  -->
<feature_model name="Stacja Pogodowa">
<meta>
<data name="description">opis stacji pogodowej</data>
<data name="creator">K.M</data>
<data name="address"></data>
<data name="email">myszthepunisher@gmail.com</data>
<data name="phone"></data>
<data name="website"></data>
<data name="organization">student</data>
<data name="department"></data>
<data name="date"></data>
<data name="reference"></data>
</meta>
<feature_tree>
:r Stacja pogodowa(_r)
	:m Pomiary(_r_1)
		:g (_r_1_2) [1,*] 
			: Temperatura(_r_1_2_3)
			: Wiatr(_r_1_2_4)
			: Cisnienie(_r_1_2_5)
	:m Zrodla danych(_r_6)
		:g (_r_6_26) [1,1] 
			: Internet(_r_6_26_27)
			: Sensory(_r_6_26_28)
	:m Format wyjsciowy(_r_10)
		:m Jezyk(_r_10_11)
			:g (_r_10_11_12) [1,1] 
				: Polski(_r_10_11_12_13)
				: Angielski(_r_10_11_12_14)
		:g (_r_10_15) [1,1] 
			: Plik(_r_10_15_16)
			: Tekst(_r_10_15_17)
			: Serwer(_r_10_15_22)
				:g (_r_10_15_22_23) [1,1] 
					: HTML(_r_10_15_22_23_24)
					: XML(_r_10_15_22_23_25)
	:o Alarm(_r_18)
		:g (_r_18_19) [1,*] 
			: Sztorm(_r_18_19_20)
			: Zamarzniecie(_r_18_19_21)
</feature_tree>
<constraints>
</constraints>
</feature_model>
