<!-- This model was created online using SPLOT's Feature Model Editor (http://www.splot-research.org) on Thu, Dec 1, 2011 - 9:14 AM  -->
<feature_model name="E-science application">
<meta>
<data name="description">E-science application</data>
<data name="creator">Bartosz Wilk</data>
<data name="address"></data>
<data name="email">bwilk.pl@gmail.com</data>
<data name="phone"></data>
<data name="website"></data>
<data name="organization">AGH University of Science And Technology</data>
<data name="department"></data>
<data name="date"></data>
<data name="reference"></data>
</meta>
<feature_tree>
:r Application(_r)
	:m Operating system(_r_1)
		:g (_r_1_6) [1,1] 
			: Windows(_r_1_6_7)
				:g (_r_1_6_7_9) [1,1] 
					: Windows 2003 Server(_r_1_6_7_9_10)
					: Windows 2008 Server(_r_1_6_7_9_11)
					: Windows 2000(_r_1_6_7_9_12)
					: Windows XP(_r_1_6_7_9_14)
					: Windows 7(_r_1_6_7_9_16)
			: Unix(_r_1_6_8)
				:g (_r_1_6_8_17) [1,1] 
					: Solaris 10 OS(_r_1_6_8_17_18)
					: AIX 5_2(_r_1_6_8_17_19)
					: HP-UX 11(_r_1_6_8_17_20)
					: Mac OS X(_r_1_6_8_17_21)
					: BSD_OS 5_1(_r_1_6_8_17_23)
	:o General(_r_2)
		:o Application servers(_r_2_24)
			:g (_r_2_24_29) [1,*] 
				: WebSphere(_r_2_24_29_32)
					:g (_r_2_24_29_32_58) [1,1] 
						: WebSphere 5(_r_2_24_29_32_58_59)
						: WebSphere 6(_r_2_24_29_32_58_60)
						: WebSphere 7(_r_2_24_29_32_58_61)
				: TomCat(_r_2_24_29_33)
					:g (_r_2_24_29_33_53) [1,1] 
						: TomCat 5(_r_2_24_29_33_53_54)
						: TomCat 6(_r_2_24_29_33_53_56)
						: TomCat 7(_r_2_24_29_33_53_57)
				: GlassFish(_r_2_24_29_34)
					:g (_r_2_24_29_34_62) [1,1] 
						: GlassFish 1(_r_2_24_29_34_62_63)
						: GlassFish 2(_r_2_24_29_34_62_64)
						: GlassFish 3(_r_2_24_29_34_62_65)
		:o Compilers and exec envs(_r_2_25)
			:g (_r_2_25_35) [1,*] 
				: Java(_r_2_25_35_36)
					:g (_r_2_25_35_36_38) [1,1] 
						: JRE 4(_r_2_25_35_36_38_39)
						: JRE 5(_r_2_25_35_36_38_40)
						: JRE 6(_r_2_25_35_36_38_41)
				: Python(_r_2_25_35_37)
					:g (_r_2_25_35_37_42) [1,1] 
						: Python 2(_r_2_25_35_37_42_43)
						: Python 3(_r_2_25_35_37_42_44)
				: Ruby(_r_2_25_35_49)
					:g (_r_2_25_35_49_50) [1,1] 
						: Ruby 1_8(_r_2_25_35_49_50_51)
						: Ruby 1_9(_r_2_25_35_49_50_52)
				: C(_r_2_25_35_73)
					:g (_r_2_25_35_73_87) [1,*] 
						: GCC(_r_2_25_35_73_87_88)
						: MPICH(_r_2_25_35_73_87_89)
				: Icon(_r_2_25_35_74)
				: Fortran(_r_2_25_35_75)
		:o Libraries(_r_2_26)
		:o Tools(_r_2_27)
			:g (_r_2_27_66) [1,*] 
				: IDE tools(_r_2_27_66_67)
					:g (_r_2_27_66_67_78) [1,*] 
						: Eclipse(_r_2_27_66_67_78_79)
							:g (_r_2_27_66_67_78_79_90) [1,1] 
								: Helios(_r_2_27_66_67_78_79_90_91)
								: Ganymede(_r_2_27_66_67_78_79_90_92)
								: Galileo(_r_2_27_66_67_78_79_90_93)
						: NetBeans(_r_2_27_66_67_78_80)
							:g (_r_2_27_66_67_78_80_94) [1,1] 
								: NetBeans 7(_r_2_27_66_67_78_80_94_95)
								: NetBeans 6(_r_2_27_66_67_78_80_94_96)
								: NetBeans 5(_r_2_27_66_67_78_80_94_97)
						: Code Blocks(_r_2_27_66_67_78_81)
						: Dev C(_r_2_27_66_67_78_82)
						: Visual Studio(_r_2_27_66_67_78_83)
				: Other tools(_r_2_27_66_98)
		:o Other(_r_2_28)
	:o User applications(_r_3)
</feature_tree>
<constraints>
</constraints>
</feature_model>
