<!-- This model was created online using SPLOT's Feature Model Editor (http://www.splot-research.org) on Wed, Nov 24, 2010 - 1:05 PM  -->
<feature_model name="Test">
<meta>
<data name="description">Test</data>
<data name="creator">mahdi</data>
<data name="address"></data>
<data name="email">m.noorian@unb.ca</data>
<data name="phone"></data>
<data name="website"></data>
<data name="organization">unb</data>
<data name="department"></data>
<data name="date"></data>
<data name="reference"></data>
</meta>
<feature_tree>
:r Test(_r)
	:m X(_r_1)
		:g (_r_1_5) [1,1] 
			: A(_r_1_5_6)
			: B(_r_1_5_7)
			: C(_r_1_5_8)
		:g (_r_1_9) [1,1] 
			: E(_r_1_9_10)
			: F(_r_1_9_11)
	:m Y(_r_2)
		:m G(_r_2_12)
		:m H(_r_2_13)
	:o Z(_r_4)
		:g (_r_4_14) [1,*] 
			: I(_r_4_14_15)
			: J(_r_4_14_16)
			: K(_r_4_14_17)
			: L(_r_4_14_18)
</feature_tree>
<constraints>
constraint_1:~_r_1_9_11 or _r_2_12
constraint_2:~_r_1_9_11 or ~_r_4_14_15
constraint_3:~_r_1_9_11 or _r_4_14_17
</constraints>
</feature_model>
