<!-- This model was created online using SPLOT's Feature Model Editor (http://www.splot-research.org) on Sat, May 29, 2010 - 12:54 PM  -->
<feature_model name="JCalc_LPS">
<meta>
<data name="description">Feature Model of JCalc</data>
<data name="creator">Walker</data>
<data name="address"></data>
<data name="email">walkerataide@gmail.com</data>
<data name="phone"></data>
<data name="website"></data>
<data name="organization">UFAL</data>
<data name="department"></data>
<data name="date"></data>
<data name="reference"></data>
</meta>
<feature_tree>
:r JCalc(_r)
	:m LANG(_r_2)
		:g (_r_2_3) [1,1] 
			: PT_BR(_r_2_3_4)
			: EN(_r_2_3_5)
	:m MENU(_r_6)
		:m FILE(_r_6_7)
		:m HELP(_r_6_8)
		:o EDIT(_r_6_9)
		:o SAVE(_r_6_10)
	:o LOOKANDFEEL(_r_11)
		:g (_r_11_12) [1,1] 
			: Metal(_r_11_12_13)
			: System(_r_11_12_14)
			: Motif(_r_11_12_15)
			: GTK(_r_11_12_16)
			: Windows(_r_11_12_17)
	:o ANALYZER(_r_19)
	:o PERFORMANCE(_r_20)
	:m DEVICE(_r_18)
		:g (_r_18_19) [1,1] 
			: Z6(_r_18_19_20)
			: Milestone(_r_18_19_23)
			: PC(_r_18_19_24)
	:o COMMA(_r_25)
</feature_tree>
<constraints>
</constraints>
</feature_model>
