<!-- This model was created online using SPLOT's Feature Model Editor (http://www.splot-research.org) on Tue, Nov 12, 2013 - 8:27 PM  -->
<feature_model name="EventosGarcia">
<meta>
<data name="description">EventosGarcia</data>
<data name="creator">Jair Garcia</data>
<data name="address"></data>
<data name="email">j.garcia100@uniandes.edu.co</data>
<data name="phone"></data>
<data name="website"></data>
<data name="organization">Uniandes</data>
<data name="department"></data>
<data name="date"></data>
<data name="reference"></data>
</meta>
<feature_tree>
:r Control de eventos(_r)
	:m Reservas(_r_1)
		:g (_r_1_2) [1,*] 
			: Reserva call center - operario(_r_1_2_3)
			: Reserva web(_r_1_2_4)
			: Reserva app movil(_r_1_2_5)
	:m Interaccion social(_r_6)
		:g (_r_6_7) [1,*] 
			: Comentarios(_r_6_7_8)
			: Compartir(_r_6_7_9)
			: Likes(_r_6_7_10)
	:m Multimedia(_r_11)
		:g (_r_11_12) [1,*] 
			: Ver videos(_r_11_12_13)
			: Oir audio(_r_11_12_14)
			: Ver fotos y posters(_r_11_12_15)
			: Streaming (_r_11_12_16)
	:o Auditoria(_r_17)
		:m Auditoria de los llamados a la capa de servicios(_r_17_36)
		:m Visualizar auditoria(_r_17_37)
		:o Reporte(_r_17_38)
	:m Autenticacion(_r_18)
		:g (_r_18_19) [1,*] 
			: Facebook(_r_18_19_20)
			: Twitter(_r_18_19_22)
			: Google(_r_18_19_23)
			: Yahoo(_r_18_19_24)
			: Outlook(_r_18_19_25)
	:o Georreferenciacion(_r_26)
		:g (_r_26_32) [1,*] 
			: mapa de eventos(_r_26_32_33)
			: Como llegar(_r_26_32_34)
			: Mapa recinto app movil(_r_26_32_35)
	:o Reportes(_r_39)
		:g (_r_39_40) [1,1] 
			: Reporte a pdf(_r_39_40_41)
			: Reporte a excel(_r_39_40_42)
</feature_tree>
<constraints>
</constraints>
</feature_model>
