<!-- This model was created online using SPLOT's Feature Model Editor (http://www.splot-research.org) on Mon, Sep 16, 2013 - 2:44 PM  -->
<feature_model name="MobileMedia_LeonardoVasconcelos">
<meta>
<data name="description">Reuso Software Atividade Prática</data>
<data name="creator">Leonardo Vasconcelos</data>
<data name="address"></data>
<data name="email">ldvasconcelos@dcc.ufmg.br</data>
<data name="phone"></data>
<data name="website"></data>
<data name="organization">DCC</data>
<data name="department"></data>
<data name="date"></data>
<data name="reference"></data>
</meta>
<feature_tree>
:r Mobile Media(_r)
	:m Media Selection(_r_1)
		:m Photo(_r_1_2)
		:o Music(_r_1_3)
		:o Video(_r_1_5)
	:m Media Management(_r_6)
		:o Favourites(_r_6_11)
			:m Set Favourites(_r_6_11_16)
			:m View Favourites(_r_6_11_17)
		:o Copy Media(_r_6_12)
		:o SMS Transfer(_r_6_13)
			:o Receive Photo(_r_6_13_14)
			:o Send Photo(_r_6_13_15)
	:m Screen Size(_r_7)
		:g (_r_7_8) [1,1] 
			: Screen1(_r_7_8_9)
</feature_tree>
<constraints>
constraint_1:_r_6_12 or ~_r_6_13
constraint_2:~_r_1_2 or _r_7_8_9
</constraints>
</feature_model>
