<!-- This model was created online using SPLOT's Feature Model Editor (http://www.splot-research.org) on Thu, Nov 28, 2013 - 10:34 AM  -->
<feature_model name="Software-Product">
<meta>
<data name="description">Software-Product-Derivation</data>
<data name="creator">Jaime Romero</data>
<data name="address"></data>
<data name="email">ja.romero940@uniandes.edu.co</data>
<data name="phone"></data>
<data name="website"></data>
<data name="organization">Uniandes</data>
<data name="department"></data>
<data name="date"></data>
<data name="reference"></data>
</meta>
<feature_tree>
:r Software-Product(_r)
	:m Event(_r_5)
		:o Audit(_r_5_9)
		:o Sum Participants(_r_5_20)
	:m PortafolioEvent(_r_6)
		:o Audit(_r_6_12)
	:m Participant(_r_7)
		:o Audit(_r_7_14)
		:o Report(_r_7_19)
	:m User(_r_8)
		:o Audit(_r_8_15)
		:o Change Password(_r_8_18)
	:m Audit(_r_16)
	:m ConfirmationInfo(_r_21)
		:o Audit(_r_21_22)
</feature_tree>
<constraints>
</constraints>
</feature_model>
