<!-- This model was created online using SPLOT's Feature Model Editor (http://www.splot-research.org) on Sat, Nov 20, 2010 - 8:47 AM  -->
<feature_model name="Monitor Engine">
<meta>
<data name="description">Its a feature model of Monitor Engine, represents common and variable features </data>
<data name="creator">Sarwat</data>
<data name="address"></data>
<data name="email">hereissarwat@hotmail.com</data>
<data name="phone"></data>
<data name="website"></data>
<data name="organization">KIET</data>
<data name="department"></data>
<data name="date"></data>
<data name="reference"></data>
</meta>
<feature_tree>
:r Monitor Engine(_r)
	:m Monitor Engine performance(_r_2)
		:m Monitor temperatures(_r_2_6)
			:o coolant(_r_2_6_9)
			:m oil(_r_2_6_10)
			:m engine(_r_2_6_11)
			:m transmission(_r_2_6_12)
		:m Monitor RPM(_r_2_7)
		:m Monitor exhaust levels and temperature(_r_2_8)
	:m Monitor Fuel Consumption(_r_3)
		:m Measures(_r_3_4)
			:g (_r_3_4_13) [1,1] 
				: 1 per km(_r_3_4_13_14)
			:g (_r_3_4_15) [1,1] 
				: gallon per mile(_r_3_4_15_16)
		:m Methods(_r_3_5)
			:g (_r_3_5_17) [1,1] 
				: Based on distance(_r_3_5_17_18)
			:g (_r_3_5_19) [1,1] 
				: Based on type of driving(_r_3_5_19_20)
			:g (_r_3_5_21) [1,1] 
				: Based on driving(_r_3_5_21_22)
		:o temperature(_r_3_24)
			:g (_r_3_24_25) [1,*] 
				: F1(_r_3_24_25_26)
			:g (_r_3_24_28) [1,*] 
				: F2(_r_3_24_28_29)
</feature_tree>
<constraints>
</constraints>
</feature_model>
