<!-- This model was created online using SPLOT's Feature Model Editor (http://www.splot-research.org) on Wed, Mar 28, 2012 - 10:07 AM  -->
<feature_model name="Web Game">
<meta>
<data name="description">Web Game Development</data>
<data name="creator">Gustavo Gomes</data>
<data name="address"></data>
<data name="email">gtg@ufmg.br</data>
<data name="phone"></data>
<data name="website"></data>
<data name="organization">UFMG</data>
<data name="department">DCC</data>
<data name="date"></data>
<data name="reference"></data>
</meta>
<feature_tree>
:r Web Game(_r)
	:m Input(_r_1)
		:g (_r_1_3) [1,*] 
			: Keypad(_r_1_3_4)
			: Touch Screen(_r_1_3_5)
	:m Output(_r_6)
		:m Screen HTML(_r_6_8)
	:m Network Support(_r_14)
		:m Online Multiplayer(_r_14_15)
	:o Internationalization(_r_16)
		:m Language support(_r_16_17)
	:o Pay and Bill Support(_r_18)
		:g (_r_18_19) [1,*] 
			: Pay pal(_r_18_19_20)
			: Pag seguro(_r_18_19_21)
	:o Community(_r_22)
		:o Forum(_r_22_32)
		:o Facebook(_r_22_33)
</feature_tree>
<constraints>
constraint_12:~_r_22 or _r_22_32 or _r_22_33
constraint_14:~_r_16 or _r_22
</constraints>
</feature_model>
