<!-- This model was created online using SPLOT's Feature Model Editor (http://www.splot-research.org) on Mon, Mar 10, 2014 - 8:36 AM  -->
<feature_model name="BattleofTanks">
<meta>
<data name="description">BattleofTanks</data>
<data name="creator">Lucas Garcia</data>
<data name="address"></data>
<data name="email">lucas.sg@globo.com</data>
<data name="phone"></data>
<data name="website"></data>
<data name="organization">UFMG</data>
<data name="department"></data>
<data name="date"></data>
<data name="reference"></data>
</meta>
<feature_tree>
:r TankWar(_r)
	:m Tank_Player1(_r_1)
		:g (_r_1_15) [1,1] 
			: Feature-16(_r_1_15_16)
			: Feature-17(_r_1_15_17)
			: Feature-18(_r_1_15_18)
			: Feature-19(_r_1_15_19)
			: Feature-20(_r_1_15_20)
			: Feature-21(_r_1_15_21)
	:m Tank_Player2(_r_2)
		:g (_r_2_22) [1,1] 
			: Feature-23(_r_2_22_23)
			: Feature-24(_r_2_22_24)
			: Feature-25(_r_2_22_25)
			: Feature-26(_r_2_22_26)
			: Feature-27(_r_2_22_27)
			: Feature-28(_r_2_22_28)
	:m mov(_r_3)
		:g (_r_3_29) [1,1] 
			: Feature-30(_r_3_29_30)
			: Feature-31(_r_3_29_31)
			: Feature-32(_r_3_29_32)
			: Feature-33(_r_3_29_33)
			: Feature-34(_r_3_29_34)
	:o tar(_r_4)
	:o Hinderniss_Set(_r_5)
	:m Power_Ups(_r_6)
		:g (_r_6_35) [1,*] 
			: Feature-36(_r_6_35_36)
			: Feature-37(_r_6_35_37)
			: Feature-38(_r_6_35_38)
			: Feature-39(_r_6_35_39)
			: Feature-40(_r_6_35_40)
			: Feature-41(_r_6_35_41)
			: Feature-42(_r_6_35_42)
			: Feature-43(_r_6_35_43)
			: Feature-44(_r_6_35_44)
			: Feature-45(_r_6_35_45)
			: Feature-46(_r_6_35_46)
			: Feature-47(_r_6_35_47)
			: Feature-48(_r_6_35_48)
			: Feature-49(_r_6_35_49)
			: Feature-50(_r_6_35_50)
			: Feature-51(_r_6_35_51)
			: Feature-52(_r_6_35_52)
			: Feature-53(_r_6_35_53)
			: Feature-54(_r_6_35_54)
			: Feature-55(_r_6_35_55)
			: Feature-56(_r_6_35_56)
			: Feature-57(_r_6_35_57)
	:o Activate_Power_Up(_r_7)
		:o Feature-58(_r_7_58)
		:o Feature-59(_r_7_59)
		:o Feature-60(_r_7_60)
		:o Feature-61(_r_7_61)
		:o Feature-62(_r_7_62)
		:o Feature-63(_r_7_63)
		:o Feature-64(_r_7_64)
		:o Feature-65(_r_7_65)
	:m Background(_r_8)
		:g (_r_8_66) [1,1] 
			: Feature-67(_r_8_66_67)
			: Feature-68(_r_8_66_68)
			: Feature-69(_r_8_66_69)
			: Feature-70(_r_8_66_70)
			: Feature-71(_r_8_66_71)
			: Feature-72(_r_8_66_72)
			: Feature-73(_r_8_66_73)
			: Feature-74(_r_8_66_74)
			: Feature-75(_r_8_66_75)
			: Feature-76(_r_8_66_76)
			: Feature-77(_r_8_66_77)
			: Feature-78(_r_8_66_78)
			: Feature-79(_r_8_66_79)
	:m rocketStyle(_r_9)
		:g (_r_9_80) [1,1] 
			: Feature-81(_r_9_80_81)
			: Feature-82(_r_9_80_82)
			: Feature-83(_r_9_80_83)
			: Feature-84(_r_9_80_84)
			: Feature-85(_r_9_80_85)
	:m Sounds(_r_10)
		:o Player1_Sound_Rotation(_r_10_11)
			:g (_r_10_11_86) [1,1] 
				: Feature-87(_r_10_11_86_87)
				: Feature-88(_r_10_11_86_88)
				: Feature-89(_r_10_11_86_89)
				: Feature-90(_r_10_11_86_90)
				: Feature-91(_r_10_11_86_91)
				: Feature-92(_r_10_11_86_92)
				: Feature-93(_r_10_11_86_93)
				: Feature-94(_r_10_11_86_94)
				: Feature-95(_r_10_11_86_95)
				: Feature-96(_r_10_11_86_96)
				: Feature-97(_r_10_11_86_97)
				: Feature-98(_r_10_11_86_98)
				: Feature-99(_r_10_11_86_99)
				: Feature-100(_r_10_11_86_100)
				: Feature-101(_r_10_11_86_101)
				: Feature-102(_r_10_11_86_102)
		:o Player1_Sound_Movement(_r_10_12)
			:g (_r_10_12_103) [1,1] 
				: Feature-104(_r_10_12_103_104)
				: Feature-105(_r_10_12_103_105)
				: Feature-106(_r_10_12_103_106)
				: Feature-107(_r_10_12_103_107)
				: Feature-108(_r_10_12_103_108)
				: Feature-109(_r_10_12_103_109)
				: Feature-110(_r_10_12_103_110)
				: Feature-111(_r_10_12_103_111)
				: Feature-112(_r_10_12_103_112)
				: Feature-113(_r_10_12_103_113)
				: Feature-114(_r_10_12_103_114)
				: Feature-115(_r_10_12_103_115)
				: Feature-116(_r_10_12_103_116)
				: Feature-117(_r_10_12_103_117)
				: Feature-118(_r_10_12_103_118)
				: Feature-119(_r_10_12_103_119)
		:o Player2_Sound_Rotation(_r_10_13)
			:g (_r_10_13_120) [1,1] 
				: Feature-121(_r_10_13_120_121)
				: Feature-122(_r_10_13_120_122)
				: Feature-123(_r_10_13_120_123)
				: Feature-124(_r_10_13_120_124)
				: Feature-125(_r_10_13_120_125)
				: Feature-126(_r_10_13_120_126)
				: Feature-127(_r_10_13_120_127)
				: Feature-128(_r_10_13_120_128)
				: Feature-129(_r_10_13_120_129)
				: Feature-130(_r_10_13_120_130)
				: Feature-131(_r_10_13_120_131)
				: Feature-132(_r_10_13_120_132)
				: Feature-133(_r_10_13_120_133)
				: Feature-134(_r_10_13_120_134)
				: Feature-135(_r_10_13_120_135)
				: Feature-136(_r_10_13_120_136)
		:o Player2_Sound_Movement(_r_10_14)
			:g (_r_10_14_137) [1,1] 
				: Feature-138(_r_10_14_137_138)
				: Feature-139(_r_10_14_137_139)
				: Feature-140(_r_10_14_137_140)
				: Feature-141(_r_10_14_137_141)
				: Feature-142(_r_10_14_137_142)
				: Feature-143(_r_10_14_137_143)
				: Feature-144(_r_10_14_137_144)
				: Feature-145(_r_10_14_137_145)
				: Feature-146(_r_10_14_137_146)
				: Feature-147(_r_10_14_137_147)
				: Feature-148(_r_10_14_137_148)
				: Feature-149(_r_10_14_137_149)
				: Feature-150(_r_10_14_137_150)
				: Feature-151(_r_10_14_137_151)
				: Feature-152(_r_10_14_137_152)
				: Feature-153(_r_10_14_137_153)
</feature_tree>
<constraints>
</constraints>
</feature_model>
