<!-- This model was created online using SPLOT's Feature Model Editor (http://www.splot-research.org) on Fri, Apr 28, 2017 - 10:23 PM  -->
<feature_model name="Mobile-Phone">
<meta>
<data name="description">Telefono Movil LPS</data>
<data name="creator">ISA_RDA</data>
<data name="address"></data>
<data name="email">alu0100543537@ull.es</data>
<data name="phone"></data>
<data name="website"></data>
<data name="organization">University</data>
<data name="department"></data>
<data name="date"></data>
<data name="reference"></data>
</meta>
<feature_tree>
:r Mobile Phone(_r)
	:m calls(_r_1)
	:o GPS(_r_2)
	:m screen(_r_3)
		:g (_r_3_5) [1,1] 
			: basic(_r_3_5_6)
			: colour(_r_3_5_7)
			: high-resolution(_r_3_5_8)
	:o media(_r_4)
		:g (_r_4_9) [1,*] 
			: camera(_r_4_9_10)
			: mp3(_r_4_9_11)
</feature_tree>
<constraints>
constraint_1:~_r_2 or ~_r_3_5_6
constraint_2:_r_3_5_8 or ~_r_4_9_10
</constraints>
</feature_model>
