<!-- This model was created online using SPLOT's Feature Model Editor (http://www.splot-research.org) on Wed, Aug 22, 2012 - 1:25 PM  -->
<feature_model name="stcam">
<meta>
<data name="description">cam</data>
<data name="creator">ek</data>
<data name="address"></data>
<data name="email">a@a.com</data>
<data name="phone"></data>
<data name="website"></data>
<data name="organization">a</data>
<data name="department"></data>
<data name="date"></data>
<data name="reference"></data>
</meta>
<feature_tree>
:r stcam(_r)
	:o Flasher(_r_6)
		:g (_r_6_7) [1,1] 
			: Wired(_r_6_7_8)
			: Wireless(_r_6_7_9)
	:m Trigger(_r_10)
		:g (_r_10_11) [1,1] 
			: Radar(_r_10_11_12)
			: Laser(_r_10_11_13)
			: Piezzo(_r_10_11_14)
	:m Camera(_r_15)
		:g (_r_15_36) [1,1] 
			: Firewire(_r_15_36_37)
			: GigE(_r_15_36_38)
	:o 3G(_r_21)
		:g (_r_21_46) [1,1] 
			: 3G via PCI104(_r_21_46_47)
			: 3G via Ethernet(_r_21_46_48)
	:m Display(_r_22)
		:g (_r_22_26) [1,1] 
			: Tablet(_r_22_26_27)
			: VGA(_r_22_26_28)
	:m Lens(_r_29)
		:g (_r_29_30) [1,1] 
			: 25mm(_r_29_30_31)
			: 50mm(_r_29_30_32)
			: 75mm(_r_29_30_33)
	:m SBC(_r_34)
	:m PSU(_r_35)
	:o Ethernet switch(_r_49)
	:o Firewire interface card(_r_50)
</feature_tree>
<constraints>
constraint_17:~_r_21_46_48 or _r_49
constraint_18:~_r_22_26_27 or _r_49
constraint_8:~_r_10_11_12 or _r_29_30_32
constraint_9:~_r_10_11_13 or _r_29_30_33
constraint_7:~_r_10_11_14 or _r_29_30_31
constraint_16:~_r_15_36_37 or _r_50
</constraints>
</feature_model>
