<!-- This model was created online using SPLOT's Feature Model Editor (http://www.splot-research.org) on Tue, Nov 12, 2013 - 8:15 PM  -->
<feature_model name="eventos2">
<meta>
<data name="description">Parcial2</data>
<data name="creator">Freddy Moreno</data>
<data name="address"></data>
<data name="email">freddy.moreno.@gmail.com</data>
<data name="phone"></data>
<data name="website"></data>
<data name="organization">uniandes</data>
<data name="department"></data>
<data name="date"></data>
<data name="reference"></data>
</meta>
<feature_tree>
:r Eventos2Moreno(_r)
	:m Autenticacion(_r_1)
		:g (_r_1_3) [1,*] 
			: Facebook(_r_1_3_4)
			: Google(_r_1_3_5)
			: Forms(_r_1_3_6)
	:m TipoEvento(_r_7)
		:g (_r_7_8) [1,1] 
			: Deportivo(_r_7_8_9)
			: Politico(_r_7_8_10)
			: Religioso(_r_7_8_11)
	:m AccesoMemorias(_r_12)
		:g (_r_12_17) [1,*] 
			: Videos(_r_12_17_18)
			: Imagenes(_r_12_17_19)
			: Sonidos(_r_12_17_20)
	:o Estadisticas(_r_21)
		:g (_r_21_26) [1,1] 
			: Generales(_r_21_26_27)
			: BI(_r_21_26_28)
			: Mineria(_r_21_26_29)
	:o Presupuestos(_r_22)
		:g (_r_22_23) [1,1] 
			: Asistidos(_r_22_23_24)
			: Manuales(_r_22_23_25)
	:o Auditoria(_r_30)
	:m TipoInscripcion(_r_31)
		:g (_r_31_34) [1,1] 
			: Ninguna(_r_31_34_35)
			: RedesSociales(_r_31_34_36)
			: SitiosEspecializados(_r_31_34_37)
</feature_tree>
<constraints>
</constraints>
</feature_model>
