<!-- This model was created online using SPLOT's Feature Model Editor (http://www.splot-research.org) on Mon, Sep 16, 2013 - 2:24 PM  -->
<feature_model name="Mobile Media">
<meta>
<data name="description">Mobile Media - ES</data>
<data name="creator">Bruno</data>
<data name="address"></data>
<data name="email">brunocardoso@gmail.com</data>
<data name="phone"></data>
<data name="website"></data>
<data name="organization">UFMG</data>
<data name="department"></data>
<data name="date"></data>
<data name="reference"></data>
</meta>
<feature_tree>
:r Mobile Media(_r)
	:m Mdia Selection(_r_1)
		:m Photo(_r_1_22)
		:o Music(_r_1_23)
		:o Video(_r_1_24)
	:m Screen Size(_r_7)
		:g (_r_7_8) [1,1] 
			: Screen 1(_r_7_8_9)
	:m Media Management(_r_14)
		:m Favourites(_r_14_15)
			:m Set Favourites(_r_14_15_18)
			:m View Favourites(_r_14_15_19)
		:o Copy Media(_r_14_16)
		:o SMS Transfer(_r_14_17)
			:o Receive Photo(_r_14_17_20)
			:o Send Photo(_r_14_17_21)
</feature_tree>
<constraints>
constraint_1:_r_14_16 or ~_r_14_17
constraint_2:_r_7_8_9 or ~_r_1_22
</constraints>
</feature_model>
