<!-- This model was created online using SPLOT's Feature Model Editor (http://www.splot-research.org) on Fri, Nov 22, 2013 - 8:25 PM  -->
<feature_model name="Mobile Media v3">
<meta>
<data name="description">Mobile Media</data>
<data name="creator">Cleber</data>
<data name="address"></data>
<data name="email">cleber.es.ufc@gmail.com</data>
<data name="phone"></data>
<data name="website"></data>
<data name="organization">ufc</data>
<data name="department"></data>
<data name="date"></data>
<data name="reference"></data>
</meta>
<feature_tree>
:r Mobile Media(_r)
	:m Album Management(_r_1)
		:m Create Album(_r_1_3)
		:m Delete album(_r_1_4)
	:m Photo Management(_r_2)
		:o Sorting(_r_2_5)
		:m Photo Operation(_r_2_6)
			:m Create photo(_r_2_6_7)
			:m Delete photo(_r_2_6_8)
			:m Edit photo label(_r_2_6_9)
			:m View photo(_r_2_6_10)
</feature_tree>
<constraints>
</constraints>
</feature_model>
