<!-- This model was created online using SPLOT's Feature Model Editor (http://www.splot-research.org) on Fri, Apr 16, 2010 - 5:30 AM  -->
<feature_model name="SoftwareClassification">
<meta>
<data name="description">Classification of Softwaretypes</data>
<data name="creator">lkrueger</data>
<data name="address"></data>
<data name="email">lars.krueger@gmail.com</data>
<data name="phone"></data>
<data name="website"></data>
<data name="organization">OvGU, Magdeburg, Germany</data>
<data name="department"></data>
<data name="date"></data>
<data name="reference"></data>
</meta>
<feature_tree>
:r Software(_r)
	:g (_r_1) [1,1] 
		: Anwendungssoftware(_r_1_2)
			:g (_r_1_2_4) [1,1] 
				: Individualsoftware(_r_1_2_4_5)
				: Standardsoftware(_r_1_2_4_6)
					:g (_r_1_2_4_6_7) [1,1] 
						: Basissoftware(_r_1_2_4_6_7_8)
						: Officesoftware(_r_1_2_4_6_7_9)
						: Funktionsorientierte Software(_r_1_2_4_6_7_10)
							:g (_r_1_2_4_6_7_10_11) [1,1] 
								: Managementsoftware(_r_1_2_4_6_7_10_11_12)
								: Operative Software(_r_1_2_4_6_7_10_11_13)
							:g (_r_1_2_4_6_7_10_14) [1,1] 
								: Funktionsabhaengige Software(_r_1_2_4_6_7_10_14_15)
								: Funktionsuebergreifende Software(_r_1_2_4_6_7_10_14_16)
							:g (_r_1_2_4_6_7_10_17) [1,1] 
								: Branchenspezifische Software(_r_1_2_4_6_7_10_17_18)
								: Branchenunabhaengige Software(_r_1_2_4_6_7_10_17_19)
							:g (_r_1_2_4_6_7_10_20) [1,*] 
								: Client-Server-Architektur(_r_1_2_4_6_7_10_20_21)
								: Service-orientierte Architektur(_r_1_2_4_6_7_10_20_22)
		: Systemsoftware(_r_1_3)
</feature_tree>
<constraints>
</constraints>
</feature_model>
