<!-- This model was created online using SPLOT's Feature Model Editor (http://www.splot-research.org) on Thu, Oct 18, 2012 - 9:35 AM  -->
<feature_model name="MobileMedia_Gustavo">
<meta>
<data name="description">MobileMedia</data>
<data name="creator">Gustavo Jansen</data>
<data name="address"></data>
<data name="email">gugajansen@gmail.com</data>
<data name="phone"></data>
<data name="website"></data>
<data name="organization">Federal University of Minas Gerais</data>
<data name="department"></data>
<data name="date"></data>
<data name="reference"></data>
</meta>
<feature_tree>
:r Mobile Media(_r)
	:m Media Selection(_r_1)
		:g (_r_1_4) [1,*] 
			: Photo(_r_1_4_5)
			: Music(_r_1_4_6)
			: Video(_r_1_4_7)
	:m Media Management(_r_2)
		:o Favourites(_r_2_8)
			:m Set Favourites(_r_2_8_12)
			:m View Favourites(_r_2_8_13)
		:o Copy Media(_r_2_9)
		:o SMS Transfer(_r_2_10)
			:o Receive Photo(_r_2_10_14)
			:o Send Photo(_r_2_10_15)
	:m Screen Size(_r_3)
		:g (_r_3_16) [1,1] 
			: Screen1(_r_3_16_17)
			: Screen2(_r_3_16_18)
			: Screen3(__r_3_16_17)
</feature_tree>
<constraints>
</constraints>
</feature_model>
