<!-- This model was created online using SPLOT's Feature Model Editor (http://www.splot-research.org) on Wed, Dec 12, 2012 - 6:58 PM  -->
<feature_model name="Exercicio Experimento 1">
<meta>
<data name="description">Exercicio Experimento 1</data>
<data name="creator">Juliana Arriel</data>
<data name="address"></data>
<data name="email">jualvespereira@gmail.com</data>
<data name="phone"></data>
<data name="website"></data>
<data name="organization">UFMG</data>
<data name="department"></data>
<data name="date"></data>
<data name="reference"></data>
</meta>
<feature_tree>
:r Mobile Media(_r)
	:m Media Selection(_r_1)
		:g (_r_1_2) [1,*] 
			: Photo(_r_1_2_3)
			: Music(_r_1_2_6)
			: Video(_r_1_2_7)
	:m Media Management(_r_8)
		:o Favourites(_r_8_9)
			:m Set Favourites(_r_8_9_10)
			:m View Favourites(_r_8_9_11)
		:m Copy Media(_r_8_12)
		:o SMS Transfer(_r_8_13)
			:o Receive Photo(_r_8_13_14)
			:o Send Photo(_r_8_13_15)
	:m Screen Size(_r_16)
		:g (_r_16_17) [1,1] 
			: Screen 1(_r_16_17_18)
			: Screen 2(_r_16_17_19)
</feature_tree>
<constraints>
</constraints>
</feature_model>
