<!-- This model was created online using SPLOT's Feature Model Editor (http://www.splot-research.org) on Mon, Mar 20, 2017 - 12:25 PM  -->
<feature_model name="Example Mobile Phone">
<meta>
<data name="description">Example for Model</data>
<data name="creator">Rayco</data>
<data name="address"></data>
<data name="email">alu0100206883@ull.edu.es</data>
<data name="phone"></data>
<data name="website"></data>
<data name="organization">ETSII-ULL</data>
<data name="department"></data>
<data name="date"></data>
<data name="reference"></data>
</meta>
<feature_tree>
:r Mobile Phone(_r)
	:m Calls(_r_1)
	:o GPS(_r_2)
	:m Screen(_r_3)
		:g (_r_3_5) [1,1] 
			: Basic(_r_3_5_6)
			: Colour(_r_3_5_7)
			: HighResolution(_r_3_5_8)
	:o Media(_r_4)
		:g (_r_4_9) [1,*] 
			: Camera(_r_4_9_10)
			: MP3(_r_4_9_11)
</feature_tree>
<constraints>
constraint_1:~_r_2 or ~_r_3_5_6
constraint_2:_r_3_5_8 or ~_r_4_9_10
</constraints>
</feature_model>
