<!-- This model was created online using SPLOT's Feature Model Editor (http://www.splot-research.org) on Mon, Apr 23, 2012 - 12:37 PM  -->
<feature_model name="SPL SimulES, PnP">
<meta>
<data name="description">Descreve as características da LP de jogos do SimulES e do PnP</data>
<data name="creator">Vinícius Veloso de Mello Garcia</data>
<data name="address"></data>
<data name="email">vingarcia00@gmail.com</data>
<data name="phone"></data>
<data name="website"></data>
<data name="organization">UFMG</data>
<data name="department"></data>
<data name="date"></data>
<data name="reference"></data>
</meta>
<feature_tree>
:r Jogo(_r)
	:m Cartas(_r_1)
		:o Conceito(_r_1_2)
		:o Problema(_r_1_3)
		:m Funcionarios(_r_1_6)
			:g (_r_1_6_7) [1,1] 
				: Engenheiro(_r_1_6_7_8)
				: Programador(_r_1_6_7_9)
			:o Status(_r_1_6_10)
				:g (_r_1_6_10_11) [1,*] 
					: Habilidade(_r_1_6_10_11_12)
					: Maturidade(_r_1_6_10_11_13)
			:m Custo(_r_1_6_15)
				:g (_r_1_6_15_16) [1,1] 
					: Padrao(_r_1_6_15_16_17)
					: Custo Especifico do Funcionario(_r_1_6_15_16_18)
		:m Objetivo(_r_1_19)
			:g (_r_1_19_20) [1,1] 
				: Cartas Grandes(_r_1_19_20_21)
				: Cartas Pequenas(_r_1_19_20_22)
			:m Modulos(_r_1_19_24)
			:g (_r_1_19_26) [1,*] 
				: Complexidade Padrao(_r_1_19_26_27)
				: Complexidade Especifica por Objetivo(_r_1_19_26_28)
		:g (_r_1_30) [1,1] 
			: Qualidade Variavel(_r_1_30_31)
			: Qualidade Sempre Perfeita(_r_1_30_32)
			: Qualidade Padrao(_r_1_30_33)
		:m Itens(_r_1_39)
			:g (_r_1_39_40) [1,1] 
				: Artefatos PnP(_r_1_39_40_41)
				: Itens SimulES(_r_1_39_40_42)
	:o Sistema de Bugs(_r_43)
	:m Turnos(_r_44)
	:o Tabuleiro(_r_45)
	:o Ilustracoes(_r_46)
	:o Textos com Historias(_r_47)
	:m Entrega do Produto(_r_48)
	:o Dados para compra de cartas(_r_49)
</feature_tree>
<constraints>
</constraints>
</feature_model>
