<!-- This model was created online using SPLOT's Feature Model Editor (http://www.splot-research.org) on Wed, Mar 28, 2012 - 9:53 AM  -->
<feature_model name="Fabrica de software">
<meta>
<data name="description">Fabrica de software</data>
<data name="creator">Juliana Alves Pereira</data>
<data name="address"></data>
<data name="email">jualvespereira@gmail.com</data>
<data name="phone"></data>
<data name="website"></data>
<data name="organization">UFMG</data>
<data name="department"></data>
<data name="date"></data>
<data name="reference"></data>
</meta>
<feature_tree>
:r Fabrica de software(_r)
	:m Cadastro de usuario(_r_1)
		:m Login(_r_1_16)
		:m Senha(_r_1_17)
		:m Email(_r_1_18)
	:m Cadastro de cliente(_r_4)
		:m Nome(_r_4_11)
		:m CPF(_r_4_12)
		:m Email(_r_4_13)
	:m Cadastro de produto(_r_5)
		:g (_r_5_6) [1,*] 
			: Tamanho - loja de roupas(_r_5_6_7)
			: Ano - loja de carros(_r_5_6_27)
		:m Descricao(_r_5_9)
		:m Valor(_r_5_10)
		:m Codigo de barra(_r_5_25)
		:o Fotos(_r_5_29)
			:m Visualizador de fotos(_r_5_29_30)
	:m Venda(_r_19)
		:m Codigo de barra dos produtos(_r_19_22)
		:m Valores dos produtos(_r_19_23)
		:m Cliente(_r_19_32)
			:o Situacao do cliente(_r_19_32_34)
</feature_tree>
<constraints>
</constraints>
</feature_model>
