<!-- This model was created online using SPLOT's Feature Model Editor (http://www.splot-research.org) on Sat, Aug 16, 2014 - 12:17 AM  -->
<feature_model name="TreeStemDeformationMeshingTool">
<meta>
<data name="description">Allows to configure a tree growth simulator, based on geometric meshes.</data>
<data name="creator">Violeta Diaz</data>
<data name="address"></data>
<data name="email">vdiaz@ing.uchile.cl</data>
<data name="phone"></data>
<data name="website"></data>
<data name="organization">Universidad de Chile</data>
<data name="department"></data>
<data name="date"></data>
<data name="reference"></data>
</meta>
<feature_tree>
:r TreeStemDeformationSimulator(_r)
	:m Load mesh(_r_1)
		:g (_r_1_6) [1,*] 
			: xyzu(_r_1_6_7)
			: off(_r_1_6_8)
			: comsol(_r_1_6_9)
	:m Save mesh(_r_2)
		:g (_r_2_11) [1,*] 
			: xyzu(_r_2_11_12)
			: off(_r_2_11_13)
			: comsol(_r_2_11_14)
	:m Process mesh(_r_4)
		:g (_r_4_18) [1,*] 
			: Improve mesh(_r_4_18_19)
				:g (_r_4_18_19_45) [1,*] 
					: Delaunay algorithm(_r_4_18_19_45_46)
			: Refine mesh(_r_4_18_20)
				:g (_r_4_18_20_35) [1,*] 
					: Lepp-Delaunay(_r_4_18_20_35_36)
					: Delaunay Longest Edge Bisection(_r_4_18_20_35_37)
			: Derefine mesh(_r_4_18_21)
				:g (_r_4_18_21_47) [1,*] 
					: Edge Collapse(_r_4_18_21_47_48)
			: Deform mesh(_r_4_18_22)
				:g (_r_4_18_22_38) [1,*] 
					: No verification(_r_4_18_22_38_39)
					: Local consistency(_r_4_18_22_38_40)
					: Neighbor nodes(_r_4_18_22_38_41)
	:o Criterion(_r_5)
		:g (_r_5_24) [1,*] 
			: Refinement criterion(_r_5_24_25)
				:g (_r_5_24_25_27) [1,*] 
					: Minimum angle(_r_5_24_25_27_28)
					: Maximum face area(_r_5_24_25_27_29)
					: Maximum longest edge(_r_5_24_25_27_30)
			: Derefinement criterion(_r_5_24_26)
				:g (_r_5_24_26_31) [1,*] 
					: Minimum face area(_r_5_24_26_31_32)
					: Minimum longest edge(_r_5_24_26_31_33)
	:m Mesh(_r_42)
	:m Visualize mesh(_r_43)
	:m Display mesh information(_r_44)
</feature_tree>
<constraints>
constraint_1:~_r_4_18_20 or _r_5_24_25
constraint_3:~_r_4_18_21 or _r_5_24_26
</constraints>
</feature_model>
