<!-- This model was created online using SPLOT's Feature Model Editor (http://www.splot-research.org) on Wed, Mar 28, 2012 - 9:44 AM  -->
<feature_model name="Video CMS">
<meta>
<data name="description">A content management system for videos</data>
<data name="creator">carlos</data>
<data name="address"></data>
<data name="email">carlospam@gmail.com</data>
<data name="phone"></data>
<data name="website"></data>
<data name="organization">UFMG/DCC</data>
<data name="department"></data>
<data name="date"></data>
<data name="reference"></data>
</meta>
<feature_tree>
:r Video CMS(_r)
	:m Workflow engine(_r_2)
	:m Rules engine(_r_3)
	:m Sites engine(_r_4)
	:m Metadata engine(_r_5)
	:g (_r_6) [1,*] 
		: CL11 metadata(_r_6_7)
		: CL30 metadata(_r_6_8)
		: MSTV metadata(_r_6_9)
		: Sony metadata(_r_6_10)
	:g (_r_11) [1,1] 
		: Elemental transcoder(_r_11_12)
		: Envivio transcoder(_r_11_13)
			:g (_r_11_13_18) [1,1] 
				: Subtitle burning(_r_11_13_18_19)
				: Subtitle(_r_11_13_18_20)
			:o VCAS encrypter(_r_11_13_21)
	:o Baton QC(_r_15)
		:g (_r_15_24) [1,*] 
			: Ingest QC(_r_15_24_25)
			: Egress QC(_r_15_24_26)
	:o Rotten Tomatoes association(_r_23)
	:m Templates(_r_27)
		:g (_r_27_28) [1,*] 
			: Package Ingest(_r_27_28_29)
				:g (_r_27_28_29_32) [1,*] 
					: Create(_r_27_28_29_32_33)
					: Update(_r_27_28_29_32_34)
			: Metadata Ingest(_r_27_28_30)
				:g (_r_27_28_30_35) [1,*] 
					: Create(_r_27_28_30_35_36)
					: Update(_r_27_28_30_35_37)
			: File Ingest(_r_27_28_31)
				:g (_r_27_28_31_38) [1,*] 
					: Create(_r_27_28_31_38_39)
					: Update(_r_27_28_31_38_40)
		:m Content Processing(_r_27_41)
		:o QC(_r_27_43)
		:m Content Processing(_r_27_44)
		:o Subtitle Generation(_r_27_45)
			:o Proxy Generation(_r_27_45_46)
			:o Subtitles Ingest(_r_27_45_47)
		:m Distribution(_r_27_48)
		:m Purge(_r_27_49)
</feature_tree>
<constraints>
</constraints>
</feature_model>
