<!-- This model was created online using SPLOT's Feature Model Editor (http://www.splot-research.org) on Mon, May 28, 2012 - 7:33 PM  -->
<feature_model name="xtext">
<meta>
<data name="description">xtext feature model</data>
<data name="creator">Grupo X (Marcelo, Renan, Talita)</data>
<data name="address"></data>
<data name="email">talitalopes@gmail.com</data>
<data name="phone"></data>
<data name="website"></data>
<data name="organization">UFRJ</data>
<data name="department"></data>
<data name="date"></data>
<data name="reference"></data>
</meta>
<feature_tree>
:r xtext(_r)
	:m Grammar(_r_1)
	:m EMF model(_r_3)
	:m Semantic Model(_r_6)
	:m Editor(_r_7)
		:m Id(_r_7_8)
		:m Name(_r_7_9)
		:o Icon(_r_7_10)
		:o extensions(_r_7_11)
		:o class(_r_7_12)
		:o command(_r_7_13)
		:o launcher(_r_7_14)
		:o contributorClass(_r_7_15)
		:o default(_r_7_16)
		:o filenames(_r_7_20)
		:o symbolicFontName(_r_7_21)
		:o matchingStrategy(_r_7_22)
		:o contentTypeBinding(_r_7_23)
			:m contentTypeId(_r_7_23_24)
	:o Handlers(_r_25)
		:o handler(_r_25_131)
			:m commandId(_r_25_131_132)
			:o class(_r_25_131_133)
			:o helpContextId(_r_25_131_134)
	:o PreferencePages(_r_31)
		:o id(_r_31_35)
		:o name(_r_31_36)
		:o page(_r_31_168)
			:m id(_r_31_168_169)
			:m name(_r_31_168_170)
			:m class(_r_31_168_171)
			:o category(_r_31_168_172)
	:o Keywords(_r_51)
		:o id(_r_51_52)
		:o label(_r_51_56)
		:o keyword(_r_51_57)
			:m id(_r_51_57_58)
			:m label(_r_51_57_59)
	:o Commands(_r_60)
		:o id(_r_60_61)
		:o name(_r_60_62)
		:o category(_r_60_66)
			:m id(_r_60_66_67)
			:m name(_r_60_66_68)
			:o description(_r_60_66_69)
		:o command(_r_60_70)
			:m id(_r_60_70_71)
			:m name(_r_60_70_72)
			:o description(_r_60_70_74)
			:o categoryId(_r_60_70_75)
			:o defaultHandler(_r_60_70_76)
			:o returnTypeId(_r_60_70_77)
			:o helpContextId(_r_60_70_78)
			:o commandParameter(_r_60_70_201)
				:o values(_r_60_70_201_203)
					:m class(_r_60_70_201_203_204)
					:o parameter(_r_60_70_201_203_206)
						:m name(_r_60_70_201_203_206_207)
						:m value(_r_60_70_201_203_206_208)
				:m id(_r_60_70_201_209)
				:m name(_r_60_70_201_210)
				:o typeId(_r_60_70_201_211)
			:o state(_r_60_70_212)
				:m id(_r_60_70_212_213)
				:o class(_r_60_70_212_214)
					:m class(_r_60_70_212_214_215)
						:o parameter(_r_60_70_212_214_215_216)
							:m name(_r_60_70_212_214_215_216_217)
							:m value(_r_60_70_212_214_215_216_218)
		:o commandParameterType(_r_60_79)
			:m id(_r_60_79_80)
			:o type(_r_60_79_81)
			:o converter(_r_60_79_82)
	:o Menus(_r_112)
		:o menuContribution(_r_112_115)
			:m locationURI(_r_112_115_123)
			:o class(_r_112_115_124)
			:o allPopups(_r_112_115_125)
			:o command(_r_112_115_167)
				:o parameter(_r_112_115_167_168)
			:o control(_r_112_115_169)
			:o dynamic(_r_112_115_170)
			:o menu(_r_112_115_171)
				:m label(_r_112_115_171_180)
				:o id(_r_112_115_171_181)
				:o icon(_r_112_115_171_183)
				:o tooltip(_r_112_115_171_184)
				:o commandId(_r_112_115_171_185)
			:o separator(_r_112_115_172)
			:o toolbar(_r_112_115_173)
		:o id(_r_112_129)
		:o name(_r_112_130)
	:o EMF Ecore Extension Parser(_r_136)
		:o id(_r_136_137)
		:o name(_r_136_138)
		:o parser(_r_136_139)
			:m type(_r_136_139_140)
			:m class(_r_136_139_141)
	:o Extension Resource Service Provider(_r_142)
		:o resourceServiceProvider(_r_142_143)
			:m uriExtension(_r_142_143_146)
			:m class(_r_142_143_147)
		:o id(_r_142_144)
		:o name(_r_142_145)
	:o IDE Marker Resolution(_r_148)
		:o id(_r_148_149)
		:o name(_r_148_151)
		:o markerResolutionGenerator(_r_148_152)
			:m class(_r_148_152_153)
			:o markerType(_r_148_152_154)
	:o New Wizards(_r_155)
		:o id(_r_155_156)
		:o name(_r_155_157)
		:o category(_r_155_158)
			:m id(_r_155_158_161)
			:m name(_r_155_158_162)
			:o parentCategory(_r_155_158_163)
		:o primaryWizard(_r_155_159)
			:m id(_r_155_159_164)
		:o wizard(_r_155_160)
			:m id(_r_155_160_165)
			:m name(_r_155_160_167)
			:m class(_r_155_160_168)
			:o icon(_r_155_160_169)
			:o category(_r_155_160_170)
			:o project(_r_155_160_171)
			:o finalPerspective(_r_155_160_175)
			:o preferredPerspectives(_r_155_160_176)
			:o helpHref(_r_155_160_177)
			:o descriptionImage(_r_155_160_178)
			:o canFinishEarly(_r_155_160_180)
			:o hasPages(_r_155_160_181)
			:o description(_r_155_160_186)
			:o keywordReference(_r_155_160_187)
			:o selection(_r_155_160_188)
				:m class(_r_155_160_188_189)
				:o name(_r_155_160_188_190)
</feature_tree>
<constraints>
constraint_1:_r_25 or ~_r_112
</constraints>
</feature_model>
