<!-- This model was created online using SPLOT's Feature Model Editor (http://www.splot-research.org) on Wed, Sep 5, 2012 - 10:01 AM  -->
<feature_model name="MiniRPG">
<meta>
<data name="description">MiniRPG</data>
<data name="creator">Mauricio Alférez</data>
<data name="address"></data>
<data name="email">alferez.mauricio@gmail.com</data>
<data name="phone"></data>
<data name="website"></data>
<data name="organization">di.fct.unl.pt</data>
<data name="department"></data>
<data name="date"></data>
<data name="reference"></data>
</meta>
<feature_tree>
:r RPG(_r)
	:m Agent(_r_1)
		:m Kind(_r_1_3)
			:m Hero(_r_1_3_4)
			:o Friendly(_r_1_3_8)
			:o Hostile(_r_1_3_9)
		:m Actions(_r_1_10)
			:o Talk(_r_1_10_11)
			:m Move(_r_1_10_12)
			:o Attack(_r_1_10_14)
	:m WorldMap(_r_2)
		:m Scene(_r_2_15)
			:m Cell(_r_2_15_16)
</feature_tree>
<constraints>
</constraints>
</feature_model>
