<!-- This model was created online using SPLOT's Feature Model Editor (http://www.splot-research.org) on Mon, Sep 16, 2013 - 2:55 PM  -->
<feature_model name="MobileMedia_JulianaPadilha">
<meta>
<data name="description">SPL</data>
<data name="creator">Juliana Padilha</data>
<data name="address"></data>
<data name="email">padilha.ju@gmail.com</data>
<data name="phone"></data>
<data name="website"></data>
<data name="organization">UFMG</data>
<data name="department"></data>
<data name="date"></data>
<data name="reference"></data>
</meta>
<feature_tree>
:r MobileMedia(_r)
	:m MediaSelection(_r_1)
		:o Photo(_r_1_25)
		:m Music(_r_1_26)
		:m Video(_r_1_27)
	:m MediaManagement(_r_2)
		:m Favourites (_r_2_9)
			:m SetFavorites(_r_2_9_19)
			:m ViewFavorites(_r_2_9_20)
		:o CopyMedia(_r_2_10)
		:o SMSTransfer(_r_2_12)
			:o ReceivePhoto(_r_2_12_21)
			:o SendPhoto(_r_2_12_22)
	:m ScreenSize(_r_3)
		:g (_r_3_13) [1,1] 
			: Screen1(_r_3_13_14)
			: Screen2(_r_3_13_17)
</feature_tree>
<constraints>
constraint_2:_r_2_10 or ~_r_2_12
constraint_3:_r_3_13_14 or ~_r_1_25
</constraints>
</feature_model>
