<!-- This model was created online using SPLOT's Feature Model Editor (http://www.splot-research.org) on Thu, Apr 29, 2010 - 9:22 AM  -->
<feature_model name="Context Feature Model">
<meta>
<data name="description">Context Feature Model</data>
<data name="creator">Zakwan</data>
<data name="address"></data>
<data name="email">z.jaroucheh@napier.ac.uk</data>
<data name="phone"></data>
<data name="website"></data>
<data name="organization">Edinburgh Napier University</data>
<data name="department"></data>
<data name="date"></data>
<data name="reference"></data>
</meta>
<feature_tree>
:r Conference Context(_r)
	:o Person(_r_1)
		:g (_r_1_4) [1,*] 
			: Location(_r_1_4_5)
				:g (_r_1_4_5_9) [1,1] 
					: RoomResolution(_r_1_4_5_9_10)
					: BuildingResolution(_r_1_4_5_9_11)
			: EventsPreference(_r_1_4_6)
			: Publications(_r_1_4_7)
				:g (_r_1_4_7_15) [1,*] 
					: ConferencePapers(_r_1_4_7_15_16)
					: JournalPapers(_r_1_4_7_15_17)
					: BookChapters(_r_1_4_7_15_18)
			: ContactDetails(_r_1_4_23)
			: . . .(_r_1_4_24)
	:o Conference(_r_2)
		:o Venue(_r_2_14)
		:o ParticipatingPeople(_r_2_15)
			:g (_r_2_15_23) [1,*] 
				: PhDStudent(_r_2_15_23_24)
				: Experts(_r_2_15_23_28)
					:g (_r_2_15_23_28_29) [1,1] 
						: HavingAwards(_r_2_15_23_28_29_30)
						: HavingJournalPublications(_r_2_15_23_28_29_31)
		:o . . .(_r_2_32)
</feature_tree>
<constraints>
</constraints>
</feature_model>
