<!-- This model was created online using SPLOT's Feature Model Editor (http://www.splot-research.org) on Sun, Oct 5, 2014 - 6:11 PM  -->
<feature_model name="Software Stack">
<meta>
<data name="description">Software stack configuration</data>
<data name="creator">Alex Kofman</data>
<data name="address"></data>
<data name="email">kofman@il.ibm.com</data>
<data name="phone"></data>
<data name="website"></data>
<data name="organization">IBM</data>
<data name="department"></data>
<data name="date"></data>
<data name="reference"></data>
</meta>
<feature_tree>
:r Developer Workstation(_r)
	:m Operating System(_r_1)
		:g (_r_1_4) [1,1] 
			: Linux(_r_1_4_5)
			: Windows(_r_1_4_6)
			: AIX(_r_1_4_7)
	:o Software(_r_13)
		:g (_r_13_14) [1,*] 
			: Development(_r_13_14_15)
				:g (_r_13_14_15_29) [1,*] 
					: Eclipse(_r_13_14_15_29_30)
					: IntelliJ(_r_13_14_15_29_31)
					: Visual Studio(_r_13_14_15_29_32)
				:o Java(_r_13_14_15_40)
					:g (_r_13_14_15_40_41) [1,*] 
						: JDK(_r_13_14_15_40_41_42)
							:g (_r_13_14_15_40_41_42_44) [1,1] 
								: 1_5(_r_13_14_15_40_41_42_44_45)
								: 1_6(_r_13_14_15_40_41_42_44_46)
								: 1_4_2(_r_13_14_15_40_41_42_44_47)
						: JRE(_r_13_14_15_40_41_43)
							:g (_r_13_14_15_40_41_43_48) [1,1] 
								: 1_4_2(_r_13_14_15_40_41_43_48_49)
								: 1_5(_r_13_14_15_40_41_43_48_50)
								: 1_6(_r_13_14_15_40_41_43_48_51)
			: Application Server(_r_13_14_16)
				:g (_r_13_14_16_19) [1,1] 
					: Tomcat(_r_13_14_16_19_20)
						:g (_r_13_14_16_19_20_33) [1,1] 
							: v5_5(_r_13_14_16_19_20_33_34)
							: v7(_r_13_14_16_19_20_33_35)
					: WebSphere(_r_13_14_16_19_21)
						:g (_r_13_14_16_19_21_36) [1,1] 
							: v6_1(_r_13_14_16_19_21_36_37)
							: v7_0(_r_13_14_16_19_21_36_38)
							: v8_0(_r_13_14_16_19_21_36_39)
					: MS_IIS(_r_13_14_16_19_52)
			: DB Server(_r_13_14_17)
				:g (_r_13_14_17_22) [1,1] 
					: Derby(_r_13_14_17_22_23)
					: Oracle(_r_13_14_17_22_24)
					: DB2(_r_13_14_17_22_25)
					: MySQL(_r_13_14_17_22_53)
					: MS SQL Server(_r_13_14_17_22_54)
			: Office(_r_13_14_18)
				:g (_r_13_14_18_26) [1,1] 
					: MSOffice(_r_13_14_18_26_27)
					: Symphony(_r_13_14_18_26_28)
</feature_tree>
<constraints>
constraint_6:_r_1_4_6 or ~_r_13_14_17_22_54
constraint_7:_r_1_4_6 or ~_r_13_14_18_26_27
constraint_4:_r_13_14_15_40_41_42 or _r_13_14_15_40_41_43 or ~_r_13_14_17_22_25
constraint_5:_r_1_4_5 or ~_r_13_14_17_22_53
constraint_2:_r_1_4_6 or ~_r_13_14_16_19_52
constraint_3:~_r_13_14_15_29_30 or _r_13_14_15_40_41_42_44_45 or _r_13_14_15_40_41_42_44_46
</constraints>
</feature_model>
