<!-- This model was created online using SPLOT's Feature Model Editor (http://www.splot-research.org) on Thu, Aug 30, 2012 - 4:40 AM  -->
<feature_model name="FM_Test">
<meta>
<data name="description">Test Model</data>
<data name="creator">Aymeric hervieu</data>
<data name="address"></data>
<data name="email">aymeric.hervieu@inria.fr</data>
<data name="phone"></data>
<data name="website"></data>
<data name="organization">inria</data>
<data name="department"></data>
<data name="date"></data>
<data name="reference"></data>
</meta>
<feature_tree>
:r FT1(_r)
	:m FT2(_r_1)
		:m FT3(_r_1_2)
			:o FT4(_r_1_2_3)
				:o FT5(_r_1_2_3_4)
			:o FT6(_r_1_2_5)
				:o FT7(_r_1_2_5_6)
			:o FT8(_r_1_2_7)
				:o FT9(_r_1_2_7_8)
			:m FT10(_r_1_2_9)
				:g (_r_1_2_9_10) [1,1] 
					: FT11(_r_1_2_9_10_11)
						:g (_r_1_2_9_10_11_12) [1,1] 
							: FT12(_r_1_2_9_10_11_12_13)
							: FT13(_r_1_2_9_10_11_12_14)
							: FT14(_r_1_2_9_10_11_12_15)
					: FT15(_r_1_2_9_10_16)
			:m FT16(_r_1_2_17)
				:o FT17(_r_1_2_17_18)
				:o FT18(_r_1_2_17_19)
				:o FT19(_r_1_2_17_20)
					:o FT20(_r_1_2_17_20_21)
					:o FT21(_r_1_2_17_20_22)
					:o FT22(_r_1_2_17_20_23)
			:m FT23(_r_1_2_23)
				:o FT24(_r_1_2_23_24)
				:o FT25(_r_1_2_23_25)
				:o FT26(_r_1_2_23_26)
				:o FT27(_r_1_2_23_27)
				:o FT28(_r_1_2_23_28)
		:m FT29(_r_1_29)
			:o FT30(_r_1_29_30)
			:o FT31(_r_1_29_31)
			:o FT32(_r_1_29_32)
			:o FT33(_r_1_29_33)
				:g (_r_1_29_33_34) [1,*] 
					: FT34(_r_1_29_33_34_35)
					: FT35(_r_1_29_33_34_36)
			:o FT36(_r_1_29_37)
			:o FT37(_r_1_29_38)
		:o FT38(_r_1_39)
			:o FT39(_r_1_39_40)
		:o FT40(_r_1_41)
			:o FT41(_r_1_41_42)
				:g (_r_1_41_42_43) [1,1] 
					: FT42(_r_1_41_42_43_44)
						:o FT43(_r_1_41_42_43_44_46)
					: FT44(_r_1_41_42_43_45)
						:o FT45(_r_1_41_42_43_45_47)
		:o FT46(_r_1_51)
			:g (_r_1_51_53) [1,1] 
				: FT47(_r_1_51_53_54)
				: FT48(_r_1_51_53_55)
					:g (_r_1_51_53_55_56) [1,1] 
						: FT49(_r_1_51_53_55_56_57)
						: FT50(_r_1_51_53_55_56_58)
		:o FT51(_r_1_59)
			:o FT52(_r_1_59_60)
				:o FT53(_r_1_59_60_61)
				:o FT54(_r_1_59_60_63)
				:o FT55(_r_1_59_60_64)
				:o FT56(_r_1_59_60_65)
				:o FT57(_r_1_59_60_67)
				:o FT58(_r_1_59_60_68)
			:o FT59(_r_1_59_69)
				:o FT60(_r_1_59_69_70)
				:o FT61(_r_1_59_69_71)
					:o FT62(_r_1_59_69_71_72)
				:o FT63(_r_1_59_69_73)
					:o FT64(_r_1_59_69_73_74)
				:o FT65(_r_1_59_69_75)
					:o FT66(_r_1_59_69_75_76)
				:o FT67(_r_1_59_69_77)
					:o FT68(_r_1_59_69_77_78)
			:o FT69(_r_1_59_79)
				:o FT70(_r_1_59_79_80)
			:o FT71(_r_1_59_81)
				:o FT72(_r_1_59_81_82)
				:o FT73(_r_1_59_81_83)
			:o FT74(_r_1_59_84)
			:o FT75(_r_1_59_85)
			:o FT76(_r_1_59_86)
	:o FT77(_r_88)
		:o FT78(_r_88_89)
			:o FT79(_r_88_89_90)
				:o FT80(_r_88_89_90_91)
				:o FT81(_r_88_89_90_92)
			:m FT82(_r_88_89_93)
				:g (_r_88_89_93_94) [1,1] 
					: FT83(_r_88_89_93_94_95)
					: FT84(_r_88_89_93_94_96)
					: FT85(_r_88_89_93_94_97)
					: FT86(_r_88_89_93_94_98)
					: FT87(_r_88_89_93_94_99)
			:m FT88(_r_88_89_100)
				:g (_r_88_89_100_101) [1,1] 
					: FT89(_r_88_89_100_101_102)
					: FT90(_r_88_89_100_101_103)
					: FT91(_r_88_89_100_101_104)
					: FT92(_r_88_89_100_101_105)
		:o FT93(_r_88_106)
		:o FT94(_r_88_107)
		:o FT95(_r_88_108)
		:o FT96(_r_88_109)
		:m FT97(_r_88_110)
			:m FT98(_r_88_110_111)
				:m FT99(_r_88_110_111_112)
					:m FT100(_r_88_110_111_112_113)
					:m FT101(_r_88_110_111_112_114)
					:m FT102(_r_88_110_111_112_115)
				:m FT103(_r_88_110_111_116)
					:m FT104(_r_88_110_111_116_117)
					:m FT105(_r_88_110_111_116_118)
					:m FT106(_r_88_110_111_116_119)
					:m FT107(_r_88_110_111_116_120)
				:m FT108(_r_88_110_111_121)
					:m FT109(_r_88_110_111_121_122)
					:m FT110(_r_88_110_111_121_123)
					:m FT111(_r_88_110_111_121_124)
					:m FT112(_r_88_110_111_121_125)
					:m FT113(_r_88_110_111_121_126)
				:m FT114(_r_88_110_111_127)
					:m FT115(_r_88_110_111_127_128)
					:m FT116(_r_88_110_111_127_129)
				:m FT117(_r_88_110_111_130)
					:m FT118(_r_88_110_111_130_131)
					:m FT119(_r_88_110_111_130_132)
					:m FT120(_r_88_110_111_130_133)
				:m FT121(_r_88_110_111_134)
					:m FT122(_r_88_110_111_134_135)
				:m FT123(_r_88_110_111_136)
					:m FT124(_r_88_110_111_136_137)
					:m FT125(_r_88_110_111_136_138)
				:m FT126(_r_88_110_111_139)
					:m FT127(_r_88_110_111_139_140)
				:m FT128(_r_88_110_111_141)
					:m FT129(_r_88_110_111_141_142)
			:m FT130(_r_88_110_143)
				:m FT131(_r_88_110_143_144)
					:o FT132(_r_88_110_143_144_145)
						:o FT133(_r_88_110_143_144_145_146)
							:o FT134(_r_88_110_143_144_145_146_147)
						:o FT135(_r_88_110_143_144_145_148)
						:o FT136(_r_88_110_143_144_145_149)
						:o FT137(_r_88_110_143_144_145_150)
					:o FT138(_r_88_110_143_144_151)
						:o FT139(_r_88_110_143_144_151_153)
						:o FT140(_r_88_110_143_144_151_154)
						:o FT141(_r_88_110_143_144_151_155)
						:o FT142(_r_88_110_143_144_151_156)
						:o FT143(_r_88_110_143_144_151_157)
						:o FT144(_r_88_110_143_144_151_158)
						:o FT145(_r_88_110_143_144_151_159)
						:o FT146(_r_88_110_143_144_151_160)
					:o FT147(_r_88_110_143_144_161)
				:m FT148(_r_88_110_143_162)
					:o FT149(_r_88_110_143_162_163)
						:o FT150(_r_88_110_143_162_163_164)
						:o FT151(_r_88_110_143_162_163_165)
						:o FT152(_r_88_110_143_162_163_166)
						:o FT153(_r_88_110_143_162_163_167)
						:o FT154(_r_88_110_143_162_163_168)
						:o FT155(_r_88_110_143_162_163_169)
					:o FT156(_r_88_110_143_162_170)
						:o FT157(_r_88_110_143_162_170_171)
						:o FT158(_r_88_110_143_162_170_172)
			:m FT159(_r_88_110_173)
		:m FT160(_r_88_174)
			:m FT161(_r_88_174_175)
				:m FT162(_r_88_174_175_176)
				:m FT163(_r_88_174_175_177)
				:m FT164(_r_88_174_175_178)
			:m FT165(_r_88_174_179)
				:g (_r_88_174_179_181) [1,1] 
					: FT166(_r_88_174_179_181_182)
					: FT167(_r_88_174_179_181_183)
					: FT168(_r_88_174_179_181_184)
</feature_tree>
<constraints>
constraint_1:~_r_1_2_3_4 or _r_1_29_38
constraint_43:_r_1_59_60 or ~_r_88_110_111_141_142
constraint_42:_r_1_59_60 or ~_r_88_110_111_141
constraint_44:_r_1_59_60 or ~_r_88_110_173
constraint_17:~_r_1_29_37 or _r_1_59_60 or _r_1_59_69 or _r_1_59_79 or _r_1_59_86
constraint_18:_r_1_29_30 or ~_r_1_39
constraint_19:_r_1_29_31 or ~_r_1_41_42_43_44
constraint_8:~_r_1_2_9_10_11_12_15 or _r_1_59_60
constraint_10:~_r_1_2_9_10_16 or _r_1_2_17_20
constraint_9:~_r_1_2_9_10_11_12_15 or _r_1_29_33
constraint_11:~_r_1_2_17_20_23 or _r_1_29_32
constraint_6:~_r_1_2_9_10_11_12_13 or _r_1_29_33
constraint_12:~_r_1_2_23_28 or _r_1_59_60
constraint_7:~_r_1_2_9_10_11_12_14 or _r_1_59_69 or _r_1_59_86
constraint_4:~_r_1_2_9_10_11 or _r_1_29_37
constraint_13:~_r_1_29_30 or _r_1_59_60 or _r_1_59_69 or _r_1_59_79 or _r_1_59_81 or _r_1_59_86
constraint_14:~_r_1_29_31 or _r_1_59_79 or _r_1_59_81 or _r_1_59_86
constraint_5:~_r_1_2_9_10_11_12_13 or _r_1_29_37
constraint_15:~_r_1_29_32 or _r_1_59_81
constraint_2:~_r_1_2_5_6 or _r_1_29_38
constraint_16:~_r_1_29_33 or _r_1_59_60 or _r_1_59_69 or _r_1_59_79 or _r_1_59_81 or _r_1_59_86
constraint_3:~_r_1_2_7_8 or _r_1_29_38
constraint_39:_r_1_59_79 or ~_r_88_110_111_136_138
constraint_30:_r_1_59_60 or ~_r_88_110_111_121_124
constraint_34:_r_1_59_60 or ~_r_88_110_111_127_129
constraint_33:_r_1_59_60 or ~_r_88_110_111_127_128
constraint_32:_r_1_59_60 or _r_1_59_69 or _r_1_59_79 or ~_r_88_110_111_121_126
constraint_31:_r_1_59_60 or ~_r_88_110_111_121_125
constraint_38:_r_1_59_60 or ~_r_88_110_111_136_137
constraint_37:_r_1_59_60 or ~_r_88_110_111_130_133
constraint_36:_r_1_59_60 or ~_r_88_110_111_130_132
constraint_35:_r_1_59_60 or ~_r_88_110_111_130_131
constraint_62:~_r_1_2_9_10_11_12_15 or _r_1_29_33
constraint_28:_r_1_59_69 or _r_1_59_79 or ~_r_88_110_111_121_122
constraint_61:~_r_1_2_9_10_11_12_13 or _r_1_29_37
constraint_29:_r_1_59_69 or _r_1_59_79 or ~_r_88_110_111_121_123
constraint_40:_r_1_59_60 or ~_r_88_110_111_139
constraint_41:_r_1_59_60 or ~_r_88_110_111_139_140
constraint_22:_r_1_59_60 or _r_1_59_69 or _r_1_59_79 or _r_1_59_81 or _r_1_59_86 or ~_r_88_110_111_112_113
constraint_23:_r_1_59_60 or ~_r_88_110_111_112_114
constraint_20:~_r_1_51_53_55_56_58 or ~_r_1_59_81
constraint_21:~_r_1_51_53_55_56_58 or ~_r_1_59_81
constraint_26:_r_1_59_60 or ~_r_88_110_111_116_119
constraint_27:_r_1_59_69 or ~_r_88_110_111_116_120
constraint_24:_r_1_59_60 or ~_r_88_110_111_116_117
constraint_25:_r_1_59_60 or _r_1_59_69 or ~_r_88_110_111_116_118
</constraints>
</feature_model>
