<!-- This model was created online using SPLOT's Feature Model Editor (http://www.splot-research.org) on Wed, Mar 28, 2012 - 9:25 AM  -->
<feature_model name="Basic Text Editor">
<meta>
<data name="description">A Text Editor, with some possible features, exercise for College</data>
<data name="creator">João Brant</data>
<data name="address"></data>
<data name="email">brant.reis@Gmail.com</data>
<data name="phone"></data>
<data name="website"></data>
<data name="organization">UFMG</data>
<data name="department"></data>
<data name="date"></data>
<data name="reference"></data>
</meta>
<feature_tree>
:r Edit Text(_r)
	:m Open Text(_r_1)
		:m Open TXT file(_r_1_13)
		:o Open Microsoft Word file(_r_1_14)
		:o Open Open Office format(_r_1_15)
		:o Open SMS Text(_r_1_16)
	:m Save Text(_r_2)
	:m Write and Delete(_r_3)
	:o Format Text(_r_4)
		:m Change Font(_r_4_5)
		:m Change Text Size(_r_4_6)
		:m Change Italic or Bold(_r_4_7)
		:o Paragraph Identation(_r_4_8)
	:o Send E-mail(_r_9)
	:m Print Text(_r_10)
		:m Print to Printer(_r_10_11)
		:o Print to PDF(_r_10_12)
</feature_tree>
<constraints>
</constraints>
</feature_model>
