<!-- This model was created online using SPLOT's Feature Model Editor (http://www.splot-research.org) on Sat, May 12, 2012 - 4:35 PM  -->
<feature_model name="Car">
<meta>
<data name="description">Car model</data>
<data name="creator">De</data>
<data name="address"></data>
<data name="email">ilke_bg@yahoo.com</data>
<data name="phone"></data>
<data name="website"></data>
<data name="organization">CO</data>
<data name="department"></data>
<data name="date"></data>
<data name="reference"></data>
</meta>
<feature_tree>
:r Automobil(_r)
	:m Transmisija(_r_3)
		:g (_r_3_4) [1,1] 
			: Automatska(_r_3_4_5)
			: Manuelna(_r_3_4_6)
	:m  Motor(_r_7)
		:g (_r_7_9) [1,*] 
			: Elektricni(_r_7_9_10)
			: Benzin(_r_7_9_12)
		:m Broj vrata(_r_7_13)
	:g (_r_14) [1,*] 
		: AirBag(_r_14_15)
		: Grejaci sedista(_r_14_16)
		: EPS(_r_14_17)
	:m Klima(_r_19)
	:m ABS(_r_20)
</feature_tree>
<constraints>
</constraints>
</feature_model>
