<!-- This model was created online using SPLOT's Feature Model Editor (http://www.splot-research.org) on Wed, Jul 21, 2010 - 4:17 AM  -->
<feature_model name="TV-Series Shirt">
<meta>
<data name="description">Feature Model of TV-Series Shirts</data>
<data name="creator">StrongSteve</data>
<data name="address"></data>
<data name="email">me@me.com</data>
<data name="phone"></data>
<data name="website"></data>
<data name="organization">http://www.somewherein.at</data>
<data name="department"></data>
<data name="date">19.07.2010</data>
<data name="reference">Here ;)</data>
</meta>
<feature_tree>
:r TV-Series Shirts(_r)
	:m Color(_r_6)
		:g (_r_6_12) [1,*] 
			: Red(_r_6_12_13)
			: Green(_r_6_12_14)
			: Blue(_r_6_12_15)
			: Yellow(_r_6_12_16)
			: White(_r_6_12_17)
			: Black(_r_6_12_18)
			: Pink(_r_6_12_25)
	:m Type(_r_7)
		:g (_r_7_8) [1,1] 
			: Normal Cut(_r_7_8_9)
			: Girl Cut(_r_7_8_10)
			: Baby Cut(_r_7_8_11)
			: Longsleeve(_r_7_8_37)
	:m Theme(_r_19)
		:g (_r_19_20) [1,1] 
			: Chuck(_r_19_20_21)
			: CSI(_r_19_20_22)
			: LOST(_r_19_20_23)
			: Simpsons(_r_19_20_24)
			: Sex and the City(_r_19_20_38)
	:m Size(_r_26)
		:g (_r_26_27) [1,1] 
			: Small(_r_26_27_28)
			: Medium(_r_26_27_29)
			: Large(_r_26_27_30)
			: Extra Large(_r_26_27_31)
	:o Personalization(_r_32)
		:g (_r_32_33) [1,*] 
			: Name(_r_32_33_34)
			: Logo(_r_32_33_35)
			: Signature(_r_32_33_36)
</feature_tree>
<constraints>
constraint_8:~_r_32_33_35 or _r_32_33_36
constraint_9:_r_6_12_18 or ~_r_19_20_22
constraint_11:_r_6_12_25 or ~_r_19_20_38
constraint_6:~_r_19_20_23 or ~_r_6_12_25
constraint_12:_r_7_8_10 or ~_r_19_20_38
constraint_7:~_r_6_12_18 or _r_19_20_22
</constraints>
</feature_model>
