<!-- This model was created online using SPLOT's Feature Model Editor (http://www.splot-research.org) on Tue, Nov 12, 2013 - 8:37 AM  -->
<feature_model name="poratfolios1">
<meta>
<data name="description">portafolios1</data>
<data name="creator">Yasmina</data>
<data name="address"></data>
<data name="email">yasgopez@gmail.com</data>
<data name="phone"></data>
<data name="website"></data>
<data name="organization">UNIANDES</data>
<data name="department"></data>
<data name="date"></data>
<data name="reference"></data>
</meta>
<feature_tree>
:r portafolios1Yas(_r)
	:m Busqueda(_r_2)
		:g (_r_2_5) [1,*] 
			: Miembro(_r_2_5_6)
			: Colecciones(_r_2_5_7)
			: Obras(_r_2_5_8)
	:m TipoObra(_r_9)
		:g (_r_9_10) [1,1] 
			: Video(_r_9_10_11)
			: Texto(_r_9_10_12)
			: Imagen(_r_9_10_13)
			: Audio(_r_9_10_14)
	:o Comentario(_r_16)
		:g (_r_16_17) [1,*] 
			: Obra(_r_16_17_18)
			: Miembro(_r_16_17_19)
			: Coleccion(_r_16_17_20)
	:m Membresia(_r_23)
		:g (_r_23_24) [1,1] 
			: Basica(_r_23_24_25)
			: Pagada(_r_23_24_27)
				:g (_r_23_24_27_28) [1,1] 
					: Madia(_r_23_24_27_28_29)
					: Premiun(_r_23_24_27_28_31)
	:o Museo(_r_32)
</feature_tree>
<constraints>
constraint_1:_r_23_24_27_28_31 or _r_32
</constraints>
</feature_model>
