<!-- This model was created online using SPLOT's Feature Model Editor (http://www.splot-research.org) on Wed, Aug 21, 2013 - 2:24 AM  -->
<feature_model name="NOVASOFT">
<meta>
<data name="description">SE NOVASOFT</data>
<data name="creator">PARS</data>
<data name="address"></data>
<data name="email">pa.restrepo50@uniandes.edu.co</data>
<data name="phone"></data>
<data name="website"></data>
<data name="organization">PARS</data>
<data name="department"></data>
<data name="date"></data>
<data name="reference"></data>
</meta>
<feature_tree>
:r Novasoft(_r)
	:m Capacitacion Funcional(_r_1)
		:m Registro pedidos de clientes(_r_1_22)
		:m Registro del presupuesto de ventas(_r_1_23)
		:m Multiples reportes de ventas y de compras(_r_1_24)
		:m Registro de ventas perdidas(_r_1_25)
		:m Estadisticas de ventas - costos y utilidad por item(_r_1_26)
		:m Comparativo presupuestal y de ventas(_r_1_27)
		:m Estado de pedidos por item y por cliente(_r_1_28)
		:m Alerta por vencimiento de autorizacion de numeracion DIAN(_r_1_29)
		:m Manejo de puntos de entrega(_r_1_30)
		:m Registro de cotizaciones - ordenes de compra y despachos parciales o totales(_r_1_31)
		:m Controla los saldos de ordenes de compra(_r_1_32)
		:m Estado de ordenes de compra por item y por proveedor(_r_1_33)
		:m Sugerido de compras(_r_1_34)
		:m Registro de la ficha tecnica de cada producto(_r_1_35)
		:m Elaboracion de ordenes de produccion y su seguimiento(_r_1_36)
		:m Manejo de salidas de materia prima - entrada de materia prima y devolucion de materia prima sobrante(_r_1_37)
		:m Asignacion de mano de obra y costos indirectos de fabricacion(_r_1_38)
		:m Liquidacion de ordenes de produccion(_r_1_39)
		:m Controlas los saldos de ordenes de produccion(_r_1_40)
		:m Multiples reportes de entrada y salida(_r_1_41)
		:m Definir parametros que afecten la contabilidad(_r_1_42)
		:m Relacion diaria de ingresos y egresos(_r_1_43)
		:m Saldos y movimientos diarios - mensuales y anuales por cada cuenta de caja o banco(_r_1_44)
		:m Conciliacion bancaria(_r_1_45)
		:m Control de cheques entregados(_r_1_46)
		:m Importacion y exportacion de datos(_r_1_47)
		:m Manejo de flujo de caja(_r_1_48)
	:m Capacitacion No Funcional(_r_2)
		:m Flexibilidad(_r_2_4)
		:m Adaptabilidad(_r_2_5)
		:m Eficiencia(_r_2_6)
		:m Confiabilidad(_r_2_7)
		:m Disponibilidad(_r_2_8)
		:m Usabilidad(_r_2_9)
		:m Escalabilidad(_r_2_10)
	:m Modulos(_r_3)
		:m Nomina(_r_3_11)
		:m Cuentas por pagar(_r_3_12)
		:m Tesoreria(_r_3_13)
		:m Cuentas por cobrar(_r_3_14)
		:m Activos Fijos(_r_3_15)
		:m Contabilidad(_r_3_16)
		:m Compras(_r_3_17)
		:m Inventario(_r_3_18)
		:m Facturacion pedidos(_r_3_19)
		:m Ordenes de Produccion(_r_3_20)
		:m POS(_r_3_21)
</feature_tree>
<constraints>
</constraints>
</feature_model>
