<!-- This model was created online using SPLOT's Feature Model Editor (http://www.splot-research.org) on Sun, Mar 17, 2013 - 11:44 PM  -->
<feature_model name="anlisis II">
<meta>
<data name="description">analisis II</data>
<data name="creator">phruiz</data>
<data name="address"></data>
<data name="email">pnruiz@unimayor.edu.co</data>
<data name="phone"></data>
<data name="website"></data>
<data name="organization">unimayor</data>
<data name="department"></data>
<data name="date"></data>
<data name="reference"></data>
</meta>
<feature_tree>
:r Analisis II(_r)
	:o Realizar un Bosquejo de la Arquitectura(_r_1)
	:o Ilustrar la Arquitectura(_r_2)
		:g (_r_2_18) [1,1] 
			: Definir una Arquitectura Candidata(_r_2_18_19)
			: Analizar la Arquitectura(_r_2_18_20)
			: Analisis de la Arquitectura(_r_2_18_21)
	:o Analizar un Caso de Uso(_r_27)
	:o Analizar una Clase(_r_28)
	:o Analizar un Paquete(_r_29)
	:o Final(_r_31)
</feature_tree>
<constraints>
constraint_6:_r_27 or ~_r_28
constraint_7:_r_28 or ~_r_29
constraint_5:_r_2_18_21 or ~_r_27
</constraints>
</feature_model>
