<!-- This model was created online using SPLOT's Feature Model Editor (http://www.splot-research.org) on Wed, Apr 23, 2014 - 6:43 AM  -->
<feature_model name="Toko">
<meta>
<data name="description">Tugas RPL Lanjut</data>
<data name="creator">Mawar Dkk. (Bukan Nama Sebenarnya)</data>
<data name="address">Jl. Bunga Mawar 1/2</data>
<data name="email">mawar@bunga.com</data>
<data name="phone"></data>
<data name="website"></data>
<data name="organization">Bunga Bunga Di Dinding</data>
<data name="department">Software Engineering</data>
<data name="date"></data>
<data name="reference">Course Assignment</data>
</meta>
<feature_tree>
:r Toko ElektroMIK(_r)
	:m Pemesanan(_r_1)
		:m Validasi(_r_1_20)
		:m Pembayaran(_r_1_27)
			:m Invoice(_r_1_27_28)
			:m AlatPembayaran(_r_1_27_33)
				:g (_r_1_27_33_49) [1,*] 
					: CreditCard(_r_1_27_33_49_50)
					: DebitCard(_r_1_27_33_49_51)
					: BankTransfer(_r_1_27_33_49_52)
					: PayPal(_r_1_27_33_49_53)
		:o RiwayatPemesanan(_r_1_79)
	:m Katalog(_r_2)
		:o Ulasan(_r_2_21)
			:g (_r_2_21_82) [1,*] 
				: Teks(_r_2_21_82_83)
				: NilaiRating(_r_2_21_82_84)
		:o Rekomendasi(_r_2_22)
		:o Perbandingan(_r_2_23)
		:m Pencarian(_r_2_76)
		:m DaftarBarang(_r_2_78)
	:m Laporan(_r_39)
		:m Penjualan(_r_39_54)
			:g (_r_39_54_55) [1,*] 
				: Mingguan(_r_39_54_55_56)
				: Bulanan(_r_39_54_55_57)
				: Tahunan(_r_39_54_55_58)
		:o Gudang(_r_39_59)
			:g (_r_39_59_62) [1,*] 
				: Mingguan(_r_39_59_62_63)
				: Bulanan(_r_39_59_62_64)
				: Tahunan(_r_39_59_62_65)
	:o TanyaJawab(_r_47)
		:m ContentFiltering(_r_47_48)
		:m BentukTanyaJawab(_r_47_66)
			:g (_r_47_66_67) [1,*] 
				: Forum(_r_47_66_67_68)
				: RealTimeChat(_r_47_66_67_69)
	:o Iklan(_r_54)
		:g (_r_54_70) [1,*] 
			: Banner(_r_54_70_71)
				:g (_r_54_70_71_72) [1,1] 
					: Teks(_r_54_70_71_72_73)
					: Gambar(_r_54_70_71_72_74)
					: Video(_r_54_70_71_72_75)
			: Email(_r_54_70_76)
				:g (_r_54_70_76_77) [1,*] 
					: Manual(_r_54_70_76_77_78)
					: Periodik(_r_54_70_76_77_79)
	:m Pengiriman(_r_66)
		:m Metode(_r_66_67)
			:g (_r_66_67_68) [1,*] 
				: ONS(_r_66_67_68_69)
				: Reguler(_r_66_67_68_70)
				: AmbilDiToko(_r_66_67_68_71)
		:m Status(_r_66_72)
	:m User(_r_80)
		:m Registrasi(_r_80_81)
</feature_tree>
<constraints>
constraint_11:~_r_2_22 or _r_1_79
</constraints>
</feature_model>
