<!-- This model was created online using SPLOT's Feature Model Editor (http://www.splot-research.org) on Thu, Apr 15, 2010 - 8:04 AM  -->
<feature_model name="Reference Management Softwares Feature Model">
<meta>
<data name="description">Represents a software product line for reference management systems</data>
<data name="creator">Fernando Spanghero</data>
<data name="address"></data>
<data name="email">ferspanghero@gmail.com</data>
<data name="phone"></data>
<data name="website"></data>
<data name="organization">UFPE</data>
<data name="department">CIn</data>
<data name="date">15/04/2010</data>
<data name="reference"></data>
</meta>
<feature_tree>
:r Reference Management Software(_r)
	:m Platform Type(_r_2)
		:g (_r_2_3) [1,1] 
			: Web-centred(_r_2_3_4)
			: Desktop(_r_2_3_5)
	:m Content Management(_r_6)
		:m Bibliography(_r_6_7)
		:o Publications(_r_6_9)
		:m References(_r_6_10)
			:o Cite as you write(_r_6_10_11)
		:m Search(_r_6_13)
		:m Categorization(_r_6_14)
			:g (_r_6_14_15) [1,*] 
				: Subject Association(_r_6_14_15_16)
				: Tagging(_r_6_14_15_17)
		:o Exporting(_r_6_18)
			:g (_r_6_18_19) [1,*] 
				: BibTex(_r_6_18_19_20)
				: EndNote(_r_6_18_19_21)
				: RIS(_r_6_18_19_22)
				: PubMed(_r_6_18_19_23)
				: XML(_r_6_18_19_24)
		:o Importing(_r_6_25)
			:g (_r_6_25_26) [1,*] 
				: BibTex(_r_6_25_26_27)
				: EndNote(_r_6_25_26_28)
				: RIS(_r_6_25_26_29)
				: PubMed(_r_6_25_26_30)
				: XML(_r_6_25_26_31)
		:o Statistics Generation(_r_6_32)
	:o Users Interaction(_r_33)
		:m Content Sharing(_r_33_34)
		:o Discussion Boards(_r_33_39)
		:o Publication Writing Collaboration(_r_33_40)
	:o Multi-language Support(_r_41)
</feature_tree>
<constraints>
constraint_18:_r_6_9 or ~_r_33_40
constraint_19:_r_2_3_4 or ~_r_33
</constraints>
</feature_model>
