<!-- This model was created online using SPLOT's Feature Model Editor (http://www.splot-research.org) on Tue, Jun 4, 2013 - 2:26 AM  -->
<feature_model name="LMF">
<meta>
<data name="description">popcorn plant</data>
<data name="creator">johann badinger</data>
<data name="address"></data>
<data name="email">johann.badinger@hs-owl.de</data>
<data name="phone"></data>
<data name="website"></data>
<data name="organization">init-Institute Industrial IT</data>
<data name="department"></data>
<data name="date"></data>
<data name="reference"></data>
</meta>
<feature_tree>
:r solution_architecture(_r)
	:m Feature-16(_r_16)
		:o Feature-17(_r_16_17)
		:m Feature-18(_r_16_18)
			:m Feature-20(_r_16_18_20)
		:m Feature-25(_r_16_25)
	:m Feature-19(_r_19)
		:m Feature-21(_r_19_21)
		:m Feature-24(_r_19_24)
	:m Feature-22(_r_22)
	:m Feature-23(_r_23)
	:m Feature-26(_r_26)
	:m Feature-27(_r_27)
</feature_tree>
<constraints>
</constraints>
</feature_model>
