<!-- This model was created online using SPLOT's Feature Model Editor (http://www.splot-research.org) on Wed, Apr 6, 2011 - 3:29 PM  -->
<feature_model name="Database Tool">
<meta>
<data name="description">A model for a databese management tool</data>
<data name="creator">Thiago Vieira</data>
<data name="address"></data>
<data name="email">tpbvieira@gmail.com</data>
<data name="phone"></data>
<data name="website"></data>
<data name="organization">UFPE</data>
<data name="department"></data>
<data name="date"></data>
<data name="reference"></data>
</meta>
<feature_tree>
:r OS(_r)
	:m OS(_r_1)
		:g (_r_1_8) [1,*] 
			: Linux(_r_1_8_9)
			: Windows(_r_1_8_10)
			: Mac(_r_1_8_11)
	:m Plataform(_r_2)
		:g (_r_2_12) [1,*] 
			: Web Based(_r_2_12_13)
			: Desktop Based(_r_2_12_14)
	:o Wizard(_r_3)
	:m Paradigm(_r_4)
		:g (_r_4_5) [1,1] 
			: Object Oriented(_r_4_5_6)
			: Relational(_r_4_5_7)
	:m Management(_r_15)
		:g (_r_15_16) [1,*] 
			: DML(_r_15_16_17)
			: DDL(_r_15_16_18)
			: Stored Procedure(_r_15_16_19)
			: Trigger(_r_15_16_20)
			: Auto Completion(_r_15_16_21)
			: Syntax Colored(_r_15_16_22)
			: Debugger(_r_15_16_24)
	:o Help(_r_23)
	:o Source Control(_r_25)
		:g (_r_25_26) [1,*] 
			: SVN(_r_25_26_27)
			: CVS(_r_25_26_28)
			: SorceSafe(_r_25_26_29)
	:o Diagrams(_r_30)
		:g (_r_30_31) [1,*] 
			: Exportation(_r_30_31_32)
			: Edition(_r_30_31_33)
			: Visualization(_r_30_31_34)
			: Importation(_r_30_31_35)
		:m ER Model(_r_30_44)
		:o Conceptual Model(_r_30_45)
		:o Logical Model(_r_30_46)
	:m Database(_r_36)
		:g (_r_36_37) [1,1] 
			: DB2(_r_36_37_38)
			: MySQL(_r_36_37_39)
			: Oracle(_r_36_37_40)
			: PostgreSQL(_r_36_37_41)
			: SQLServer(_r_36_37_42)
	:o Code Performance Analysis(_r_43)
</feature_tree>
<constraints>
</constraints>
</feature_model>
