<!-- This model was created online using SPLOT's Feature Model Editor (http://www.splot-research.org) on Tue, Nov 6, 2012 - 3:21 PM  -->
<feature_model name="SC1 Feature Model">
<meta>
<data name="description">FM for SRS</data>
<data name="creator">Engineer</data>
<data name="address"></data>
<data name="email">mbcoteli@aselsan.com.tr</data>
<data name="phone"></data>
<data name="website"></data>
<data name="organization">aselsan</data>
<data name="department"></data>
<data name="date"></data>
<data name="reference"></data>
</meta>
<feature_tree>
:r SC1 Feature Model(_r)
	:m Base(_r_9)
		:m Mandatory Features(_r_9_10)
			:m V1(_r_9_10_23)
			:m V2(_r_9_10_24)
		:m VP1(_r_9_12)
			:g (_r_9_12_16) [1,*] 
				: V1(_r_9_12_16_17)
				: V2(_r_9_12_16_19)
				: V3(_r_9_12_16_20)
				: V4(_r_9_12_16_21)
				: V5(_r_9_12_16_22)
				: V6(_r_9_12_16_23)
				: V7(_r_9_12_16_24)
				: V8(_r_9_12_16_25)
		:m Vp2(_r_9_13)
			:g (_r_9_13_32) [1,1] 
				: V1(_r_9_13_32_33)
				: V2(_r_9_13_32_34)
		:m VP3(_r_9_14)
			:g (_r_9_14_35) [1,1] 
				: V1(_r_9_14_35_36)
				: V2(_r_9_14_35_37)
		:m VP4(_r_9_15)
			:g (_r_9_15_29) [1,1] 
				: V1(_r_9_15_29_30)
				: V2(_r_9_15_29_31)
</feature_tree>
<constraints>
constraint_3:~_r_9_12_16_20 or ~_r_9_12_16_21 or ~_r_9_12_16_22 or ~_r_9_12_16_23 or ~_r_9_12_16_24 or ~_r_9_12_16_25 or _r_9_15_29_30
</constraints>
</feature_model>
