<!-- This model was created online using SPLOT's Feature Model Editor (http://www.splot-research.org) on Tue, Sep 18, 2012 - 9:03 PM  -->
<feature_model name="MKT">
<meta>
<data name="description">Domain Marketing</data>
<data name="creator">Roberto</data>
<data name="address"></data>
<data name="email">rsrocha (no domínio usp.br)</data>
<data name="phone"></data>
<data name="website"></data>
<data name="organization">University of São Paulo</data>
<data name="department"></data>
<data name="date"></data>
<data name="reference"></data>
</meta>
<feature_tree>
:r AllSport(_r)
	:m oportunidade-de-negocio(_r_1)
		:g (_r_1_2) [1,1] 
			: externa(_r_1_2_3)
				:m qos(_r_1_2_3_5)
			: interna(_r_1_2_4)
		:m marketing-promocional(_r_1_6)
			:g (_r_1_6_7) [1,1] 
				: distribuicao-de-produtos-e-servicos(_r_1_6_7_8)
				: eventos-promocionais(_r_1_6_7_9)
					:g (_r_1_6_7_9_12) [1,*] 
						: estabelecer-parceria(_r_1_6_7_9_12_13)
						: buscar-eventos(_r_1_6_7_9_12_14)
							:g (_r_1_6_7_9_12_14_16) [1,1] 
								: manual(_r_1_6_7_9_12_14_16_17)
								: automatica(_r_1_6_7_9_12_14_16_18)
									:m qos(_r_1_6_7_9_12_14_16_18_19)
						: gerenciar-eventos(_r_1_6_7_9_12_15)
				: ofertas(_r_1_6_7_10)
			:m administracao(_r_1_6_11)
	:o midia(_r_20)
		:g (_r_20_21) [1,*] 
			: impressa(_r_20_21_22)
			: eletronica(_r_20_21_23)
			: digital(_r_20_21_24)
</feature_tree>
<constraints>
constraint_1:~_r_1_6_7_9_12_13 or ~_r_1_6_7_9_12_15
</constraints>
</feature_model>
