<!-- This model was created online using SPLOT's Feature Model Editor (http://www.splot-research.org) on Thu, Jun 25, 2015 - 6:35 AM  -->
<feature_model name="PFTest">
<meta>
<data name="description">Product Family Test</data>
<data name="creator">Chittimalli</data>
<data name="address"></data>
<data name="email">Chantabbai@gmail.com</data>
<data name="phone"></data>
<data name="website"></data>
<data name="organization">TRDDC</data>
<data name="department"></data>
<data name="date"></data>
<data name="reference"></data>
</meta>
<feature_tree>
:r MultiFunctionPrinterFamily(_r)
	:m Paper input capability(_r_1)
		:m Tray-1(_r_1_2)
		:m Tray-2(_r_1_3)
		:o Tray-3(_r_1_4)
		:o Tray-4(_r_1_5)
		:g (_r_1_25) [1,1] 
			: Document Glass(_r_1_25_26)
			: Duplex Automatic Document(_r_1_25_27)
	:m Network Connectivity(_r_6)
		:m 10-100Base-TX Ethernet(_r_6_7)
		:m USB(_r_6_8)
		:o wireless adapter(_r_6_9)
	:m Paper Size(_r_10)
		:m A4(_r_10_11)
		:m A5(_r_10_12)
		:m A6(_r_10_13)
	:m Products(_r_16)
		:g (_r_16_17) [1,1] 
			: P-1(_r_16_17_18)
			: P-2(_r_16_17_19)
			: P-3(_r_16_17_20)
			: P-4(_r_16_17_21)
	:m Print Speed(_r_22)
		:m 30 ppm(_r_22_23)
	:m Memory Standard-Max(_r_25)
		:m 512MB(_r_25_28)
		:o 512MB(_r_25_29)
	:o Scanning Software(_r_31)
</feature_tree>
<constraints>
constraint_1:_r_1_2 or ~_r_1_3
constraint_18:_r_1_5 or ~_r_16_17_21
constraint_20:~_r_16_17_21 or _r_31
constraint_6:_r_16_17_18 or ~_r_1_25_26
constraint_7:_r_16_17_19 or _r_16_17_20 or _r_16_17_21 or ~_r_1_25_27
constraint_14:_r_1_4 or ~_r_16_17_20
constraint_2:_r_1_3 or ~_r_1_4
constraint_3:_r_1_4 or ~_r_1_5
constraint_16:~_r_16_17_21 or _r_25_29
</constraints>
</feature_model>
