<!-- This model was created online using SPLOT's Feature Model Editor (http://www.splot-research.org) on Tue, Nov 12, 2013 - 8:38 PM  -->
<feature_model name="VacacionesSanmiguel">
<meta>
<data name="description">Modelo parcial</data>
<data name="creator">Jorge Sanmiguel</data>
<data name="address"></data>
<data name="email">je.sanmiguel44@uniandes.edu.co</data>
<data name="phone"></data>
<data name="website"></data>
<data name="organization">Uniandes</data>
<data name="department"></data>
<data name="date"></data>
<data name="reference"></data>
</meta>
<feature_tree>
:r MyHolidays(_r)
	:m Itinerary(_r_1)
		:g (_r_1_9) [1,*] 
			: Despliegue mediante lista(_r_1_9_10)
			: Despliegue mediante mapa(_r_1_9_11)
	:m Event(_r_2)
		:g (_r_2_28) [1,*] 
			: Despliegue en mapa(_r_2_28_29)
			: Despliegue de ficha del evento(_r_2_28_30)
	:m Memory(_r_3)
		:g (_r_3_33) [1,*] 
			: Crear recuerdo en forma de texto(_r_3_33_34)
			: Crear recuerdo en forma de audio(_r_3_33_35)
			: Crear recuerdo en forma de imagen(_r_3_33_36)
			: Crear recuerdo en forma de video(_r_3_33_37)
	:o User(_r_4)
	:o Payment(_r_5)
	:o Authetication(_r_6)
		:g (_r_6_12) [1,*] 
			: LDAP(_r_6_12_13)
			: Google(_r_6_12_14)
			: Facebook(_r_6_12_16)
	:o MultimediaFile(_r_17)
		:o Despliegue multimedia(_r_17_18)
			:g (_r_17_18_21) [1,*] 
				: Despliegue audio(_r_17_18_21_23)
				: Despliegue video(_r_17_18_21_24)
				: Despliegue imagen(_r_17_18_21_25)
	:o Audit(_r_27)
	:o Review(_r_32)
</feature_tree>
<constraints>
constraint_1:_r_4 or ~_r_5
constraint_4:_r_17_18_21_25 or ~_r_3_33_36
constraint_5:_r_17_18_21_24 or ~_r_3_33_37
constraint_2:_r_4 or ~_r_6
constraint_3:_r_17_18_21_23 or ~_r_3_33_35
</constraints>
</feature_model>
