<!-- This model was created online using SPLOT's Feature Model Editor (http://www.splot-research.org) on Sat, Nov 1, 2014 - 3:04 PM  -->
<feature_model name="rtrt">
<meta>
<data name="description">rtr</data>
<data name="creator">tt</data>
<data name="address"></data>
<data name="email">yy</data>
<data name="phone"></data>
<data name="website"></data>
<data name="organization">ere</data>
<data name="department"></data>
<data name="date"></data>
<data name="reference"></data>
</meta>
<feature_tree>
:r HRM(_r)
	:m Feature-1(_r_1)
		:o Feature-2(_r_1_2)
	:m Feature-3(_r_3)
	:m Feature-4(_r_4)
		:o Feature-5(_r_4_5)
			:o Feature-6(_r_4_5_6)
			:o Feature-7(_r_4_5_7)
	:m Feature-8(_r_8)
	:o Feature-9(_r_9)
</feature_tree>
<constraints>
constraint_1:_r_1_2 or _r_1
</constraints>
</feature_model>
