<!-- This model was created online using SPLOT's Feature Model Editor (http://www.splot-research.org) on Fri, Apr 1, 2011 - 5:06 PM  -->
<feature_model name="Carro Model">
<meta>
<data name="description">esse foi so pra aprender</data>
<data name="creator">renan</data>
<data name="address"></data>
<data name="email">rpgl@cin.ufpe.br</data>
<data name="phone"></data>
<data name="website"></data>
<data name="organization">Renan</data>
<data name="department"></data>
<data name="date"></data>
<data name="reference"></data>
</meta>
<feature_tree>
:r Carro(_r)
	:m Transmissao(_r_1)
		:g (_r_1_5) [1,1] 
			: automatica(_r_1_5_6)
			: manual(_r_1_5_7)
	:m Potencia(_r_2)
		:g (_r_2_8) [1,1] 
			: 90(_r_2_8_9)
			: 100(_r_2_8_10)
			: 120(_r_2_8_11)
	:o ar condicionado(_r_4)
	:m portas(_r_12)
		:g (_r_12_13) [1,1] 
			: 2(_r_12_13_14)
			: 4(_r_12_13_15)
	:g (_r_16) [1,*] 
		: Luzes(_r_16_17)
		: bola(_r_16_18)
</feature_tree>
<constraints>
constraint_1:_r_4 or _r_2_8_10
constraint_2:_r_2_8_11 or _r_12_13_15
</constraints>
</feature_model>
