<!-- This model was created online using SPLOT's Feature Model Editor (http://www.splot-research.org) on Sat, May 26, 2012 - 10:55 PM  -->
<feature_model name="Meshing Tool Generator">
<meta>
<data name="description">Meshing Tool Generator</data>
<data name="creator">Gonzalo U</data>
<data name="address"></data>
<data name="email">gonzalourroz@gmail.com</data>
<data name="phone"></data>
<data name="website"></data>
<data name="organization">U. de Chile</data>
<data name="department"></data>
<data name="date"></data>
<data name="reference"></data>
</meta>
<feature_tree>
:r FaceAnimator(_r)
	:m Algoritmo Refinamiento(_r_13)
		:g (_r_13_15) [1,1] 
			: DELAUNAY LONGEST EDGE BISECTION(_r_13_15_16)
			: LEPP-DELAUNAY(_r_13_15_17)
	:o Algoritmo Deformacion(_r_11)
		:g (_r_11_12) [1,1] 
			: CREAR ANIMACION(_r_11_12_13)
			: DEFORMACION CD3(_r_11_12_14)
	:o Opciones de Visualizacion(_r_15)
		:g (_r_15_16) [1,1] 
			: ACTION UNITS(_r_15_16_17)
			: CONCENTRACION HORMONA(_r_15_16_18)
	:o Aplicaciones Especificas(_r_19)
		:g (_r_19_20) [1,1] 
			: DISTRIBUCION DE HORMONA(_r_19_20_21)
	:m Idioma(__r_19)
		:g (__r_19_21) [1,1] 
			: ESPANOL(__r_19_21_22)
			: INGLES(__r_19_21_23)
	:m Manejo de Archivos(_r_36)
		:o GUARDAR(_r_36_37)
		:m ABRIR(_r_36_40)
		:g (_r_36_41) [1,*] 
			: MATLAB(_r_36_41_45)
			: OFF(_r_36_41_47)
			: TXT(_r_36_41_48)
			: WRL(_r_36_41_49)
			: CMS_1(_r_36_41_50)
	:m Algoritmo de Malla Inicial(_r_51)
		:g (_r_51_38) [1,1] 
			: DUMY ALGORITHM(_r_51_38_39)
			: REGISTRATION METHOD(_r_51_38_40)
	:o Caracteristicas de Visualizacion(_r_42)
		:g (_r_42_43) [1,*] 
			: MOSTRAR CARAS(_r_42_43_44)
			: MOSTRAR ARCOS(_r_42_43_45)
			: MOSTRAR ESTADISTICAS MALLA(_r_42_43_46)
			: BORRAR MALLA(_r_42_43_47)
	:o Modificacion Geometria(_r_48)
		:g (_r_48_49) [1,*] 
			: TRIANGULAR(_r_48_49_50)
			: CUADRANGULAR(_r_48_49_51)
	:o Algoritmo de Desrefinamiento(__r_41)
		:g (__r_41_43) [1,*] 
			: AREA MINIMA(__r_41_43_44)
			: LARGO ARCO MINIMO(__r_41_43_45)
	:o Algoritmo de Mejoramiento(_r_44)
		:g (_r_44_46) [1,*] 
			: EDGE-COLAPSE(_r_44_46_47)
	:m Titulo Aplicacion(_r_46)
</feature_tree>
<constraints>
constraint_42:~_r_15_16_18 or _r_19_20_21
constraint_45:~_r_11 or ~_r_36_41_45
constraint_56:~_r_36_41_50 or ~_r_51_38_40
constraint_38:~_r_15_16_17 or ~_r_36_41_50
constraint_47:~_r_11 or ~_r_36_41_48
constraint_55:~_r_36_41_48 or ~_r_51_38_40
constraint_37:~_r_15_16_17 or ~_r_36_41_48
constraint_46:~_r_11 or ~_r_36_41_47
constraint_54:~_r_36_41_47 or ~_r_51_38_40
constraint_36:~_r_15_16_17 or ~_r_36_41_47
constraint_49:~_r_11 or _r_36_41_49
constraint_48:~_r_11 or ~_r_36_41_50
constraint_53:~_r_36_41_45 or ~_r_51_38_40
constraint_35:~_r_15_16_17 or ~_r_36_41_45
constraint_50:~_r_15_16_17 or _r_36_41_49
constraint_51:~_r_19_20_21 or ~_r_36_41_49
constraint_52:_r_36_41_49 or ~_r_51_38_40
</constraints>
</feature_model>
