<!-- This model was created online using SPLOT's Feature Model Editor (http://www.splot-research.org) on Mon, Sep 16, 2013 - 2:25 PM  -->
<feature_model name="MobileMedia_Ibraim">
<meta>
<data name="description">Reuso de Software</data>
<data name="creator">Ibraim Medina</data>
<data name="address"></data>
<data name="email">ibraimedina@gmail.com</data>
<data name="phone"></data>
<data name="website"></data>
<data name="organization">DCC-UFMG</data>
<data name="department"></data>
<data name="date"></data>
<data name="reference"></data>
</meta>
<feature_tree>
:r Mobile Media(_r)
	:m Media Selection(_r_1)
		:m Photo(_r_1_19)
		:o Music(_r_1_20)
		:o Video(_r_1_21)
	:m Media Management(_r_2)
		:m Favourites(_r_2_8)
			:m Set Favourites(_r_2_8_9)
			:m View Favourites(_r_2_8_10)
		:o Copy Media(_r_2_11)
		:o SMS Transfer(_r_2_12)
			:o Receive Photo(_r_2_12_13)
			:o Send Photo(_r_2_12_14)
	:m Screen Size(_r_3)
		:g (_r_3_15) [1,1] 
			: Screen1(_r_3_15_16)
</feature_tree>
<constraints>
constraint_1:_r_2_11 or ~_r_2_12
constraint_2:_r_3_15_16 or ~_r_1_19
</constraints>
</feature_model>
