<!-- This model was created online using SPLOT's Feature Model Editor (http://www.splot-research.org) on Sun, Apr 22, 2012 - 4:32 PM  -->
<feature_model name="Linha de produtos - SimulES e PnP">
<meta>
<data name="description">Linha de produtos do jogo SimulES e PnP</data>
<data name="creator">Gustavo Gomes</data>
<data name="address"></data>
<data name="email">gtg@ufmg.br</data>
<data name="phone"></data>
<data name="website"></data>
<data name="organization">UFMG</data>
<data name="department">DCC</data>
<data name="date"></data>
<data name="reference"></data>
</meta>
<feature_tree>
:r Linha de Produtos(_r)
	:o Tabuleiro(_r_1)
	:m Engenheiro de Software(_r_5)
	:m Cartao de Projeto(_r_6)
	:o Sistema de dados(_r_7)
	:o Sistema de bugs(_r_8)
		:g (_r_8_14) [1,1] 
			: Sistema SimulES(_r_8_14_15)
			: Sistema PnP(_r_8_14_16)
	:m Artefatos(_r_9)
		:g (_r_9_17) [1,*] 
			: Brancos(_r_9_17_18)
			: Vermelhos(_r_9_17_19)
	:o Cartas(_r_10)
		:g (_r_10_11) [1,*] 
			: Conceitos(_r_10_11_12)
			: Problemas(_r_10_11_13)
</feature_tree>
<constraints>
constraint_4:~_r_10 or _r_10_11_12 or _r_10_11_13
constraint_2:~_r_8 or _r_8_14_15 or _r_8_14_16
</constraints>
</feature_model>
