<!-- This model was created online using SPLOT's Feature Model Editor (http://www.splot-research.org) on Fri, Oct 26, 2012 - 2:34 AM  -->
<feature_model name="Recordatorios">
<meta>
<data name="description">recordatios para los empleados</data>
<data name="creator">felipe pino</data>
<data name="address"></data>
<data name="email">felipino05@hotmail.com</data>
<data name="phone"></data>
<data name="website"></data>
<data name="organization">colmayor</data>
<data name="department"></data>
<data name="date"></data>
<data name="reference"></data>
</meta>
<feature_tree>
:r Recordatorios(_r)
	:m Plataforma(_r_1)
		:o web(_r_1_2)
		:o escritorio(_r_1_3)
		:o movil(_r_1_4)
	:m cliente(_r_5)
		:o unipersonal(_r_5_6)
		:o grupal(_r_5_7)
	:o Fecha(_r_8)
		:o D-M-A(_r_8_11)
		:o M-D-A(_r_8_13)
	:o A-M-D(_r_12)
	:m Hora(_r_14)
		:o 12(_r_14_15)
		:o 24(_r_14_19)
	:m Notificacion(_r_20)
		:m Mensaje(_r_20_22)
			:o forma de envio(_r_20_22_23)
				:m visualizar(_r_20_22_23_24)
				:o correo electronico(_r_20_22_23_25)
				:o Mensaje sms(_r_20_22_23_26)
		:o sonido(_r_20_27)
		:o vibracion(_r_20_28)
	:o Rutina de ejercicio(_r_29)
		:o respiratorio(_r_29_30)
		:o Muscular (_r_29_31)
		:o Visual(_r_29_32)
	:m programcion notificacion(_r_33)
</feature_tree>
<constraints>
constraint_1:_r
</constraints>
</feature_model>
