<!-- This model was created online using SPLOT's Feature Model Editor (http://www.splot-research.org) on Tue, Dec 20, 2011 - 10:21 AM  -->
<feature_model name="Transmission">
<meta>
<data name="description">Configuration of a Transmission</data>
<data name="creator">TD</data>
<data name="address"></data>
<data name="email">tobiasd123@gmx.de</data>
<data name="phone"></data>
<data name="website"></data>
<data name="organization">none</data>
<data name="department"></data>
<data name="date"></data>
<data name="reference"></data>
</meta>
<feature_tree>
:r Transmission(_r)
	:m TransmissionType(_r_18)
		:g (_r_18_19) [1,1] 
			: MT(_r_18_19_20)
			: ATM(_r_18_19_21)
			: CVT(_r_18_19_22)
			: DCT(_r_18_19_23)
	:m StartingElement(_r_24)
		:g (_r_24_25) [1,1] 
			: TQ(_r_24_25_26)
			: Clutch(_r_24_25_27)
				:g (_r_24_25_27_28) [1,1] 
					: Dry(_r_24_25_27_28_29)
					: Wet(_r_24_25_27_28_30)
	:o Hybrid(_r_31)
		:g (_r_31_32) [1,1] 
			: MildHybrid(_r_31_32_33)
			: FullHybrid(_r_31_32_34)
			: Micro(_r_31_32_35)
</feature_tree>
<constraints>
constraint_5:~_r_18_19_20 or _r_24_25_27 or _r_24_25_27_28_29
</constraints>
</feature_model>
