<!-- This model was created online using SPLOT's Feature Model Editor (http://www.splot-research.org) on Fri, Nov 29, 2013 - 4:05 PM  -->
<feature_model name="UPT_RM_MOBILE">
<meta>
<data name="description">UPT_RM_MOBILE</data>
<data name="creator">UPT_RM_MOBILE</data>
<data name="address"></data>
<data name="email">UPT_RM_MOBILE</data>
<data name="phone"></data>
<data name="website"></data>
<data name="organization">UPT_RM_MOBILE</data>
<data name="department"></data>
<data name="date"></data>
<data name="reference"></data>
</meta>
<feature_tree>
:r Mobile Phone(_r)
	:m Calls Support(_r_1)
	:m Display Information(_r_2)
		:g (_r_2_5) [1,1] 
			: Basic Screen(_r_2_5_6)
			: Color Screen(_r_2_5_7)
			: HighRes Screen(_r_2_5_8)
	:o GPS Support(_r_3)
	:o Media Devices(_r_11)
		:g (_r_11_12) [1,*] 
			: MP3 Player(_r_11_12_13)
			: Camera(_r_11_12_14)
</feature_tree>
<constraints>
constraint_2:_r_2_5_8 or ~_r_11_12_14
constraint_3:~_r_3 or ~_r_2_5_6
</constraints>
</feature_model>
