<!-- This model was created online using SPLOT's Feature Model Editor (http://www.splot-research.org) on Mon, Jul 12, 2010 - 11:08 PM  -->
<feature_model name="Card Product">
<meta>
<data name="description">Features of Credit Cards</data>
<data name="creator">Wayne Jenkins</data>
<data name="address"></data>
<data name="email">wayne.jenkins@marlo.com.au</data>
<data name="phone"></data>
<data name="website"></data>
<data name="organization">The Marlo Group</data>
<data name="department"></data>
<data name="date"></data>
<data name="reference"></data>
</meta>
<feature_tree>
:r card product(_r)
	:m Fees and Charges(_r_1)
	:m Interest Rates(_r_2)
		:o Balance Transfer Rate(_r_2_15)
		:o Interest Free Days(_r_2_16)
		:o Cash Advance Rate(_r_2_17)
		:m Interest Rate(_r_2_18)
		:m Variable Interest Rate(_r_2_19)
	:m Payments(_r_3)
		:o Deferred(_r_3_14)
	:m Rewards(_r_4)
		:o Fly-by Points(_r_4_11)
		:o Fuel Savings(_r_4_12)
		:o GO Business Rewards(_r_4_13)
	:m Credit(_r_5)
		:m Minimum Credit Limit(_r_5_6)
		:m Maximum Credit Limit(_r_5_7)
	:o Card(_r_8)
		:o Multiple Cards(_r_8_9)
		:o Name on Card(_r_8_10)
</feature_tree>
<constraints>
</constraints>
</feature_model>
