<!-- This model was created online using SPLOT's Feature Model Editor (http://www.splot-research.org) on Wed, Apr 6, 2011 - 3:46 PM  -->
<feature_model name="Torrent Client">
<meta>
<data name="description">Models a torrent client features</data>
<data name="creator">Társis Toledo</data>
<data name="address"></data>
<data name="email">twt@cin.ufpe.br</data>
<data name="phone"></data>
<data name="website"></data>
<data name="organization">UFPE - CIn</data>
<data name="department"></data>
<data name="date"></data>
<data name="reference"></data>
</meta>
<feature_tree>
:r BitTorrent Client Feature Model(_r)
	:o Web Management(_r_1)
		:o SMS Warnings(_r_1_11)
	:m Queue(_r_2)
		:g (_r_2_6) [1,1] 
			: Linear(_r_2_6_7)
			: Priority(_r_2_6_10)
	:m Protocol(_r_13)
		:g (_r_13_16) [1,*] 
			: IPv4(_r_13_16_17)
			: IPv6(_r_13_16_18)
			: UDP(_r_13_16_49)
	:o UPnP(_r_19)
	:o Peer Exchange(_r_20)
		:g (_r_20_21) [1,1] 
			: Azureus-like(_r_20_21_22)
			: BitComent-like(_r_20_21_24)
			: MainLine(_r_20_21_25)
	:o MAGNET URI(_r_27)
	:o Super-seeding(_r_30)
	:o Embedded tracker(_r_31)
		:g (_r_31_34) [1,*] 
			: Multi-tracker(_r_31_34_35)
			: Trackerless(_r_31_34_36)
	:o NAT-PMP(_r_37)
	:o NAT Traversal(_r_39)
		:g (_r_39_41) [1,*] 
			: SOCKS(_r_39_41_42)
			: RSIP(_r_39_41_43)
			: MIDCOM(_r_39_41_44)
	:o Encryption(_r_45)
		:g (_r_45_46) [1,1] 
			: MSE-PE(_r_45_46_47)
			: PHE(_r_45_46_48)
	:o LDP(_r_50)
</feature_tree>
<constraints>
constraint_8:_r_13_16_49 or ~_r_50
constraint_6:~_r_20 or _r_45_46_47
constraint_5:~_r_13_16_18 or ~_r_31_34_36
</constraints>
</feature_model>
