<!-- This model was created online using SPLOT's Feature Model Editor (http://www.splot-research.org) on Tue, Mar 5, 2013 - 10:28 PM  -->
<feature_model name="Pruebas II">
<meta>
<data name="description">Pruebas II</data>
<data name="creator">Pruiz</data>
<data name="address"></data>
<data name="email">phruiz@unimayor.edu.co</data>
<data name="phone"></data>
<data name="website"></data>
<data name="organization">unimayor</data>
<data name="department"></data>
<data name="date"></data>
<data name="reference"></data>
</meta>
<feature_tree>
:r Pruebas II(_r)
	:m Crear Prueba(_r_1)
		:g (_r_1_2) [1,1] 
			: Definir mision de evalaucion(_r_1_2_3)
			: Planificar Pruebas(_r_1_2_4)
			: Crear un caso de Prueba(_r_1_2_5)
	:o Diseniar Prueba(_r_6)
	:m Realizar Prueba(_r_15)
		:g (_r_15_16) [1,1] 
			: Implementar Prueba(_r_15_16_17)
			: Probar y Evaluar(_r_15_16_18)
	:m Ejecutar Prueba(_r_19)
		:g (_r_19_20) [1,1] 
			: Realizar Prueba de Integracion(_r_19_20_21)
			: Ejecutar Prueba(_r_19_20_23)
	:m Pruebas del Sistema(_r_24)
	:m Evaluar(_r_25)
		:g (_r_25_26) [1,1] 
			: Evaluar Resultados de la Prueba(_r_25_26_28)
			: Evaluar Resultados de la Prueba II(_r_25_26_29)
</feature_tree>
<constraints>
constraint_1:_r_1_2_5 or ~_r_15_16_17
constraint_4:_r_19_20_23 or ~_r_25_26_28
constraint_2:_r_15_16_17 or ~_r_19_20_23
</constraints>
</feature_model>
