<!-- This model was created online using SPLOT's Feature Model Editor (http://www.splot-research.org) on Fri, Apr 11, 2014 - 5:44 AM  -->
<feature_model name="ROOT">
<meta>
<data name="description">new root one</data>
<data name="creator">rafat als3ode</data>
<data name="address"></data>
<data name="email">rafatals3ode@gmail.com</data>
<data name="phone"></data>
<data name="website"></data>
<data name="organization">Lirmm</data>
<data name="department"></data>
<data name="date"></data>
<data name="reference"></data>
</meta>
<feature_tree>
:r root (_r)
	:o F1(_r_1)
	:o F2(_r_2)
	:o F3(_r_3)
	:o F4(_r_4)
	:o F5(_r_5)
	:o F6(_r_6)
	:o F7(_r_7)
	:m 1(_r_8)
	:m 2(_r_9)
	:m 3(_r_10)
</feature_tree>
<constraints>
constraint_1:_r_4 or ~_r_7
</constraints>
</feature_model>
