<!-- This model was created online using SPLOT's Feature Model Editor (http://www.splot-research.org) on Wed, Mar 28, 2012 - 9:51 AM  -->
<feature_model name="Parking lot Manager">
<meta>
<data name="description">A parking lot manager</data>
<data name="creator">Fernando Calazans Lopes</data>
<data name="address"></data>
<data name="email">fcalps@dcc.ufmg.br</data>
<data name="phone"></data>
<data name="website"></data>
<data name="organization">UFMG</data>
<data name="department"></data>
<data name="date"></data>
<data name="reference"></data>
</meta>
<feature_tree>
:r Parking lot Manager(_r)
	:m Car manager(_r_2)
		:m Car register(_r_2_3)
		:m Transfer controller(_r_2_4)
		:m Car Finder(_r_2_10)
			:g (_r_2_10_11) [1,1] 
				: GPS(_r_2_10_11_12)
				: Manual Mapping(_r_2_10_11_13)
	:o Statistics(_r_5)
		:o Dashboard(_r_5_6)
		:o Car Location statistics(_r_5_14)
	:m Parking lot register(_r_9)
	:o User Manager(_r_15)
		:o Register user(_r_15_16)
</feature_tree>
<constraints>
constraint_6:~_r_15 or _r_15_16
constraint_5:_r_2_10_11_12 or ~_r_5_14
</constraints>
</feature_model>
