<!-- This model was created online using SPLOT's Feature Model Editor (http://www.splot-research.org) on Wed, Aug 29, 2012 - 2:14 AM  -->
<feature_model name="Loja Virtual">
<meta>
<data name="description">Serviços oferecidos por uma loja virtual</data>
<data name="creator">Rocha, Roberto</data>
<data name="address"></data>
<data name="email">rsrocha  (no domínio usp.br)</data>
<data name="phone"></data>
<data name="website"></data>
<data name="organization">USP</data>
<data name="department"></data>
<data name="date"></data>
<data name="reference"></data>
</meta>
<feature_tree>
:r Loja Virtual(_r)
	:m pagamento(_r_1)
		:o deteccao-de-fraude(_r_1_6)
		:m tipo-de-pagamento(_r_1_7)
			:g (_r_1_7_8) [1,*] 
				: cartao-de-credito(_r_1_7_8_9)
				: cartao-de-debito(_r_1_7_8_12)
				: boleto-bancario(_r_1_7_8_13)
	:m entrega(_r_2)
		:g (_r_2_14) [1,*] 
			: terra(_r_2_14_15)
			: ar(_r_2_14_16)
			: mar(_r_2_14_17)
</feature_tree>
<constraints>
constraint_6:_r_1_6 or ~_r_1_7_8_12
constraint_5:_r_1_6 or ~_r_1_7_8_9
</constraints>
</feature_model>
