<!-- This model was created online using SPLOT's Feature Model Editor (http://www.splot-research.org) on Wed, Dec 7, 2016 - 7:11 AM  -->
<feature_model name="Mobile Games">
<meta>
<data name="description">Mobile Games Development</data>
<data name="creator">Edi</data>
<data name="address"></data>
<data name="email">edi198@yahoo.com</data>
<data name="phone"></data>
<data name="website"></data>
<data name="organization">UKL</data>
<data name="department"></data>
<data name="date"></data>
<data name="reference"></data>
</meta>
<feature_tree>
:r Mobile Games(_r)
	:m Input(_r_3)
		:g (_r_3_29) [1,*] 
			: Touch Screen(_r_3_29_30)
			: Keypad(_r_3_29_32)
			: Speech(_r_3_29_33)
			: Movement detection(_r_3_29_34)
	:o Output(_r_9)
		:o Force Feedback(_r_9_10)
	:o Network Support(_r_11)
		:o Online Multiplayer(_r_11_13)
	:o Internationalization(_r_17)
		:o International languanges support(_r_17_19)
	:o Platform Independence(_r_20)
		:o Platform independence support(_r_20_22)
	:o Pay and bill support(_r_23)
		:o Pay and bill system(_r_23_24)
</feature_tree>
<constraints>
constraint_1:_r_3_29_30 or _r_3_29_32 or _r_3_29_33 or _r_3_29_34 or _r_3 or _r_9_10 or _r_9 or _r_11_13 or _r_11 or _r_17_19 or _r_17 or _r_20_22 or _r_20 or _r_23_24 or _r_23 or _r
</constraints>
</feature_model>
