<!-- This model was created online using SPLOT's Feature Model Editor (http://www.splot-research.org) on Tue, Dec 9, 2014 - 12:07 AM  -->
<feature_model name="Phone sple">
<meta>
<data name="description">test</data>
<data name="creator">chosy</data>
<data name="address"></data>
<data name="email">craxy2010@postech.ac.kr</data>
<data name="phone"></data>
<data name="website"></data>
<data name="organization">postech</data>
<data name="department"></data>
<data name="date"></data>
<data name="reference"></data>
</meta>
<feature_tree>
:r Phone(_r)
	:g (_r_6) [1,*] 
		: Smart Phone(_r_6_7)
			:m OS(_r_6_7_9)
				:g (_r_6_7_9_10) [1,*] 
					: Android(_r_6_7_9_10_11)
					: Window Mobile(_r_6_7_9_10_15)
					: Mac(_r_6_7_9_10_16)
		: Feature Phone(_r_6_8)
			:m OS(_r_6_8_19)
				:g (_r_6_8_19_20) [1,*] 
					: Brew(_r_6_8_19_20_21)
					: WIPI(_r_6_8_19_20_23)
</feature_tree>
<constraints>
constraint_1:~_r_6_7_9_10_11 or _r_6_7_9_10_15 or _r_6_7_9_10_16 or ~_r_6_7_9 or _r_6_7 or _r_6_8_19_20_21 or _r_6_8_19_20_23 or _r_6_8_19 or _r_6_8 or ~_r
constraint_6:_r_6_7_9_10_11 or _r_6_8_19_20_21 or ~_r_6_8
constraint_5:~_r_6_7 or _r
</constraints>
</feature_model>
