<!-- This model was created online using SPLOT's Feature Model Editor (http://www.splot-research.org) on Mon, Sep 16, 2013 - 2:43 PM  -->
<feature_model name="MobileMedia_MarinaMB">
<meta>
<data name="description">Mobile Media</data>
<data name="creator">Marina Montanari Barbosa</data>
<data name="address"></data>
<data name="email">marinamb@dcc.ufmg.br</data>
<data name="phone"></data>
<data name="website"></data>
<data name="organization">UFMG</data>
<data name="department"></data>
<data name="date"></data>
<data name="reference"></data>
</meta>
<feature_tree>
:r Mobile Media(_r)
	:m Media Selection(_r_1)
		:m Photo(_r_1_24)
		:o Music(_r_1_25)
		:o Video(_r_1_26)
	:m Media Management(_r_2)
		:m Favourites(_r_2_16)
			:m Set Favourites(_r_2_16_19)
			:m View Favourites(_r_2_16_20)
		:o Copy Media(_r_2_17)
		:o SMS Transfer(_r_2_18)
			:o Receive Photo(_r_2_18_21)
			:o Send Photo(_r_2_18_22)
	:m Screen Size(_r_3)
		:g (_r_3_12) [1,1] 
			: Screen1(_r_3_12_13)
</feature_tree>
<constraints>
constraint_6:_r_3_12_13 or ~_r_1_24
constraint_3:_r_2_17 or ~_r_2_18
</constraints>
</feature_model>
