<!-- This model was created online using SPLOT's Feature Model Editor (http://www.splot-research.org) on Thu, Oct 18, 2012 - 9:44 AM  -->
<feature_model name="Mobile Media">
<meta>
<data name="description">Root feature</data>
<data name="creator">Renato</data>
<data name="address"></data>
<data name="email">jucah@dcc.ufmg.br</data>
<data name="phone"></data>
<data name="website"></data>
<data name="organization">UFMG</data>
<data name="department"></data>
<data name="date"></data>
<data name="reference"></data>
</meta>
<feature_tree>
:r Mobile Media(_r)
	:m Media Selection(_r_1)
		:g (_r_1_4) [1,*] 
			: Photo(_r_1_4_5)
			: Music(_r_1_4_6)
			: Video(_r_1_4_7)
	:m Media Management(_r_2)
		:o Favorites(_r_2_8)
			:m Set Favorites(_r_2_8_19)
			:m View Favorites(_r_2_8_20)
		:m Copy Media(_r_2_9)
		:o SMS Transfer(_r_2_16)
			:o Receive Photo(_r_2_16_17)
			:o Send Photo(_r_2_16_18)
	:m Screen Size(_r_3)
		:g (_r_3_11) [1,1] 
			: Screen1(_r_3_11_12)
			: Screen2(_r_3_11_13)
</feature_tree>
<constraints>
</constraints>
</feature_model>
