<!-- This model was created online using SPLOT's Feature Model Editor (http://www.splot-research.org) on Wed, Mar 28, 2012 - 9:16 AM  -->
<feature_model name="UML-IDE-TOOL">
<meta>
<data name="description">A UML CASE tool .</data>
<data name="creator">Alcemir Santos</data>
<data name="address"></data>
<data name="email">alcemir.santos@gmail.com</data>
<data name="phone"></data>
<data name="website"></data>
<data name="organization">DCC-UFMG</data>
<data name="department"></data>
<data name="date"></data>
<data name="reference"></data>
</meta>
<feature_tree>
:r UML-IDE(_r)
	:m Diagrams(_r_10)
		:m Class Diagram(_r_10_11)
			:g (_r_10_11_24) [1,*] 
				: Export(_r_10_11_24_25)
				: Import(_r_10_11_24_26)
		:o Sequence Diagram(_r_10_12)
		:o State Diagram(_r_10_13)
		:o Component Diagram(_r_10_14)
		:o Activivity Diagram(_r_10_16)
		:o Use Case Diagram(_r_10_17)
		:o Colaboration Diargam(_r_10_18)
		:o Deployment Diagram(_r_10_19)
	:o Cognitive Support(_r_20)
	:o Logging(_r_21)
</feature_tree>
<constraints>
</constraints>
</feature_model>
