<!-- This model was created online using SPLOT's Feature Model Editor (http://www.splot-research.org) on Tue, Nov 12, 2013 - 8:34 PM  -->
<feature_model name="VacacionesCabrera">
<meta>
<data name="description">Maya's features</data>
<data name="creator">Christian Cabrera</data>
<data name="address"></data>
<data name="email">ch.cabrera38@uniandes.edu.co</data>
<data name="phone"></data>
<data name="website"></data>
<data name="organization">Universidad de los Andes</data>
<data name="department"></data>
<data name="date"></data>
<data name="reference"></data>
</meta>
<feature_tree>
:r Maya(_r)
	:m User Manager(_r_1)
		:g (_r_1_12) [1,*] 
			: System User(_r_1_12_13)
				:m Create User(_r_1_12_13_18)
				:m Edit User(_r_1_12_13_19)
				:m Delete User(_r_1_12_13_20)
				:m Login User(_r_1_12_13_21)
			: Twitter User(_r_1_12_14)
				:m Single Sign-On(_r_1_12_14_16)
			: Facebook User(_r_1_12_15)
				:m Single Sign-On(_r_1_12_15_17)
	:m Holiday Manager(_r_2)
		:m Create Holiday(_r_2_23)
		:m Edit Holiday(_r_2_24)
		:m Delete Holiday(_r_2_25)
		:m Show Holiday(_r_2_26)
	:m Intinerary Manager(_r_3)
		:m Create Intinerary(_r_3_27)
		:m Edit Intinerary(_r_3_28)
		:m Delete Intinerary(_r_3_29)
		:m Show Intinerary(_r_3_30)
	:m Activity Manager(_r_4)
		:m Create Activity(_r_4_31)
		:m Edit Activity(_r_4_33)
		:m Delete Activity(_r_4_34)
		:m Show Activity(_r_4_35)
	:m Media Memory Manager(_r_5)
		:m Create Media Memory(_r_5_36)
		:m Edit Media Memory(_r_5_38)
		:m Delete Media Memory(_r_5_39)
		:m Show Media Memory(_r_5_41)
			:g (_r_5_41_42) [1,*] 
				: Video Media Memory(_r_5_41_42_43)
				: Audio Media Memory(_r_5_41_42_44)
				: Image Media Memory(_r_5_41_42_45)
	:o Online Payment(_r_6)
	:o Suggestions(_r_7)
		:g (_r_7_8) [1,*] 
			: User Profile(_r_7_8_9)
			: Trip Advisor(_r_7_8_10)
			: Smart Suggestions(_r_7_8_11)
	:o Auditory Manager(_r_22)
</feature_tree>
<constraints>
</constraints>
</feature_model>
