<!-- This model was created online using SPLOT's Feature Model Editor (http://www.splot-research.org) on Wed, Jun 22, 2011 - 4:53 AM  -->
<feature_model name="Adams Car">
<meta>
<data name="description">Test Feature Model</data>
<data name="creator">Adam</data>
<data name="address"></data>
<data name="email">adam@adam.com</data>
<data name="phone"></data>
<data name="website"></data>
<data name="organization">adam inc</data>
<data name="department"></data>
<data name="date"></data>
<data name="reference"></data>
</meta>
<feature_tree>
:r Car(_r)
	:m Engine(_r_1)
		:m Fuel(_r_1_2)
			:g (_r_1_2_3) [1,*] 
				: Diesel(_r_1_2_3_4)
				: Gas(_r_1_2_3_5)
				: Electric(_r_1_2_3_6)
		:m Size(_r_1_14)
			:g (_r_1_14_15) [1,1] 
				: 1000CC(_r_1_14_15_16)
				: 1500CC(_r_1_14_15_17)
	:m Wheels(_r_8)
		:g (_r_8_11) [1,1] 
			: Three(_r_8_11_12)
			: Four(_r_8_11_13)
</feature_tree>
<constraints>
</constraints>
</feature_model>
