<!-- This model was created online using SPLOT's Feature Model Editor (http://www.splot-research.org) on Wed, May 29, 2013 - 5:29 PM  -->
<feature_model name="Mobile Media Test">
<meta>
<data name="description">Mobile Media Test</data>
<data name="creator">Jaisse Grela</data>
<data name="address"></data>
<data name="email">jgrela@gmail.com</data>
<data name="phone"></data>
<data name="website"></data>
<data name="organization">PUC</data>
<data name="department"></data>
<data name="date"></data>
<data name="reference"></data>
</meta>
<feature_tree>
:r Mobile Media(_r)
	:m Media Selection(_r_1)
		:m Photo(_r_1_23)
		:o Video(_r_1_24)
		:o Video(_r_1_25)
	:m Media Management(_r_2)
		:m Favourites(_r_2_8)
			:m Set Favourites(_r_2_8_15)
			:m View Favourites(_r_2_8_16)
		:o Copy Media(_r_2_9)
		:o SMS Transfer(_r_2_10)
			:o Receive Photo(_r_2_10_17)
			:o Send Photo(_r_2_10_18)
	:m Screen Size(_r_3)
		:g (_r_3_4) [1,1] 
			: Screen1(_r_3_4_5)
			: Screen2(_r_3_4_6)
</feature_tree>
<constraints>
constraint_4:_r_3_4_5 or _r_1_23
constraint_3:_r_2_9 or ~_r_2_10
</constraints>
</feature_model>
