<!-- This model was created online using SPLOT's Feature Model Editor (http://www.splot-research.org) on Tue, Mar 2, 2010 - 5:49 AM  -->
<feature_model name="ATM Software">
<meta>
<data name="description">Describe model for ATM software</data>
<data name="creator">TCN</data>
<data name="address"></data>
<data name="email">magic_goya@hotmail.com</data>
<data name="phone"></data>
<data name="website"></data>
<data name="organization">UKL</data>
<data name="department"></data>
<data name="date"></data>
<data name="reference"></data>
</meta>
<feature_tree>
:r ATM software(_r)
	:m User Interface(_r_1)
		:g (_r_1_5) [1,1] 
			: Basic 2D view(_r_1_5_6)
			: Deluxe 3D view(_r_1_5_7)
	:m Banking functionality(_r_2)
		:m Checking balance(_r_2_3)
		:m Withdrawn money(_r_2_8)
		:o Deposit money(_r_2_9)
		:m View transaction(_r_2_10)
		:o Printing statement(_r_2_12)
		:m Change account password(_r_2_13)
		:o Change maximum limit for withdrawal(_r_2_14)
		:o Local transfer to the same bank(_r_2_15)
		:o Local transfer to other banks(_r_2_16)
			:g (_r_2_16_17) [1,*] 
				: Detusch bank(_r_2_16_17_18)
				: Stadtparkasse(_r_2_16_17_19)
				: Volksbank(_r_2_16_17_20)
		:o International transfer(_r_2_21)
		:o Money exchange(_r_2_22)
		:o Checking money exchange rate(_r_2_24)
		:m Printing balance after withdrawal(_r_2_25)
	:o Additional functionality(_r_4)
		:o Mobile top-up(_r_4_26)
		:o Pay the bills(_r_4_27)
		:o Language selection(_r_4_30)
			:g (_r_4_30_31) [1,1] 
				: German(_r_4_30_31_32)
				: English(_r_4_30_31_33)
				: French(_r_4_30_31_34)
				: Italian(_r_4_30_31_35)
</feature_tree>
<constraints>
</constraints>
</feature_model>
