<!-- This model was created online using SPLOT's Feature Model Editor (http://www.splot-research.org) on Tue, Nov 16, 2010 - 3:51 PM  -->
<feature_model name="SPL-Doctor Chat">
<meta>
<data name="description">Modelling the application for  health consults for a mobile.</data>
<data name="creator">Qualdev</data>
<data name="address"></data>
<data name="email">lc.riveros83@uniandes.edu.co</data>
<data name="phone"></data>
<data name="website"></data>
<data name="organization">Universidad de los Andes</data>
<data name="department"></data>
<data name="date"></data>
<data name="reference"></data>
</meta>
<feature_tree>
:r DrChat(_r)
	:m EnviarPregunta(_r_1)
		:g (_r_1_17) [1,*] 
			: escrito(_r_1_17_18)
			: auditivo(_r_1_17_19)
			: visual(_r_1_17_20)
	:o RecibirRespuesta(_r_5)
		:g (_r_5_21) [1,*] 
			: escrito(_r_5_21_22)
			: auditivo(_r_5_21_23)
			: visual(_r_5_21_24)
	:o Comunicacion(_r_9)
		:g (_r_9_27) [1,*] 
			: MensajeTexto(_r_9_27_28)
			: PlanDatos(_r_9_27_29)
			: Wifi(_r_9_27_30)
	:o Persistencia(_r_10)
		:g (_r_10_14) [1,1] 
			: Base de Datos(_r_10_14_15)
			: Archivos(_r_10_14_16)
	:o Autenticacion(_r_31)
		:g (_r_31_32) [1,*] 
			: automatica(_r_31_32_33)
			: biometricas(_r_31_32_34)
			: token(_r_31_32_35)
			: criptografica(_r_31_32_36)
	:m Identificacion(_r_39)
	:o ConfidencialidadIntegridad(_r_40)
		:m encriptacion(_r_40_41)
	:o IngresoSignosVitales(_r_42)
		:g (_r_42_43) [1,*] 
			: periferico(_r_42_43_44)
			: escrito(_r_42_43_45)
			: auditivo(_r_42_43_46)
	:o SistemaEmergencia(_r_47)
		:g (_r_47_48) [1,*] 
			: Directorio(_r_47_48_49)
				:m predefinido(_r_47_48_49_52)
				:m propio(_r_47_48_49_53)
			: envioMensajes(_r_47_48_50)
			: monitoreo(_r_47_48_51)
</feature_tree>
<constraints>
</constraints>
</feature_model>
