<!-- This model was created online using SPLOT's Feature Model Editor (http://www.splot-research.org) on Mon, May 2, 2011 - 11:29 AM  -->
<feature_model name="CFDP Library">
<meta>
<data name="description">Feature Model of the CFDP library</data>
<data name="creator">Arnaud Hubaux et. al</data>
<data name="address">5000 Namur, Belgium</data>
<data name="email">ahu@info.fundp.ac.be</data>
<data name="phone"></data>
<data name="website"></data>
<data name="organization">PReCISE Research Centre, Faculty of Computer Science, University of Namur</data>
<data name="department"></data>
<data name="date">Aug 2009</data>
<data name="reference">Arnaud Hubaux, Andreas Classen and Patrick Heymans, Formal Modelling of Feature Configuration Workflows, SPLC 2009, San Francisco, USA.</data>
</meta>
<feature_tree>
:r CFDP Library(_r)
	:g (_r_1) [1,*] 
		: Send(_r_1_2)
			:o Send Acknowledged Mode(_r_1_2_3)
			:o Send File System Operations(_r_1_2_4)
		: Receive(_r_1_5)
			:o Receive Acknowledged Mode(_r_1_5_6)
			:o Receive File System Operations(_r_1_5_7)
		: PUS_(_r_1_8)
			:o PUS Rename(_r_1_8_9)
			:o PUS Copy(_r_1_8_10)
		: Reboot_(_r_1_11)
			:o Reboot Entity(_r_1_11_12)
			:o Reboot PUS(_r_1_11_14)
</feature_tree>
<constraints>
</constraints>
</feature_model>
