<!-- This model was created online using SPLOT's Feature Model Editor (http://www.splot-research.org) on Tue, May 22, 2012 - 8:30 AM  -->
<feature_model name="Experiment environment">
<meta>
<data name="description">Represents configuration of in silico experiment environment configuration</data>
<data name="creator">Bartosz Wilk</data>
<data name="address"></data>
<data name="email">bwilk@student.agh.edu.pl</data>
<data name="phone"></data>
<data name="website"></data>
<data name="organization">AGH-UST</data>
<data name="department"></data>
<data name="date"></data>
<data name="reference"></data>
</meta>
<feature_tree>
:r Experiment environment(_r)
	:m Operating system(_r_1)
		:g (_r_1_2) [1,1] 
			: Centos(_r_1_2_3)
			: Debian(_r_1_2_4)
			: Fedora(_r_1_2_5)
			: Redhat(_r_1_2_6)
			: Scientific Linux(_r_1_2_7)
			: Ubuntu(_r_1_2_8)
			: Arch Linux(_r_1_2_9)
			: FreeBSD(_r_1_2_10)
			: Gentoo(_r_1_2_45)
	:g (_r_14) [1,*] 
		: Servers(_r_14_15)
			:g (_r_14_15_21) [1,*] 
				: Tomcat(_r_14_15_21_22)
				: JBoss(_r_14_15_21_23)
				: Glassfish(_r_14_15_21_24)
				: Apache2(_r_14_15_21_25)
		: Programming languages(_r_14_18)
			:g (_r_14_18_27) [1,*] 
				: Erlang(_r_14_18_27_28)
				: Java(_r_14_18_27_29)
				: JRuby(_r_14_18_27_30)
				: Perl(_r_14_18_27_31)
				: Python(_r_14_18_27_32)
				: Ruby(_r_14_18_27_33)
		: Databases(_r_14_19)
			:g (_r_14_19_34) [1,*] 
				: Cassandra(_r_14_19_34_35)
				: CouchDB(_r_14_19_34_36)
				: MongoDB(_r_14_19_34_37)
				: MySQL(_r_14_19_34_38)
				: Riak(_r_14_19_34_39)
		: Utilities(_r_14_20)
			:g (_r_14_20_40) [1,*] 
				: Cron(_r_14_20_40_41)
				: Maven(_r_14_20_40_42)
				: Nfs(_r_14_20_40_43)
				: Screen(_r_14_20_40_44)
				: Apt(_r_14_20_40_46)
</feature_tree>
<constraints>
constraint_17:_r_1_2_3 or _r_1_2_4 or _r_1_2_6 or _r_1_2_7 or _r_1_2_8 or ~_r_14_18_27_28
constraint_18:_r_1_2_4 or _r_1_2_8 or ~_r_14_19_34_35
constraint_19:_r_1_2_4 or _r_1_2_8 or ~_r_14_19_34_37
constraint_22:_r_1_2_3 or _r_1_2_4 or _r_1_2_5 or _r_1_2_6 or _r_1_2_8 or _r_1_2_10 or ~_r_14_19_34_36
constraint_8:_r_1_2_3 or _r_1_2_4 or _r_1_2_5 or _r_1_2_6 or _r_1_2_7 or _r_1_2_8 or _r_1_2_9 or _r_1_2_10 or ~_r_14_15_21_23
constraint_9:_r_1_2_3 or _r_1_2_4 or _r_1_2_5 or _r_1_2_6 or _r_1_2_7 or _r_1_2_8 or _r_1_2_10 or ~_r_14_15_21_25
constraint_10:_r_1_2_3 or _r_1_2_4 or _r_1_2_5 or _r_1_2_6 or _r_1_2_8 or _r_1_2_10 or ~_r_14_18_27_32
constraint_20:_r_1_2_3 or _r_1_2_4 or _r_1_2_5 or _r_1_2_6 or _r_1_2_7 or _r_1_2_8 or ~_r_14_19_34_38
constraint_6:_r_1_2_3 or _r_1_2_4 or _r_1_2_5 or _r_1_2_6 or _r_1_2_8 or ~_r_14_15_21_22
constraint_11:_r_1_2_4 or _r_1_2_8 or ~_r_14_18_27_30
constraint_21:_r_1_2_3 or _r_1_2_4 or _r_1_2_5 or _r_1_2_6 or _r_1_2_8 or ~_r_14_19_34_39
constraint_7:_r_1_2_3 or _r_1_2_4 or _r_1_2_5 or _r_1_2_6 or _r_1_2_8 or ~_r_14_15_21_24
constraint_12:_r_1_2_3 or _r_1_2_4 or _r_1_2_6 or _r_1_2_8 or _r_1_2_9 or ~_r_14_18_27_31
constraint_4:_r_1_2_3 or _r_1_2_4 or _r_1_2_5 or _r_1_2_6 or _r_1_2_8 or ~_r_14_20_40_42
constraint_5:_r_1_2_3 or _r_1_2_4 or _r_1_2_5 or _r_1_2_6 or _r_1_2_7 or _r_1_2_8 or ~_r_14_20_40_43
constraint_14:_r_1_2_3 or _r_1_2_4 or _r_1_2_5 or _r_1_2_8 or _r_1_2_9 or ~_r_14_18_27_33 or _r_1_2_45
constraint_2:_r_1_2_3 or _r_1_2_4 or _r_1_2_5 or _r_1_2_6 or _r_1_2_7 or _r_1_2_8 or ~_r_14_20_40_41
constraint_15:_r_1_2_3 or _r_1_2_4 or _r_1_2_5 or _r_1_2_6 or _r_1_2_7 or _r_1_2_8 or _r_1_2_9 or _r_1_2_10 or ~_r_14_18_27_29
constraint_16:_r_1_2_3 or _r_1_2_4 or _r_1_2_6 or _r_1_2_8 or _r_1_2_9 or ~_r_14_18_27_31
constraint_3:_r_1_2_3 or _r_1_2_4 or _r_1_2_5 or _r_1_2_6 or _r_1_2_8 or ~_r_14_20_40_44
</constraints>
</feature_model>
