<!-- This model was created online using SPLOT's Feature Model Editor (http://www.splot-research.org) on Thu, Oct 18, 2012 - 9:36 AM  -->
<feature_model name="MobileMedia_HudsonSilvaBorges">
<meta>
<data name="description">Exercicio: Modelagem ...</data>
<data name="creator">Hudson Silva Borges</data>
<data name="address"></data>
<data name="email">hudsonsilbor@gmail.com</data>
<data name="phone"></data>
<data name="website">www.dcc.ufmg.br/~hsborges</data>
<data name="organization">None</data>
<data name="department">None</data>
<data name="date">18/10/12</data>
<data name="reference"></data>
</meta>
<feature_tree>
:r Mobile Media(_r)
	:m Media Selection(_r_1)
		:g (_r_1_8) [1,*] 
			: Photo(_r_1_8_9)
			: Music(_r_1_8_10)
			: Video(_r_1_8_11)
	:m Media Management(_r_2)
		:o Favourites(_r_2_12)
			:m Set Favourites(_r_2_12_17)
			:m View Favourites(_r_2_12_18)
		:m Copy Media(_r_2_13)
		:o SMS Transfer(_r_2_14)
			:o Receive Photo(_r_2_14_15)
			:o Send Photo(_r_2_14_16)
	:m Screen Size(_r_3)
		:g (_r_3_4) [1,1] 
			: Screen1(_r_3_4_5)
			: Screen2(_r_3_4_6)
</feature_tree>
<constraints>
</constraints>
</feature_model>
