<!-- This model was created online using SPLOT's Feature Model Editor (http://www.splot-research.org) on Thu, Apr 7, 2011 - 11:50 AM  -->
<feature_model name="Assistencia domiciliar">
<meta>
<data name="description">Caracteristicas de um sistema de assistencia domiciliar</data>
<data name="creator">David Barreto</data>
<data name="address"></data>
<data name="email">david.brto@gmail.com</data>
<data name="phone"></data>
<data name="website"></data>
<data name="organization">IC/UFF</data>
<data name="department"></data>
<data name="date"></data>
<data name="reference"></data>
</meta>
<feature_tree>
:r Assistencia domiciliar(_r)
	:m Care Plan(_r_48)
	:m PAN Devices(_r_18)
		:g (_r_18_44) [1,*] 
			: Blood Pressure(_r_18_44_45)
			: Heart Rate(_r_18_44_46)
			: Thermometer(_r_18_44_47)
	:o LAN Devices(_r_19)
		:g (_r_19_41) [1,*] 
			: Weight Scale(_r_19_41_42)
			: Temperature(_r_19_41_43)
	:m Actuators(_r_20)
		:g (_r_20_38) [1,*] 
			: Digital TV(_r_20_38_39)
			: Cel phone(_r_20_38_40)
	:o Activity(_r_21)
		:g (_r_21_36) [1,*] 
			: Accelerometer(_r_21_36_37)
	:o Intelligence(_r_22)
		:g (_r_22_33) [1,*] 
			: Blood Pressure Rules(_r_22_33_34)
			: Diabetes Rules(_r_22_33_35)
	:m Communication(_r_23)
		:m Indoor(_r_23_24)
			:g (_r_23_24_30) [1,*] 
				: Bluetooth(_r_23_24_30_31)
				: WiFi(_r_23_24_30_32)
		:m Outdoor(_r_23_25)
			:g (_r_23_25_26) [1,*] 
				: GSM(_r_23_25_26_27)
				: WiFi(_r_23_25_26_28)
				: Internet(_r_23_25_26_29)
</feature_tree>
<constraints>
constraint_1:~_r_18_44_45 or _r_22_33_34
constraint_2:_r_21 or ~_r_22
</constraints>
</feature_model>
