<!-- This model was created online using SPLOT's Feature Model Editor (http://www.splot-research.org) on Wed, May 29, 2013 - 5:18 PM  -->
<feature_model name="MobileMedia_mgarnier">
<meta>
<data name="description">Exercício de modelagem de características com SPLOT realizado em aula da disciplina INF2006.</data>
<data name="creator">Marcelo Garnier</data>
<data name="address"></data>
<data name="email">mgarnier@inf.puc-rio.br</data>
<data name="phone"></data>
<data name="website"></data>
<data name="organization">PUC-Rio</data>
<data name="department"></data>
<data name="date"></data>
<data name="reference"></data>
</meta>
<feature_tree>
:r Mobile Media(_r)
	:m Media Selection(_r_1)
		:m Photo(_r_1_19)
		:o Music(_r_1_20)
		:o Video(_r_1_21)
	:m Media Management(_r_6)
		:m Favourites(_r_6_7)
			:m Set Favourites(_r_6_7_8)
			:m View Favourites(_r_6_7_9)
		:o Copy Media(_r_6_10)
		:o SMS Transfer(_r_6_11)
			:o Receive Photo(_r_6_11_12)
			:o Send Photo(_r_6_11_13)
	:m Screen Size(_r_14)
		:g (_r_14_15) [1,1] 
			: Screen 1(_r_14_15_16)
			: Screen 2(_r_14_15_17)
</feature_tree>
<constraints>
constraint_1:_r_6_10 or ~_r_6_11
</constraints>
</feature_model>
