<!-- This model was created online using SPLOT's Feature Model Editor (http://www.splot-research.org) on Wed, Apr 16, 2014 - 1:25 PM  -->
<feature_model name="Mobile Media">
<meta>
<data name="description">System for Mobile Media</data>
<data name="creator">Juliana Alves Pereira</data>
<data name="address"></data>
<data name="email">jualvespereira@gmail.com</data>
<data name="phone"></data>
<data name="website"></data>
<data name="organization">UFMG</data>
<data name="department"></data>
<data name="date"></data>
<data name="reference"></data>
</meta>
<feature_tree>
:r Mobile Media(_r)
	:m Media Selection(_r_1)
	:g (_r_2) [1,*] 
		: Photo(_r_2_3)
		: Music(_r_2_4)
		: Video(_r_2_5)
	:m Media Management(_r_6)
		:o Favourites(_r_6_7)
			:m Set Favourites(_r_6_7_8)
			:m View Favourites(_r_6_7_9)
		:o Copy Media(_r_6_10)
		:o SMS Transfer(_r_6_11)
			:m Receive Photo(_r_6_11_12)
			:m Send Photo(_r_6_11_13)
	:m Screen Size(_r_14)
		:g (_r_14_15) [1,1] 
			: Screen 1(_r_14_15_16)
			: Screen 2(_r_14_15_17)
			: Screen 3(_r_14_15_20)
</feature_tree>
<constraints>
constraint_3:_r_6_10 or ~_r_6_11
</constraints>
</feature_model>
