<!-- This model was created online using SPLOT's Feature Model Editor (http://www.splot-research.org) on Wed, May 29, 2013 - 4:54 PM  -->
<feature_model name="Willian Oizumi - Mobile Media">
<meta>
<data name="description">Modelagem de LPS para experimento</data>
<data name="creator">Willian Oizumi</data>
<data name="address"></data>
<data name="email">oizumi.willian@gmail.com</data>
<data name="phone"></data>
<data name="website"></data>
<data name="organization">PUC-RIO</data>
<data name="department"></data>
<data name="date"></data>
<data name="reference"></data>
</meta>
<feature_tree>
:r Mobile Media(_r)
	:m Media Selection(_r_1)
		:m Photo(_r_1_20)
		:o Music(_r_1_21)
		:o Video(_r_1_22)
	:m Media Management(_r_2)
		:m Favourites(_r_2_9)
			:m Set Favourites(_r_2_9_16)
			:m View Favourites(_r_2_9_17)
		:o Copy Media(_r_2_10)
		:o SMS Transfer(_r_2_11)
			:o Receive Photo(_r_2_11_18)
			:o Send Photo(_r_2_11_19)
	:m Screen Size(_r_4)
		:g (_r_4_12) [1,1] 
			: Screen1(_r_4_12_13)
			: Screen2(_r_4_12_14)
			: Screen3(_r_4_12_15)
</feature_tree>
<constraints>
constraint_3:_r_2_10 or ~_r_2_11
</constraints>
</feature_model>
