<!-- This model was created online using SPLOT's Feature Model Editor (http://www.splot-research.org) on Wed, May 29, 2013 - 5:21 PM  -->
<feature_model name="MobileMedia_Luciano">
<meta>
<data name="description">Just a test</data>
<data name="creator">LSampaio</data>
<data name="address"></data>
<data name="email">lsampaioweb@gmail.com</data>
<data name="phone"></data>
<data name="website"></data>
<data name="organization">PUC-Rio</data>
<data name="department"></data>
<data name="date"></data>
<data name="reference"></data>
</meta>
<feature_tree>
:r Mobile Media(_r)
	:m Media Selection(_r_1)
		:g (_r_1_4) [1,*] 
			: Photo(_r_1_4_5)
			: Music(_r_1_4_6)
			: Video(_r_1_4_7)
	:m Media Management(_r_2)
		:m Favourites(_r_2_8)
			:m Set Favourites(_r_2_8_17)
			:m View Favourites(_r_2_8_18)
		:o Copy Media(_r_2_9)
		:o SMS Transfer(_r_2_10)
			:o Receive Photo(_r_2_10_19)
			:o Send Photo(_r_2_10_20)
	:m Screen Size(_r_3)
		:g (_r_3_11) [1,1] 
			: Screen1(_r_3_11_12)
			: Screen2(_r_3_11_13)
</feature_tree>
<constraints>
constraint_1:~_r_2_9 or _r_2_10
constraint_2:~_r_1_4_5 or _r_3_11_12
</constraints>
</feature_model>
