<!-- This model was created online using SPLOT's Feature Model Editor (http://www.splot-research.org) on Tue, Nov 12, 2013 - 7:35 PM  -->
<feature_model name="PortafolioLopez">
<meta>
<data name="description">fabricas de software</data>
<data name="creator">Andres Lopez Cornejo</data>
<data name="address"></data>
<data name="email">am.lopez808@gmail.com</data>
<data name="phone"></data>
<data name="website"></data>
<data name="organization">uniandes</data>
<data name="department"></data>
<data name="date"></data>
<data name="reference"></data>
</meta>
<feature_tree>
:r portafolios(_r)
	:m artistas(_r_1)
	:m colecciones(_r_2)
	:m ventas(_r_3)
	:o museos(_r_4)
	:o curriculo(_r_5)
	:o autenticacion(_r_10)
		:g (_r_10_13) [1,1] 
			: google(_r_10_13_14)
			: facebook(_r_10_13_15)
	:m visor multimedia(_r_16)
		:g (_r_16_17) [1,*] 
			: video(_r_16_17_18)
			: imagen(_r_16_17_19)
			: audio(_r_16_17_20)
</feature_tree>
<constraints>
</constraints>
</feature_model>
