<!-- This model was created online using SPLOT's Feature Model Editor (http://www.splot-research.org) on Thu, May 7, 2015 - 5:51 PM  -->
<feature_model name="MobileMedia">
<meta>
<data name="description">SPL</data>
<data name="creator">Eduardo</data>
<data name="address"></data>
<data name="email">emagno@gmail.com</data>
<data name="phone"></data>
<data name="website"></data>
<data name="organization">UFMG</data>
<data name="department"></data>
<data name="date"></data>
<data name="reference"></data>
</meta>
<feature_tree>
:r MobileMedia(_r)
	:o Sorting(_r_1)
	:m Folder(_r_2)
		:m Create Folder(_r_2_3)
		:m Delete Folder(_r_2_4)
	:m Media Type(_r_5)
		:g (_r_5_6) [1,*] 
			: Photo(_r_5_6_7)
			: Music(_r_5_6_8)
			: Video(_r_5_6_9)
	:o Favourites(_r_10)
</feature_tree>
<constraints>
constraint_2:~_r_1 or _r_5
</constraints>
</feature_model>
