<!-- This model was created online using SPLOT's Feature Model Editor (http://www.splot-research.org) on Tue, Mar 1, 2011 - 6:43 AM  -->
<feature_model name="carpl">
<meta>
<data name="description">about car</data>
<data name="creator">linhhd</data>
<data name="address">vn</data>
<data name="email">hoadili@yahoo.co</data>
<data name="phone">00</data>
<data name="website">hoadili.com.vn</data>
<data name="organization">coltech</data>
<data name="department">info</data>
<data name="date">1/3</data>
<data name="reference">no</data>
</meta>
<feature_tree>
:r car(_r)
	:m transition(_r_1)
		:m 1(_r_1_3)
		:m 2(_r_1_4)
		:m 3(_r_1_5)
		:m 4(_r_1_6)
		:o 5(_r_1_7)
		:g (_r_1_8) [1,*] 
			: 6(_r_1_8_9)
		:g (_r_1_10) [1,1] 
			: 7(_r_1_10_11)
	:m engine(_r_2)
</feature_tree>
<constraints>
</constraints>
</feature_model>
