<!-- This model was created online using SPLOT's Feature Model Editor (http://www.splot-research.org) on Wed, Jun 19, 2013 - 5:07 PM  -->
<feature_model name="Modelo">
<meta>
<data name="description">árbol</data>
<data name="creator">Maxi</data>
<data name="address"></data>
<data name="email">algunmail@hotmail.com</data>
<data name="phone"></data>
<data name="website"></data>
<data name="organization">empress</data>
<data name="department"></data>
<data name="date"></data>
<data name="reference"></data>
</meta>
<feature_tree>
:r archivo de prueba(_r)
	:o Feature-1(_r_1)
		:o Feature-2(_r_1_2)
			:m Feature-3(_r_1_2_3)
				:g (_r_1_2_3_4) [1,*] 
					: Feature-5(_r_1_2_3_4_5)
	:o Feature-6(_r_6)
	:m Feature-7(_r_7)
		:o Feature-8(_r_7_8)
			:g (_r_7_8_9) [1,*] 
				: Feature-10(_r_7_8_9_10)
					:m Feature-11(_r_7_8_9_10_11)
</feature_tree>
<constraints>
constraint_8:_r_1 or _r_1_2 or _r_1_2_3 or _r_1_2_3_4_5
constraint_6:_r
constraint_7:_r_1_2
</constraints>
</feature_model>
