<!-- This model was created online using SPLOT's Feature Model Editor (http://www.splot-research.org) on Tue, Jan 8, 2013 - 4:55 PM  -->
<feature_model name="Requirements Proces Variability">
<meta>
<data name="description">Requirements Engineering Process Model Variability</data>
<data name="creator">Cecilia Bastarrica -Jocelyn Simmonds</data>
<data name="address">Unversidad de Chile</data>
<data name="email">cecilia@dcc.uchile.cl</data>
<data name="phone"></data>
<data name="website"></data>
<data name="organization">Universidad de Chile</data>
<data name="department">Computer Science Department</data>
<data name="date">December 19, 2012</data>
<data name="reference"></data>
</meta>
<feature_tree>
:r Requierments(_r)
	:m Tasks(_r_17)
		:m Define Requirements(_r_17_29)
			:g (_r_17_29_30) [1,1] 
				: Define Requirements with Scenarios(_r_17_29_30_31)
				: Define Requirements with Use Cases(_r_17_29_30_32)
		:m Verify Requirements(_r_17_33)
		:o Develop Non Functional Requirements(_r_17_45)
	:m Work Products(_r_18)
		:m SRS(_r_18_36)
			:g (_r_18_36_39) [1,1] 
				: RTF Document(_r_18_36_39_40)
				: Use Case Model(_r_18_36_39_41)
		:m Requirements Draft(_r_18_43)
		:o Non Functional Requirements(_r_18_44)
	:m Roles(_r_19)
		:m Analyst(_r_19_24)
			:g (_r_19_24_25) [1,1] 
				: Functional Analyst(_r_19_24_25_26)
				: Analyst with Use Case Skills(_r_19_24_25_27)
		:o Architect(_r_19_28)
</feature_tree>
<constraints>
constraint_28:_r_17_29_30_32 or ~_r_18_36_39_41
constraint_19:~_r_17_29 or _r_19_24
constraint_22:~_r_17_33 or _r_18_36
constraint_23:_r_17_45 or ~_r_18_44
constraint_20:~_r_17_29 or _r_18_43
constraint_21:_r_17_29 or ~_r_18_36
constraint_26:_r_17_29_30_31 or ~_r_18_36_39_40
constraint_24:~_r_17_45 or _r_19_28
constraint_25:~_r_17_29_30_32 or _r_19_24_25_27
</constraints>
</feature_model>
