<!-- This model was created online using SPLOT's Feature Model Editor (http://www.splot-research.org) on Wed, Mar 28, 2012 - 9:28 AM  -->
<feature_model name="Guitarra">
<meta>
<data name="description">Um modelo simples de uma guitarra</data>
<data name="creator">Lucas S Gomes</data>
<data name="address"></data>
<data name="email">gomes.lucast@gmail.com</data>
<data name="phone"></data>
<data name="website"></data>
<data name="organization">UFMG</data>
<data name="department"></data>
<data name="date">March 2012</data>
<data name="reference"></data>
</meta>
<feature_tree>
:r guitarra(_r)
	:m Corpo(_r_1)
		:g (_r_1_2) [1,1] 
			: Mogno(_r_1_2_3)
			: Alder(_r_1_2_4)
		:m Ponte(_r_1_15)
			:g (_r_1_15_16) [1,1] 
				: Fixa(_r_1_15_16_17)
				: Flutuante(_r_1_15_16_18)
		:o Alavanca(_r_1_21)
	:m Cordas(_r_5)
		:g (_r_5_6) [1,1] 
			: 6 cordas(_r_5_6_7)
			: 7 cordas(_r_5_6_8)
	:m Braco(_r_9)
		:g (_r_9_10) [1,1] 
			: 24 casas(_r_9_10_11)
			: 22 casas(_r_9_10_12)
	:m Headstock(_r_19)
		:m Afinadores(_r_19_20)
	:m Captador(_r_22)
		:g (_r_22_23) [1,*] 
			: Single(_r_22_23_24)
			: Humbucker(_r_22_23_25)
	:o Push-Pull(_r_26)
	:m Rastilho(_r_27)
	:m Cordas(_r_28)
		:o Calibre(_r_28_29)
			:g (_r_28_29_30) [1,*] 
				: 0_09(_r_28_29_30_31)
				: 0_10(_r_28_29_30_32)
				: 0_11(_r_28_29_30_33)
				: 0_12(_r_28_29_30_34)
				: 0_13(_r_28_29_30_35)
</feature_tree>
<constraints>
constraint_4:_r_1_15_16_18 or _r_1_21
constraint_3:_r_1_15_16_17 or ~_r_1_21
</constraints>
</feature_model>
