<!-- This model was created online using SPLOT's Feature Model Editor (http://www.splot-research.org) on Wed, Feb 16, 2011 - 11:23 AM  -->
<feature_model name="WB2">
<meta>
<data name="description">WB2</data>
<data name="creator">WB</data>
<data name="address"></data>
<data name="email">WB@166.com</data>
<data name="phone"></data>
<data name="website"></data>
<data name="organization">WB</data>
<data name="department"></data>
<data name="date"></data>
<data name="reference"></data>
</meta>
<feature_tree>
:r WB2(_r)
	:o Feature-1(_r_1)
		:g (_r_1_5) [1,*] 
			: Feature-6(_r_1_5_6)
			: Feature-7(_r_1_5_7)
			: Feature-8(_r_1_5_8)
	:o Feature-2(_r_2)
	:o Feature-3(_r_3)
		:g (_r_3_9) [1,*] 
			: Feature-10(_r_3_9_10)
			: Feature-11(_r_3_9_11)
			: Feature-12(_r_3_9_12)
	:o Feature-4(_r_4)
	:o Feature-13(_r_12)
</feature_tree>
<constraints>
constraint_1:_r_2 or ~_r_1_5_6
constraint_4:_r_4 or ~_r_3_9_11
constraint_2:_r_2 or ~_r_1_5_7
constraint_3:_r_4 or ~_r_3_9_10
</constraints>
</feature_model>
