<!-- This model was created online using SPLOT's Feature Model Editor (http://www.splot-research.org) on Tue, Dec 17, 2013 - 8:42 PM  -->
<feature_model name="CarExample">
<meta>
<data name="description">Car Example</data>
<data name="creator">Test</data>
<data name="address"></data>
<data name="email">e1149995@rmqkr.net</data>
<data name="phone"></data>
<data name="website"></data>
<data name="organization">None</data>
<data name="department"></data>
<data name="date"></data>
<data name="reference"></data>
</meta>
<feature_tree>
:r Car(_r)
	:m Engine(_r_1)
		:g (_r_1_2) [1,1] 
			: Gas(_r_1_2_3)
			: Diesel(_r_1_2_4)
	:o Sun Roof(_r_5)
		:m Feature-6(_r_5_6)
		:m Feature-7(_r_5_7)
		:m Feature-8(_r_5_8)
		:m Feature-9(_r_5_9)
		:m Feature-10(_r_5_10)
		:m Feature-11(_r_5_11)
</feature_tree>
<constraints>
constraint_1:_r_1_2_4 or _r_5
</constraints>
</feature_model>
