<!-- This model was created online using SPLOT's Feature Model Editor (http://www.splot-research.org) on Mon, Mar 10, 2014 - 8:11 AM  -->
<feature_model name="ModelTransformation">
<meta>
<data name="description">ModelTransformation</data>
<data name="creator">Lucas Garcia</data>
<data name="address"></data>
<data name="email">lucas.sg@globo.com</data>
<data name="phone"></data>
<data name="website"></data>
<data name="organization">UFMG</data>
<data name="department"></data>
<data name="date"></data>
<data name="reference"></data>
</meta>
<feature_tree>
:r ModelTransformation(_r)
	:m TransformationRules(_r_6)
		:m LHS_RHS(_r_6_14)
			:g (_r_6_14_21) [1,*] 
				: Variables(_r_6_14_21_22)
					:g (_r_6_14_21_22_25) [1,1] 
						: Untyped(_r_6_14_21_22_25_26)
						: SyntacticallyTyped(_r_6_14_21_22_25_27)
						: SemanticallyTyped(_r_6_14_21_22_25_28)
				: Patterns(_r_6_14_21_23)
					:m Form(_r_6_14_21_23_29)
						:g (_r_6_14_21_23_29_32) [1,1] 
							: Strings(_r_6_14_21_23_29_32_33)
							: Terms(_r_6_14_21_23_29_32_34)
							: Graphs(_r_6_14_21_23_29_32_35)
					:m Syntax(_r_6_14_21_23_30)
						:g (_r_6_14_21_23_30_36) [1,*] 
							: Abstract(_r_6_14_21_23_30_36_37)
							: Concrete(_r_6_14_21_23_30_36_38)
								:g (_r_6_14_21_23_30_36_38_39) [1,*] 
									: Textual(_r_6_14_21_23_30_36_38_39_40)
									: Graphical(_r_6_14_21_23_30_36_38_39_41)
					:m Typing(_r_6_14_21_23_31)
						:g (_r_6_14_21_23_31_42) [1,1] 
							: Untyped_2(_r_6_14_21_23_31_42_43)
							: SyntacticallyTyped_2(_r_6_14_21_23_31_42_44)
							: SemanticallyTyped_2(_r_6_14_21_23_31_42_45)
				: Logic(_r_6_14_21_24)
					:g (_r_6_14_21_24_46) [1,*] 
						: Non_Executable(_r_6_14_21_24_46_47)
						: Executable(_r_6_14_21_24_46_48)
							:g (_r_6_14_21_24_46_48_49) [1,*] 
								: Imperative(_r_6_14_21_24_46_48_49_50)
								: Declarative(_r_6_14_21_24_46_48_49_51)
		:o LHS_RHS_SyntaticSeparation(_r_6_15)
		:o Bidirectionality(_r_6_17)
		:o Parameterization(_r_6_18)
		:o IntermediateStructures(_r_6_20)
	:o RuleApplicationScoping(_r_7)
		:g (_r_7_52) [1,*] 
			: Source(_r_7_52_53)
			: Target(_r_7_52_54)
	:m Source_TargetRelationship(_r_8)
		:g (_r_8_55) [1,*] 
			: NewTarget(_r_8_55_56)
			: ExistingTarget(_r_8_55_57)
				:o InPlace_InSource(_r_8_55_57_58)
				:m Update(_r_8_55_57_59)
					:g (_r_8_55_57_59_60) [1,1] 
						: Destructive(_r_8_55_57_59_60_61)
						: ExtensionOnly(_r_8_55_57_59_60_62)
	:m RuleApplicationStrategy(_r_9)
		:g (_r_9_63) [1,*] 
			: Deterministic(_r_9_63_64)
			: Non_Deterministic(_r_9_63_65)
				:g (_r_9_63_65_67) [1,*] 
					: Concurrent(_r_9_63_65_67_68)
					: One_Point(_r_9_63_65_67_69)
			: Interactive(_r_9_63_66)
	:m RuleScheduling(_r_10)
		:m Form_2(_r_10_70)
			:g (_r_10_70_74) [1,*] 
				: Implicit(_r_10_70_74_75)
				: Explicit(_r_10_70_74_76)
					:g (_r_10_70_74_76_77) [1,1] 
						: Internal(_r_10_70_74_76_77_78)
						: External(_r_10_70_74_76_77_79)
		:m RuleSelection(_r_10_71)
			:g (_r_10_71_80) [1,*] 
				: ExplicitCondition(_r_10_71_80_81)
				: Non_Determinism(_r_10_71_80_82)
				: ConflictResolution(_r_10_71_80_83)
				: Interactive_2(_r_10_71_80_84)
		:o RuleIteration(_r_10_72)
			:g (_r_10_72_85) [1,1] 
				: Recursion(_r_10_72_85_86)
				: Looping(_r_10_72_85_87)
				: FixpointIteration(_r_10_72_85_88)
		:o Phasing(_r_10_73)
	:m RuleOrganization(_r_11)
		:o ModularityMechanisms(_r_11_89)
		:o ReuseMechanisms(_r_11_90)
			:g (_r_11_90_92) [1,*] 
				: Inheritance(_r_11_90_92_93)
				: LogicalComposition(_r_11_90_92_94)
		:m OrganizationalStructure(_r_11_91)
			:g (_r_11_91_95) [1,1] 
				: Source_Oriented(_r_11_91_95_96)
				: Target_Oriented(_r_11_91_95_97)
				: Independent(_r_11_91_95_98)
	:m Tracing(_r_12)
		:o DedicatedSupport(_r_12_99)
			:m StorageLocation(_r_12_99_100)
				:g (_r_12_99_100_102) [1,1] 
					: Model(_r_12_99_100_102_103)
						:g (_r_12_99_100_102_103_105) [1,*] 
							: Source_2(_r_12_99_100_102_103_105_106)
							: Target_2(_r_12_99_100_102_103_105_107)
					: Separate(_r_12_99_100_102_104)
			:m Control(_r_12_99_101)
				:g (_r_12_99_101_108) [1,1] 
					: Manual(_r_12_99_101_108_109)
					: Automatic(_r_12_99_101_108_110)
						:g (_r_12_99_101_108_110_111) [1,1] 
							: AllRules(_r_12_99_101_108_110_111_112)
							: SelectedRules(_r_12_99_101_108_110_111_113)
	:m Directionality(_r_13)
		:g (_r_13_114) [1,*] 
			: Unidirectional(_r_13_114_115)
			: Bidirectional(_r_13_114_116)
				:g (_r_13_114_116_117) [1,1] 
					: BidirectionalRules(_r_13_114_116_117_118)
					: ComplementaryPairs(_r_13_114_116_117_119)
</feature_tree>
<constraints>
</constraints>
</feature_model>
