<!-- This model was created online using SPLOT's Feature Model Editor (http://www.splot-research.org) on Wed, Feb 16, 2011 - 11:05 AM  -->
<feature_model name="WB">
<meta>
<data name="description">WB</data>
<data name="creator">WB</data>
<data name="address"></data>
<data name="email">WB@166.com</data>
<data name="phone"></data>
<data name="website"></data>
<data name="organization">WB</data>
<data name="department"></data>
<data name="date"></data>
<data name="reference"></data>
</meta>
<feature_tree>
:r 1(_r)
	:g (_r_1) [1,*] 
		: Feature-2(_r_1_2)
		: Feature-3(_r_1_5)
		: Feature-4(_r_1_6)
	:o Feature-5(_r_7)
	:o Feature-6(_r_8)
		:g (_r_8_11) [1,*] 
			: Feature-12(_r_8_11_12)
			: Feature-13(_r_8_11_13)
			: Feature-14(_r_8_11_14)
	:o Feature-7(_r_9)
	:o Feature-8(_r_10)
	:m Feature-9(_r_11)
	:o Feature-10(_r_12)
	:o Feature-15(_r_15)
</feature_tree>
<constraints>
constraint_4:~_r_1_2 or _r_7
constraint_5:~_r_8_11_13 or _r_15
constraint_2:~_r_1_5 or _r_7
constraint_3:~_r_8_11_12 or _r_15
</constraints>
</feature_model>
