<!-- This model was created online using SPLOT's Feature Model Editor (http://www.splot-research.org) on Sun, Sep 25, 2011 - 9:31 PM  -->
<feature_model name="Mobile Phone">
<meta>
<data name="description">MobilePhone</data>
<data name="creator">Sergio Segura</data>
<data name="address"></data>
<data name="email">sergiosegura@us.es</data>
<data name="phone"></data>
<data name="website">http://www.lsi.us.es/~segura</data>
<data name="organization">University of Seville</data>
<data name="department"></data>
<data name="date"></data>
<data name="reference">ASPL'08</data>
</meta>
<feature_tree>
:r Mobile Phone(_r)
	:m Utility Functions(_r_1)
		:m Calls(_r_1_2)
		:m Messaging(_r_1_3)
			:g (_r_1_3_5) [1,*] 
				: SMS(_r_1_3_5_6)
				: MMS(_r_1_3_5_7)
		:o Games(_r_1_8)
		:m Alarm(_r_1_9)
		:m Ringing Tones(_r_1_10)
	:m Settings(_r_11)
		:m OS(_r_11_12)
			:g (_r_11_12_14) [1,1] 
				: Symbian(_r_11_12_14_15)
				: WinCE(_r_11_12_14_16)
		:o Java Support(_r_11_13)
	:o Media(_r_17)
		:m Camera(_r_17_18)
		:o MP3(_r_17_19)
	:o Connectivity(_r_20)
		:m USB(_r_20_21)
		:o Bluetooth(_r_20_22)
</feature_tree>
<constraints>
constraint_1:~_r_1_8 or _r_11_13
</constraints>
</feature_model>
