<!-- This model was created online using SPLOT's Feature Model Editor (http://www.splot-research.org) on Sat, Dec 19, 2009 - 4:01 PM  -->
<feature_model name="E-portal">
<meta>
<data name="description">Projeto de criação e edição de portais</data>
<data name="creator">Demetrius Rapello</data>
<data name="address"></data>
<data name="email">demetrius@corp.globo.com</data>
<data name="phone"></data>
<data name="website"></data>
<data name="organization">Globo.com</data>
<data name="department"></data>
<data name="date"></data>
<data name="reference"></data>
</meta>
<feature_tree>
:r E-Portal(_r)
	:m Site(_r_1)
	:m Elementos(_r_2)
	:m Menu(_r_3)
	:m Box(_r_4)
		:m Texto(_r_4_5)
		:o Foto(_r_4_6)
		:o Destaque Wide(_r_4_7)
			:g (_r_4_7_9) [1,*] 
				: Com Foto(_r_4_7_9_10)
				: Sem Foto(_r_4_7_9_11)
		:o Destaque Duplo(_r_4_8)
</feature_tree>
<constraints>
</constraints>
</feature_model>
