<!-- This model was created online using SPLOT's Feature Model Editor (http://www.splot-research.org) on Mon, Sep 16, 2013 - 3:02 PM  -->
<feature_model name="Mobile Media Thiago">
<meta>
<data name="description">App Mobile Media</data>
<data name="creator">Thiago Cavalcanti Reis</data>
<data name="address"></data>
<data name="email">thiagocavalcantireis@gmail.com</data>
<data name="phone"></data>
<data name="website"></data>
<data name="organization">UFMG</data>
<data name="department"></data>
<data name="date"></data>
<data name="reference"></data>
</meta>
<feature_tree>
:r Mobile Media(_r)
	:m Media Selection(_r_1)
		:m Photo(_r_1_19)
		:o Music(_r_1_21)
		:o Video(_r_1_22)
	:m Media Management(_r_2)
		:m Favourites(_r_2_8)
			:m Set Favourites(_r_2_8_15)
			:m View Favourites(_r_2_8_16)
		:o Copy Media(_r_2_9)
		:o SMS Transfer(_r_2_10)
			:o Receive Photo(_r_2_10_17)
			:o Send Photo(_r_2_10_18)
	:m Screen Size(_r_3)
		:g (_r_3_11) [1,1] 
			: Screen 1(_r_3_11_12)
			: Screen 2(_r_3_11_13)
</feature_tree>
<constraints>
constraint_3:_r_2_9 or ~_r_2_10
</constraints>
</feature_model>
