<!-- This model was created online using SPLOT's Feature Model Editor (http://www.splot-research.org) on Sun, Aug 18, 2013 - 9:56 PM  -->
<feature_model name="TEST_NAme">
<meta>
<data name="description">TEST_description</data>
<data name="creator">test author</data>
<data name="address"></data>
<data name="email">test_email</data>
<data name="phone"></data>
<data name="website"></data>
<data name="organization">test_organization</data>
<data name="department"></data>
<data name="date"></data>
<data name="reference"></data>
</meta>
<feature_tree>
:r Type name for root feature(_r)
	:o Feature-1(_r_1)
		:o Feature-9(_r_1_9)
		:g (_r_1_10) [1,*] 
			: Feature-11(_r_1_10_11)
	:g (_r_2) [1,*] 
		: Feature-3(_r_2_3)
		: Feature-12(_r_2_12)
	:g (_r_4) [1,1] 
		: Feature-5(_r_4_5)
	:m Feature-6(_r_6)
	:o Feature-7(_r_7)
	:o Feature-8(_r_8)
</feature_tree>
<constraints>
</constraints>
</feature_model>
