<!-- This model was created online using SPLOT's Feature Model Editor (http://www.splot-research.org) on Thu, Apr 10, 2014 - 10:58 AM  -->
<feature_model name="Xor Example 2">
<meta>
<data name="description">Xor Example 2</data>
<data name="creator">Ra'fat AL-msie'deen</data>
<data name="address"></data>
<data name="email">rafatals3ode@gmail.com</data>
<data name="phone"></data>
<data name="website"></data>
<data name="organization">Lirmm</data>
<data name="department"></data>
<data name="date"></data>
<data name="reference"></data>
</meta>
<feature_tree>
:r root(_r)
	:g (_r_1) [1,1] 
		: F1(_r_1_2)
		: F4(_r_1_5)
	:g (_r_6) [1,*] 
		: F2(_r_6_7)
		: F3(_r_6_8)
		: F5(_r_6_9)
		: F6(_r_6_10)
		: F7(_r_6_11)
	:o 1(_r_13)
	:o 2(_r_14)
	:o 3(_r_15)
</feature_tree>
<constraints>
constraint_1:_r_1_2 or ~_r_6_9
constraint_8:~_r_1_2 or ~_r_6_10
constraint_9:~_r_1_2 or ~_r_6_11
constraint_11:~_r_1_5 or ~_r_6_9
constraint_6:_r_1_5 or ~_r_6_11
constraint_7:~_r_1_2 or ~_r_6_8
constraint_4:_r_6_8 or ~_r_6_10
constraint_5:_r_6_8 or ~_r_6_11
constraint_2:_r_6_7 or ~_r_6_9
constraint_3:_r_6_7 or ~_r_6_10
</constraints>
</feature_model>
