<!-- This model was created online using SPLOT's Feature Model Editor (http://www.splot-research.org) on Sun, Nov 29, 2009 - 1:17 PM  -->
<feature_model name="IntelligentTutoringSystem">
<meta>
<data name="description">ITS</data>
<data name="creator">Nils Klatter</data>
<data name="address"></data>
<data name="email">nils137@hotmail.com</data>
<data name="phone"></data>
<data name="website"></data>
<data name="organization">University of Twente</data>
<data name="department"></data>
<data name="date"></data>
<data name="reference"></data>
</meta>
<feature_tree>
:r IntelligentTutoring(_r)
	:m Tutoring(_r_1)
		:g (_r_1_5) [1,*] 
			: tutoring simulation(_r_1_5_6)
			: Tutoring exercise(_r_1_5_7)
		:o Tutoring lecture(_r_1_8)
	:m Feedback(_r_2)
		:m Advice(_r_2_9)
		:o Grading(_r_2_10)
	:o Result Monitoring(_r_3)
	:o User Authentication(_r_4)
		:g (_r_4_11) [1,*] 
			: Student(_r_4_11_12)
			: Instructor(_r_4_11_14)
</feature_tree>
<constraints>
constraint_1:~_r_3 or _r_4
</constraints>
</feature_model>
