<!-- This model was created online using SPLOT's Feature Model Editor (http://www.splot-research.org) on Sun, Feb 9, 2014 - 4:27 PM  -->
<feature_model name="ScrollingText">
<meta>
<data name="description">Scrolling Text</data>
<data name="creator">Renata</data>
<data name="address"></data>
<data name="email">renata.burbaite@gmail.com</data>
<data name="phone"></data>
<data name="website"></data>
<data name="organization">KTU</data>
<data name="department"></data>
<data name="date"></data>
<data name="reference"></data>
</meta>
<feature_tree>
:r ScrollingText(_r)
	:m Priority(_r_1)
		:g (_r_1_2) [1,*] 
			: PH(_r_1_2_3)
			: PI(_r_1_2_4)
			: PL(_r_1_2_5)
			: None(_r_1_2_6)
	:m Objective(_r_7)
		:g (_r_7_8) [1,1] 
			: SA(_r_7_8_9)
			: BA(_r_7_8_10)
	:m Activity(_r_11)
		:g (_r_11_12) [1,1] 
			: CT(_r_11_12_13)
			: PS(_r_11_12_14)
	:m Method(_r_15)
		:g (_r_15_16) [1,1] 
			: PR(_r_15_16_17)
			: PB(_r_15_16_18)
	:m Level(_r_19)
		:g (_r_19_20) [1,1] 
			: BG(_r_19_20_21)
			: IT(_r_19_20_22)
			: AD(_r_19_20_23)
	:m Text(_r_24)
		:g (_r_24_25) [1,1] 
			: ST(_r_24_25_26)
			: BC(_r_24_25_27)
	:m Time(_r_28)
		:g (_r_28_29) [1,*] 
			: 200(_r_28_29_30)
			: 500(_r_28_29_31)
			: 3000(_r_28_29_32)
			: 5000(_r_28_29_33)
</feature_tree>
<constraints>
constraint_1:~_r_1_2_3 or _r_11
constraint_17:~_r_24_25_27 or _r_28_29_32
constraint_18:~_r_24_25_27 or _r_28_29_33
constraint_8:~_r_7_8_10 or _r_24_25_27
constraint_6:~_r_1_2_5 or _r_28
constraint_7:~_r_7_8_9 or _r_24_25_26
constraint_4:~_r_1_2_5 or _r_24
constraint_13:~_r_24_25_26 or _r_28_29_30
constraint_5:~_r_1_2_5 or _r_7
constraint_14:~_r_24_25_26 or _r_28_29_31
constraint_2:~_r_1_2_3 or _r_15
constraint_3:~_r_1_2_4 or _r_19
</constraints>
</feature_model>
