<!-- This model was created online using SPLOT's Feature Model Editor (http://www.splot-research.org) on Thu, Apr 10, 2014 - 11:53 AM  -->
<feature_model name="Sylvain Example">
<meta>
<data name="description">instance of  constraints </data>
<data name="creator">Rafat and Marianne</data>
<data name="address"></data>
<data name="email">rafatals3ode@gmail.com</data>
<data name="phone"></data>
<data name="website"></data>
<data name="organization">Lirmm</data>
<data name="department"></data>
<data name="date"></data>
<data name="reference"></data>
</meta>
<feature_tree>
:r root(_r)
	:g (_r_1) [1,*] 
		: F1(_r_1_2)
			:o F5(_r_1_2_3)
		: F2(_r_1_6)
		: F3(_r_1_7)
		: F6(_r_1_8)
		: F4(_r_1_11)
			:o F7(_r_1_11_13)
	:m 1(_r_14)
	:m 2(_r_15)
	:m 3(_r_17)
</feature_tree>
<constraints>
constraint_1:_r_1_6 or ~_r_1_8
constraint_8:~_r_1_2 or ~_r_1_11
constraint_10:~_r_1_2 or ~_r_1_11_13
constraint_9:~_r_1_2 or ~_r_1_8
constraint_11:~_r_1_6 or ~_r_1_11
constraint_12:~_r_1_2_3 or ~_r_1_11
constraint_7:~_r_1_2 or ~_r_1_7
constraint_13:~_r_1_8 or ~_r_1_11
constraint_5:_r_1_7 or ~_r_1_11_13
constraint_2:_r_1_7 or ~_r_1_8
constraint_3:~_r_1_2_3 or _r_1_6
</constraints>
</feature_model>
