<!-- This model was created online using SPLOT's Feature Model Editor (http://www.splot-research.org) on Wed, May 22, 2013 - 11:47 PM  -->
<feature_model name="Sistem Informasi Rumah Sakit MIK">
<meta>
<data name="description">FODA SIM RS MIK</data>
<data name="creator">Muhamad Ramli</data>
<data name="address"></data>
<data name="email">muhamad.ramli11@ui.ac.id</data>
<data name="phone"></data>
<data name="website"></data>
<data name="organization">Fasilkom UI</data>
<data name="department"></data>
<data name="date"></data>
<data name="reference"></data>
</meta>
<feature_tree>
:r Sistem Informasi Rumah Sakit MIK(_r)
	:m Pembayaran(_r_1)
		:g (_r_1_2) [1,*] 
			: Debit(_r_1_2_3)
			: Kredit(_r_1_2_6)
			: Tunai(_r_1_2_7)
			: Asuransi(_r_1_2_8)
	:m Layanan(_r_9)
		:g (_r_9_10) [1,*] 
			: Klinik(_r_9_10_11)
			: UGD(_r_9_10_12)
			: Lab(_r_9_10_13)
			: Rawat Inap(_r_9_10_14)
				:g (_r_9_10_14_19) [1,*] 
					: Unit Lain(_r_9_10_14_19_20)
					: RS dan Klinik(_r_9_10_14_19_21)
					: Dokter Praktek Umum(_r_9_10_14_19_22)
					: Kasus Khusus(_r_9_10_14_19_23)
			: Apotek(_r_9_10_15)
			: Ruang Jenazah(_r_9_10_16)
			: Kantin(_r_9_10_17)
			: Bank Darah(_r_9_10_18)
	:o Peningkatan Layanan(_r_24)
		:g (_r_24_25) [1,*] 
			: Tambah Fasilitas Internal(_r_24_25_26)
				:g (_r_24_25_26_28) [1,*] 
					: AIDS Care(_r_24_25_26_28_29)
					: Lab Mikro(_r_24_25_26_28_30)
					: Kamar(_r_24_25_26_28_31)
			: Afiliasi Reg Asia(_r_24_25_27)
				:g (_r_24_25_27_32) [1,*] 
					: RS(_r_24_25_27_32_33)
					: Klinik(_r_24_25_27_32_34)
					: Pabrik Obat(_r_24_25_27_32_35)
					: Asuransi(_r_24_25_27_32_36)
	:g (_r_39) [1,1] 
		: Managemen Data Pasien(_r_39_40)
	:g (_r_41) [1,*] 
		: Pemesanan Kamar(_r_41_42)
			:g (_r_41_42_43) [1,*] 
				: Biasa(_r_41_42_43_44)
				: Utama(_r_41_42_43_45)
				: VIP(_r_41_42_43_46)
				: Khusus(_r_41_42_43_47)
	:o Booking Online(_r_48)
		:g (_r_48_49) [1,*] 
			: Website Book(_r_48_49_50)
			: Mobile Book(_r_48_49_51)
	:o Pemeliharaan(_r_52)
		:g (_r_52_53) [1,*] 
			: Online(_r_52_53_54)
			: Offline(_r_52_53_55)
	:m Pencarian Data Pasien(_r_56)
		:g (_r_56_57) [1,*] 
			: Berdasarkan Nama(_r_56_57_58)
			: Berdasarkan Tipe Ruangan(_r_56_57_59)
			: Berdasarkan Dokter(_r_56_57_60)
</feature_tree>
<constraints>
</constraints>
</feature_model>
