<!-- This model was created online using SPLOT's Feature Model Editor (http://www.splot-research.org) on Fri, Mar 8, 2013 - 1:35 AM  -->
<feature_model name="BankingSoftware">
<meta>
<data name="description">This feature model has most of the banking related features.</data>
<data name="creator">Ganesh Khandu Narwane</data>
<data name="address">India</data>
<data name="email">ganeshk@cse.iitb.ac.in</data>
<data name="phone"></data>
<data name="website"></data>
<data name="organization">Homi Bhabha National Institute</data>
<data name="department">Computer Science</data>
<data name="date">1st Feb, 2013</data>
<data name="reference"></data>
</meta>
<feature_tree>
:r BankingSoftware(_r)
	:m CoreBanking(_r_14)
		:m OpenAccount(_r_14_19)
			:m AccountType(_r_14_19_20)
				:g (_r_14_19_20_21) [1,1] 
					: Saving(_r_14_19_20_21_22)
					: Current(_r_14_19_20_21_23)
		:o ActivateAccount(_r_14_24)
		:o ReactivateAccount(_r_14_25)
		:o CloseAccount(_r_14_27)
		:o FreezeAccount(_r_14_29)
			:g (_r_14_29_30) [1,*] 
				: Manual(_r_14_29_30_31)
				: Automatic(_r_14_29_30_32)
		:o AddBeneficiary(_r_14_33)
			:g (_r_14_33_34) [1,*] 
				: InterBank(_r_14_33_34_35)
				: IntraBank(_r_14_33_34_36)
		:m ATMLogin(_r_14_40)
			:m UserType(_r_14_40_45)
				:g (_r_14_40_45_46) [1,1] 
					: Customer(_r_14_40_45_46_47)
		:m BankEmployeeLogin(_r_14_41)
			:m UserType(_r_14_41_48)
				:g (_r_14_41_48_49) [1,1] 
					: Employee(_r_14_41_48_49_50)
						:g (_r_14_41_48_49_50_51) [1,1] 
							: Cleark(_r_14_41_48_49_50_51_52)
							: Manager(_r_14_41_48_49_50_51_53)
							: AssitManager(_r_14_41_48_49_50_51_54)
							: Accountent(_r_14_41_48_49_50_51_55)
		:o ChangeATMPin(_r_14_56)
		:o ChangeMaxLimitForOnlineTransfer(_r_14_57)
		:o ChangePassword(_r_14_58)
		:o CheckingBalance(_r_14_59)
		:o CheckingMoneyExchangeRate(_r_14_60)
		:m BankingMode(_r_14_61)
			:g (_r_14_61_62) [1,1] 
				: ATM(_r_14_61_62_63)
				: Bank(_r_14_61_62_64)
				: Online(_r_14_61_62_65)
		:o CreateDemandDraft(_r_14_66)
		:o CreateDemandDraftOnline(_r_14_67)
		:o CreditCardPayment(_r_14_68)
		:o CurrencyExchange(_r_14_69)
		:o DepositMoney(_r_14_70)
		:o FastWithdrawal(_r_14_71)
		:o InterBankTransfer(_r_14_72)
		:o InternationalTransfer(_r_14_73)
		:o IntraBankTransfer(_r_14_74)
		:o LanguageSelection(_r_14_75)
		:o MobileTopUp(_r_14_76)
		:o MoneyExchange(_r_14_77)
		:m OnlineCustomerLogin(_r_14_78)
		:o PayBills(_r_14_79)
		:o PrintingBalanceAfterWithdraw(_r_14_80)
		:o PrintingBankStatement(_r_14_81)
		:o RemoveBeneficiary(_r_14_82)
		:o UpdateContactDetails(_r_14_83)
		:o UserInterface(_r_14_84)
		:o WithdrawMoney(_r_14_85)
		:o ChequeClearance(_r_14_86)
		:o RegisterMobileNoForBanking(_r_14_87)
		:m ScanSignatureToAccount(_r_14_88)
		:o AddAccountHolder(_r_14_101)
		:o DeleteAccountHolder(_r_14_102)
		:o IssueChequeBook(_r_14_103)
			:m ChequeBookType(_r_14_103_113)
				:g (_r_14_103_113_120) [1,*] 
					: Regular(_r_14_103_113_120_121)
					: Multicity(_r_14_103_113_120_122)
			:m Size(_r_14_103_114)
				:g (_r_14_103_114_115) [1,1] 
					: 15(_r_14_103_114_115_116)
					: 30(_r_14_103_114_115_117)
					: 50(_r_14_103_114_115_118)
					: 100(_r_14_103_114_115_119)
		:o CreateStandingInstruction(_r_14_104)
		:o DeleteStandingInstruction(_r_14_105)
		:o CreateECSTransaction(_r_14_106)
		:o DeleteECSTransaction(_r_14_107)
		:o CreatePayOrder(_r_14_108)
		:o CreditThroughRTGS(_r_14_111)
		:o CreditThroughNEFT(_r_14_112)
		:o ReconcilingCardsTransactions(_r_14_113)
			:m CardType(_r_14_113_114)
				:g (_r_14_113_114_115) [1,1] 
					: MasterCard(_r_14_113_114_115_116)
					: VisaCard(_r_14_113_114_115_117)
					: MastroCard(_r_14_113_114_115_118)
		:o ReconcilingATMTransactions(_r_14_119)
		:m ScanSignatureToAccount(__r_14_88)
		:o MapDebitCardToAccount(_r_14_89)
		:o MapChequeBookToAccount(_r_14_90)
		:o AutoATMPinForDebitCard(_r_14_91)
		:o CloseFixedDeposit(_r_14_92)
		:o PreclosureFixedDeposit(_r_14_93)
		:m CreditInterestToAccount(__r_14_109)
		:o CancelDemandDraft(__r_14_110)
		:o CancelPayOrder(__r_14_108)
		:m LoadCashInATM(_r_14_123)
		:m DebitAnnualChargesOnDebitCard(_r_14_124)
	:o Loan(_r_17)
		:m ApplyForLoanOnline(_r_17_89)
		:m EMICalculator(_r_17_90)
		:m LoanEligibilityChecker(_r_17_91)
		:m UploadLoanDocuments(_r_17_92)
		:m VerifyLoanDocuments(_r_17_93)
		:m LoanType(_r_17_94)
			:g (_r_17_94_95) [1,1] 
				: Personal(_r_17_94_95_96)
				: GoldLoan(_r_17_94_95_97)
				: HomeLoan(_r_17_94_95_98)
				: VehicleLoan(_r_17_94_95_99)
				: LoanAgainstFD(_r_17_94_95_100)
				: LoanAgainstProperty(_r_17_94_95_101)
		:m SanctionLoan(_r_17_95)
		:m DisburseLoanAmount(_r_17_96)
		:m LoanRepayment(_r_17_98)
			:o LoanRepaymentEMI(_r_17_98_99)
			:o LoanRepaymentForecloser(_r_17_98_100)
			:m RepaymentMode(_r_17_98_104)
				:g (_r_17_98_104_105) [1,1] 
					: Cheque(_r_17_98_104_105_106)
					: ECS(_r_17_98_104_105_107)
					: Cash(_r_17_98_104_105_173)
		:m AddCoBorrower(_r_17_102)
		:m VerifyLoanEligibility(_r_17_103)
		:o AssetVerification(_r_17_108)
		:m InitiateDefaulterProcess(_r_17_174)
			:m SendNotice(_r_17_174_175)
		:m InsureLoanWithThirdParty(_r_17_176)
	:o CreditCards(_r_125)
		:m CardType(_r_125_126)
			:g (_r_125_126_127) [1,*] 
				: PlatinumCard(_r_125_126_127_128)
				: TitaniumCard(_r_125_126_127_129)
				: DinersClubCard(_r_125_126_127_130)
				: JetPrivilegeCard(_r_125_126_127_131)
				: InfiniaCard(_r_125_126_127_132)
				: RegaliaCard(_r_125_126_127_133)
				: SuperiaCard(_r_125_126_127_134)
				: TitaniumEdgeCard(_r_125_126_127_135)
				: SolitaireCard(_r_125_126_127_136)
		:m PaymentMode(_r_125_137)
			:g (_r_125_137_138) [1,*] 
				: Visa(_r_125_137_138_139)
				: Mastro(_r_125_137_138_140)
				: Master(_r_125_137_138_141)
				: AmericanExpress(_r_125_137_138_142)
		:m ApplyForCrediCardOnline(_r_125_133)
		:m CheckCreditCardStatus(_r_125_134)
		:m EligibilityChecker(_r_125_135)
		:m UploadDocuments(_r_125_136)
		:m VerifyDocuments(__r_125_137)
		:o CreditRewardPoints(_r_125_138)
		:o RedemRewardPoints(_r_125_139)
		:o ConvertTransactionToEMI(_r_125_140)
		:o PayCreditCardBill(_r_125_141)
			:m PaymentChannel(_r_125_141_162)
				:g (_r_125_141_162_163) [1,*] 
					: Cheque(_r_125_141_162_163_164)
					: Cash(_r_125_141_162_163_165)
					: Online(_r_125_141_162_163_166)
						:g (_r_125_141_162_163_166_167) [1,1] 
							: NetBanking(_r_125_141_162_163_166_167_168)
							: DebitCard(_r_125_141_162_163_166_167_169)
					: ATM(_r_125_141_162_163_173)
		:o PayUtilityBills(_r_125_142)
		:m ViewAccountSummary(_r_125_143)
		:o AddPayee(_r_125_144)
		:o CreateStandingInstructionOnCreditCard(_r_125_145)
		:o ViewUnbilledTransaction(_r_125_146)
		:o eStatement(_r_125_147)
		:o SendSMSAlerts(_r_125_148)
		:o SendEmailAlerts(_r_125_149)
		:o GenerateOTP(_r_125_150)
		:o RegisterForEstatement(_r_125_151)
		:o ApplyLateFees(_r_125_152)
		:m ApplyInterestOnOutstandingAmount(_r_125_153)
		:o ApplyBalanceTransfer(_r_125_154)
		:o ApplyProcessingFees(_r_125_155)
		:o CreditBTAmountToOtherCard(_r_125_156)
		:o CashWithdrawalFromCreditCard(_r_125_157)
		:o ApplyChargesForCashWithdrawal(_r_125_158)
		:o ReverseTransaction(_r_125_159)
		:m ApplyAnnualCharges(_r_125_170)
		:o CancelStandingInstructionOnCreditCard(_r_125_171)
		:o RequestDuplicateEstatement(_r_125_172)
		:m MarkDefaulter(_r_125_174)
		:m UnmarkDefaulter(_r_125_175)
		:m InitiateSettlementProcess(_r_125_176)
</feature_tree>
<constraints>
constraint_8:~_r_17_94_95_101 or _r_17_108
constraint_6:~_r_17_94_95_98 or _r_17_108
constraint_7:~_r_17_94_95_100 or _r_17_108
constraint_5:~_r_17_94_95_97 or _r_17_108
</constraints>
</feature_model>
