<!-- This model was created online using SPLOT's Feature Model Editor (http://www.splot-research.org) on Mon, Mar 24, 2014 - 8:48 AM  -->
<feature_model name="collapse_view_example">
<meta>
<data name="description">shows handling counter example</data>
<data name="creator">Doron</data>
<data name="address"></data>
<data name="email">doronst5@gmail.com</data>
<data name="phone"></data>
<data name="website"></data>
<data name="organization">TAU</data>
<data name="department"></data>
<data name="date"></data>
<data name="reference"></data>
</meta>
<feature_tree>
:r a(_r)
	:g (_r_3) [1,*] 
		: b(_r_3_4)
			:m c(_r_3_4_6)
			:m d(_r_3_4_7)
		: e(_r_3_5)
			:m f(_r_3_5_8)
			:m g(_r_3_5_9)
		: etc(_r_3_10)
			:g (_r_3_10_11) [1,*] 
				: etc1(_r_3_10_11_12)
				: etc2(_r_3_10_11_13)
				: etc3(_r_3_10_11_14)
</feature_tree>
<constraints>
</constraints>
</feature_model>
