<!-- This model was created online using SPLOT's Feature Model Editor (http://www.splot-research.org) on Wed, May 29, 2013 - 5:14 PM  -->
<feature_model name="MobileMedia-Bruno-ExpUFMG">
<meta>
<data name="description">MobileMedia-Experiment</data>
<data name="creator">Bruno Cafeo</data>
<data name="address"></data>
<data name="email">bcafeo@inf.puc-rio.br</data>
<data name="phone"></data>
<data name="website"></data>
<data name="organization">PUC-RIO</data>
<data name="department"></data>
<data name="date"></data>
<data name="reference"></data>
</meta>
<feature_tree>
:r MobileMedia(_r)
	:m Media Selection(_r_1)
		:m Photo(_r_1_7)
		:o Video(_r_1_8)
		:o Music(_r_1_9)
	:m Media Management(_r_2)
		:m Favourites(_r_2_10)
			:m Set Favourites(_r_2_10_11)
			:m View Favourites(_r_2_10_12)
		:o Copy Media(_r_2_13)
		:o SMS Transfer(_r_2_14)
			:o Receive Photo(_r_2_14_15)
			:o Send Photo(_r_2_14_16)
	:m Screen Size(_r_3)
		:g (_r_3_17) [1,1] 
			: Screen1(_r_3_17_18)
			: Screen2(_r_3_17_19)
</feature_tree>
<constraints>
constraint_1:_r_2_13 or ~_r_2_14
</constraints>
</feature_model>
