<!-- This model was created online using SPLOT's Feature Model Editor (http://www.splot-research.org) on Thu, May 10, 2012 - 12:13 PM  -->
<feature_model name="SPL SimulES, PnP">
<meta>
<data name="description">Descreve as características da LP de jogos do SimulES e do PnP</data>
<data name="creator">Vinícius Veloso de Mello Garcia</data>
<data name="address"></data>
<data name="email">vingarcia00@gmail.com</data>
<data name="phone"></data>
<data name="website"></data>
<data name="organization">UFMG</data>
<data name="department"></data>
<data name="date"></data>
<data name="reference"></data>
</meta>
<feature_tree>
:r Jogo(_r)
	:m Cartas(_r_1)
		:o Conceitos(_r_1_2)
		:o Problemas(_r_1_3)
		:m Engenheiros de Software(_r_1_6)
			:m Custo(_r_1_6_15)
				:g (_r_1_6_15_16) [1,1] 
					: Custo padrao para todos os engenheiros(_r_1_6_15_16_17)
					: Custo especifico por engenheiro(_r_1_6_15_16_18)
			:m Habilidade(_r_1_6_59)
				:g (_r_1_6_59_60) [1,1] 
					: Habilidade padrao para todos os engenheiros(_r_1_6_59_60_61)
					: Habilidade especifica por engenheiro(_r_1_6_59_60_62)
			:o Maturidade(_r_1_6_63)
		:m Projeto(_r_1_19)
			:m Tamanho(_r_1_19_37)
				:g (_r_1_19_37_51) [1,1] 
					: Tamanho fixo padrao(_r_1_19_37_51_52)
					: Tamanho especifico por projeto(_r_1_19_37_51_53)
			:m Complexidade(_r_1_19_42)
				:g (_r_1_19_42_43) [1,1] 
					: Complexidade fixa padrao(_r_1_19_42_43_44)
					: Complexidade especifica por projeto(_r_1_19_42_43_45)
			:m Qualidade(_r_1_19_46)
				:g (_r_1_19_46_47) [1,1] 
					: Qualidade fixa com valor arbitrario(_r_1_19_46_47_48)
					: Qualidade especifica por projeto(_r_1_19_46_47_49)
					: Qualidade igual ao tamanho do projeto - nao aceitacao de bugs(_r_1_19_46_47_50)
			:m Modulos(_r_1_19_54)
				:g (_r_1_19_54_55) [1,1] 
					: Simples - apenas codigo(_r_1_19_54_55_56)
					: Com requesitos variados(_r_1_19_54_55_57)
			:m Orcamento(_r_1_19_57)
				:g (_r_1_19_57_58) [1,1] 
					: Orcamento fixo padrao(_r_1_19_57_58_59)
					: Orcamento especifico por projeto(_r_1_19_57_58_60)
		:m Tarefas(_r_1_39)
			:g (_r_1_39_65) [1,*] 
				: Requerimentos(_r_1_39_65_66)
				: Design(_r_1_39_65_67)
				: Codigo(_r_1_39_65_68)
				: Rastreamento(_r_1_39_65_69)
				: Ajuda(_r_1_39_65_70)
	:m Jogabilidade(_r_71)
		:o Bugs(_r_71_91)
		:m Compra de Cartas(_r_71_100)
			:g (_r_71_100_101) [1,1] 
				: Valor fixo(_r_71_100_101_102)
				: Por dado(_r_71_100_101_103)
		:m Tipos de Jogo(_r_71_65)
			:g (_r_71_65_66) [1,*] 
				: Single Player(_r_71_65_66_67)
				: Multiplayer(_r_71_65_66_68)
					:g (_r_71_65_66_68_69) [1,*] 
						: Jogo por IP(_r_71_65_66_68_69_70)
						: Jogo via conexao com servidor(_r_71_65_66_68_69_71)
	:o Extras(_r_104)
		:o Historias nas cartas(_r_104_105)
		:o Ilustracoes nas cartas(_r_104_106)
		:o Tabuleiro(_r_104_107)
		:o Ajuda(_r_104_60)
			:o Tutorial(_r_104_60_61)
			:o Suporte com tooltips(_r_104_60_62)
			:o Indicadores de progresso ilustrativos(_r_104_60_63)
</feature_tree>
<constraints>
</constraints>
</feature_model>
