<!-- This model was created online using SPLOT's Feature Model Editor (http://www.splot-research.org) on Sat, Jun 20, 2015 - 8:17 PM  -->
<feature_model name="Smart Home-z">
<meta>
<data name="description">Feature Model of a Smart Home</data>
<data name="creator">Alejandro Pérez Ruiz</data>
<data name="address"></data>
<data name="email">alejandro.perezr@alumnos.unican.es</data>
<data name="phone"></data>
<data name="website"></data>
<data name="organization">UNICAN</data>
<data name="department"></data>
<data name="date"></data>
<data name="reference"></data>
</meta>
<feature_tree>
:r Smart Home(_r)
	:m Floor(_r_1)
		:m Room(_r_1_2)
			:o External Door(_r_1_2_5)
			:o FireSensor(_r_1_2_6)
			:o Heater(_r_1_2_7)
				:m Thermostat(_r_1_2_7_8)
					:m MeasurementUnits(_r_1_2_7_8_9)
			:o Ligth(_r_1_2_10)
				:o LigthSwitch(_r_1_2_10_11)
				:o Dimmer(_r_1_2_10_12)
			:o Window(_r_1_2_13)
				:o WindowSensor(_r_1_2_13_14)
				:o WindowActuator(_r_1_2_13_15)
			:o Alarm(_r_1_2_18)
				:g (_r_1_2_18_57) [1,*] 
					: Siren(_r_1_2_18_57_58)
					: Bell(_r_1_2_18_57_59)
					: Light(_r_1_2_18_57_60)
		:o Door(_r_1_3)
			:o DoorSensor(_r_1_3_23)
			:o DoorOpener(_r_1_3_24)
		:o FloorGUI(_r_1_4)
	:m CentralGUI(_r_32)
	:o BasicFacilities(_r_36)
		:o DoorManagement(_r_36_37)
			:o AutomaticOpen(_r_36_37_43)
		:o HeatingManagement(_r_36_38)
		:o LigthManagement(_r_36_39)
			:g (_r_36_39_49) [1,*] 
				: SimpleControl(_r_36_39_49_50)
				: PredefinedValues(_r_36_39_49_51)
					:g (_r_36_39_49_51_52) [1,*] 
						: TVWatching(_r_36_39_49_51_52_53)
						: Reading(_r_36_39_49_51_52_54)
						: Normal(_r_36_39_49_51_52_55)
						: Ambient(_r_36_39_49_51_52_56)
		:o WindowManagement(_r_36_40)
			:o BlindManagement(_r_36_40_57)
		:o FireDetection(_r_36_41)
			:o SprinklingWater(_r_36_41_58)
			:m CallingFireDepartman(_r_36_41_49)
	:o ComplexFacilities(_r_59)
		:o PresenceSimulation(_r_59_62)
			:g (_r_59_62_63) [1,*] 
				: LigthSimulation(_r_59_62_63_64)
				: BlindSimulation(_r_59_62_63_65)
	:o Security(_r_48)
		:o Authentication(_r_48_51)
			:g (_r_48_51_52) [1,1] 
				: Keypad(_r_48_51_52_53)
				: EyeRecognition(_r_48_51_52_55)
				: FingerPrint(_r_48_51_52_56)
</feature_tree>
<constraints>
constraint_8:~_r_1_3_23 or _r_48_51_52_56
constraint_7:_r_1_2_18_57_58 or ~_r_36_41_49
constraint_4:~_r_1_2_10_11 or _r_36_39_49_50
constraint_5:~_r_1_2_13_14 or _r_48_51_52_53
constraint_3:_r_1_2_6 or ~_r_36_41_58
</constraints>
</feature_model>
