<!-- This model was created online using SPLOT's Feature Model Editor (http://www.splot-research.org) on Fri, Nov 23, 2012 - 8:29 AM  -->
<feature_model name="Mobile Media">
<meta>
<data name="description">cccc</data>
<data name="creator">teste</data>
<data name="address"></data>
<data name="email">teste@teste.com</data>
<data name="phone"></data>
<data name="website"></data>
<data name="organization">teste</data>
<data name="department"></data>
<data name="date"></data>
<data name="reference"></data>
</meta>
<feature_tree>
:r Mobile Media(_r)
	:m Media Selection(_r_1)
		:g (_r_1_30) [1,1] 
			: Video(_r_1_30_33)
	:m Media Management(_r_2)
		:m Favourites(_r_2_8)
			:m Set Favourites(_r_2_8_15)
			:m View Favourites(_r_2_8_16)
		:o Copy Media(_r_2_9)
		:o SMS Transfer(_r_2_10)
			:m Receive Photo(_r_2_10_17)
			:m Send Photo(_r_2_10_18)
	:m Screen Size(_r_3)
		:g (_r_3_11) [1,1] 
			: Screen1(_r_3_11_12)
			: Screen2(_r_3_11_13)
</feature_tree>
<constraints>
constraint_2:_r_2_9 or _r_2_10
</constraints>
</feature_model>
