<!-- This model was created online using SPLOT's Feature Model Editor (http://www.splot-research.org) on Thu, May 2, 2013 - 6:20 PM  -->
<feature_model name="Mobile  Model">
<meta>
<data name="description">descreve s funções de um aparelho celular </data>
<data name="creator">Camila Saporetti</data>
<data name="address"></data>
<data name="email">saporetticamila@hotmail.com</data>
<data name="phone"></data>
<data name="website"></data>
<data name="organization">I don't know</data>
<data name="department"></data>
<data name="date"></data>
<data name="reference"></data>
</meta>
<feature_tree>
:r MobileMedia(_r)
	:m Media Selection(_r_1)
		:g (_r_1_4) [1,*] 
			: Photo(_r_1_4_5)
			: Music(_r_1_4_8)
			: Video(_r_1_4_9)
	:m Media Management(_r_2)
		:o Favourites(_r_2_10)
			:m Set Favourities(_r_2_10_22)
			:m View Favourities(_r_2_10_23)
		:o Copy Media(_r_2_12)
		:o SMS Transfer(_r_2_13)
			:m Receive Photo(_r_2_13_24)
			:m Send Photo(_r_2_13_25)
	:m Screen Size(_r_3)
		:g (_r_3_18) [1,1] 
			: Screen1(_r_3_18_19)
			: Screen2(_r_3_18_20)
			: Screen3(_r_3_18_21)
</feature_tree>
<constraints>
constraint_1:_r_2_12 or ~_r_2_13
</constraints>
</feature_model>
