<!-- This model was created online using SPLOT's Feature Model Editor (http://www.splot-research.org) on Fri, Jul 5, 2013 - 5:28 AM  -->
<feature_model name="Alarm System">
<meta>
<data name="description">An Alarm System</data>
<data name="creator">Florian Wartenberg</data>
<data name="address"></data>
<data name="email">florianwartenberg@gmx.de</data>
<data name="phone"></data>
<data name="website"></data>
<data name="organization">Fraunhofer Fokus</data>
<data name="department"></data>
<data name="date"></data>
<data name="reference"></data>
</meta>
<feature_tree>
:r Alarm System(_r)
	:m Onlince Access(_r_1)
	:m User Interface(_r_2)
	:o Camera(_r_3)
		:g (_r_3_4) [1,*] 
			: Photo(_r_3_4_5)
			: Video(_r_3_4_10)
	:o Storage(_r_17)
		:g (_r_17_18) [1,1] 
			: Standard(_r_17_18_19)
			: High(_r_17_18_25)
	:g (_r_22) [1,*] 
		: Manual Release(_r_22_23)
		: Vibration Detector(_r_22_26)
	:g (_r_27) [1,1] 
		: Siren(_r_27_28)
		: Warning Light(_r_27_29)
</feature_tree>
<constraints>
constraint_1:~_r_3 or _r_17
constraint_2:~_r_3_4_10 or _r_17_18_25
</constraints>
</feature_model>
