<!-- This model was created online using SPLOT's Feature Model Editor (http://www.splot-research.org) on Sat, Jun 14, 2014 - 12:25 PM  -->
<feature_model name="Magister 2014-ROLOG">
<meta>
<data name="description">magister 2014</data>
<data name="creator">Ignacio Soto</data>
<data name="address"></data>
<data name="email">isoto@ignehost.cl</data>
<data name="phone"></data>
<data name="website"></data>
<data name="organization">UFRO</data>
<data name="department"></data>
<data name="date"></data>
<data name="reference"></data>
</meta>
<feature_tree>
:r Rolog(_r)
	:m Feature-1(_r_1)
	:o Track and Trace(_r_2)
	:o Invoice(_r_3)
	:m Order Management(_r_4)
	:o Document and Digitalize(_r_5)
	:o Event Control(_r_6)
	:m Management and Control(_r_7)
	:m Partners(_r_8)
	:o Articles(_r_9)
	:o Data Transfer(_r_10)
		:g (_r_10_11) [1,1] 
			: Import(_r_10_11_12)
			: Export(_r_10_11_13)
</feature_tree>
<constraints>
</constraints>
</feature_model>
