<!-- This model was created online using SPLOT's Feature Model Editor (http://www.splot-research.org) on Fri, Dec 14, 2012 - 7:07 AM  -->
<feature_model name="User Model">
<meta>
<data name="description">User Feature Model</data>
<data name="creator">Zakwan</data>
<data name="address"></data>
<data name="email">zakwanj@gmail.com</data>
<data name="phone"></data>
<data name="website"></data>
<data name="organization">Napier Uni</data>
<data name="department"></data>
<data name="date"></data>
<data name="reference"></data>
</meta>
<feature_tree>
:r User(_r)
	:m AuthType(_r_1)
		:g (_r_1_8) [1,1] 
			: Basic(_r_1_8_9)
			: Cert(_r_1_8_10)
			: CertPass(_r_1_8_11)
	:m Name(_r_2)
	:m Email(_r_3)
	:o Location(_r_4)
	:o Password(_r_5)
	:o Certificate(_r_6)
	:o Role(_r_7)
		:g (_r_7_12) [1,*] 
			: ENGINEER(_r_7_12_13)
			: ADMIN(_r_7_12_14)
			: USER(_r_7_12_15)
</feature_tree>
<constraints>
constraint_2:_r_6 or ~_r_1_8_10
constraint_3:_r_5 or _r_6 or ~_r_1_8_11
</constraints>
</feature_model>
