<!-- This model was created online using SPLOT's Feature Model Editor (http://www.splot-research.org) on Wed, Mar 28, 2012 - 9:12 AM  -->
<feature_model name="Counter Strike Simple Feature Model">
<meta>
<data name="description">A simple model of Counter Strike game</data>
<data name="creator">Lucas Meirelles</data>
<data name="address"></data>
<data name="email">lucas.meirelles@dcc.ufmg.br</data>
<data name="phone"></data>
<data name="website"></data>
<data name="organization">Federal University of Minas Gerais</data>
<data name="department"></data>
<data name="date"></data>
<data name="reference"></data>
</meta>
<feature_tree>
:r CounterStrike(_r)
	:m Jogador(_r_1)
		:g (_r_1_3) [1,*] 
			: Humano(_r_1_3_4)
			: Bot(_r_1_3_5)
	:m Mapa(_r_2)
		:g (_r_2_32) [1,*] 
			: Dust2(_r_2_32_33)
			: Poolday(_r_2_32_34)
			: Aztec(_r_2_32_35)
			: AK-Colt(_r_2_32_36)
	:m Armas(_r_6)
		:o Arma Primaria(_r_6_14)
			:g (_r_6_14_19) [1,*] 
				: AK-47(_r_6_14_19_20)
				: AWP(_r_6_14_19_21)
				: Colt(_r_6_14_19_22)
				: MP5(_r_6_14_19_23)
		:o Arma Secundaria(_r_6_16)
			:g (_r_6_16_24) [1,*] 
				: Desert Eagle(_r_6_16_24_25)
				: Glock(_r_6_16_24_26)
				: USP(_r_6_16_24_27)
		:m Knife(_r_6_17)
		:o Granadas(_r_6_18)
			:g (_r_6_18_28) [1,*] 
				: HE(_r_6_18_28_29)
				: Smoke(_r_6_18_28_30)
				: Flashlight(_r_6_18_28_31)
</feature_tree>
<constraints>
constraint_4:_r_1_3_4 or ~_r_1_3_5
constraint_3:~_r_6_16 or ~_r_6_18 or ~_r_2_32_36
</constraints>
</feature_model>
