<!-- This model was created online using SPLOT's Feature Model Editor (http://www.splot-research.org) on Thu, Jan 27, 2011 - 6:50 PM  -->
<feature_model name="Tata Cars">
<meta>
<data name="description">Representing different models of Tata Cars</data>
<data name="creator">Kritika Sharma</data>
<data name="address"></data>
<data name="email">krit_sharma81@yahoo.com</data>
<data name="phone"></data>
<data name="website"></data>
<data name="organization">TUKL</data>
<data name="department"></data>
<data name="date"></data>
<data name="reference"></data>
</meta>
<feature_tree>
:r Tata Cars(_r)
	:m Basic Features(_r_1)
		:m Capacity(_r_1_6)
		:o GPS(_r_1_7)
	:m Safety and Security(_r_3)
		:m Air Bag(_r_3_9)
	:m Fuel(_r_4)
		:g (_r_4_11) [1,1] 
			: Petrol(_r_4_11_12)
			: Diesel(_r_4_11_17)
			: CNG(_r_4_11_18)
	:o Additional Features(_r_5)
		:g (_r_5_19) [1,*] 
			: LAS(_r_5_19_20)
			: EBS(_r_5_19_21)
</feature_tree>
<constraints>
</constraints>
</feature_model>
