<!-- This model was created online using SPLOT's Feature Model Editor (http://www.splot-research.org) on Tue, Nov 12, 2013 - 8:16 PM  -->
<feature_model name="EventosPerez">
<meta>
<data name="description">Eventos</data>
<data name="creator">Perez</data>
<data name="address"></data>
<data name="email">andreahernandez@hotmail.com</data>
<data name="phone"></data>
<data name="website"></data>
<data name="organization">Perez</data>
<data name="department"></data>
<data name="date"></data>
<data name="reference"></data>
</meta>
<feature_tree>
:r EventosPerez(_r)
	:m TipoEvento(_r_1)
		:g (_r_1_27) [1,*] 
			: Concierto(_r_1_27_28)
			: Congreso(_r_1_27_30)
			: ReunionFamiliar(_r_1_27_31)
	:m Inscripcion(_r_3)
	:m Invitacion(_r_7)
	:o GenerarCertificado(_r_13)
	:o ControlAsistencia(_r_14)
	:m Autenticacion(_r_16)
		:o Google(_r_16_17)
		:o Facebook(_r_16_18)
	:o Auditoria(_r_22)
	:m Multimedia(_r_23)
		:o Fotos(_r_23_24)
		:o Videos(_r_23_25)
		:o Musica(_r_23_26)
</feature_tree>
<constraints>
constraint_4:~_r_1 or _r_1_27_28 or _r_1_27_30 or _r_1_27_31
</constraints>
</feature_model>
