<!-- This model was created online using SPLOT's Feature Model Editor (http://www.splot-research.org) on Sun, Oct 24, 2010 - 3:47 PM  -->
<feature_model name="Eclipse Platform">
<meta>
<data name="description">Eclipse Platform Model</data>
<data name="creator">Toacy C. Oliveira</data>
<data name="address"></data>
<data name="email">toacy@cos.ufrj.br</data>
<data name="phone"></data>
<data name="website"></data>
<data name="organization">Reuse Lab at PESC/COPPE/UFRJ</data>
<data name="department"></data>
<data name="date"></data>
<data name="reference"></data>
</meta>
<feature_tree>
:r eclipse(_r)
	:o workbench(_r_1)
		:o nature(_r_1_5)
		:o resource(_r_1_7)
			:o project(_r_1_7_8)
			:o file(_r_1_7_9)
	:o UI(_r_2)
		:o wizard(_r_2_10)
			:g (_r_2_10_25) [1,*] 
				: import(_r_2_10_25_26)
				: export(_r_2_10_25_27)
				: new(_r_2_10_25_28)
					:o wizard_new_project(_r_2_10_25_28_29)
					:o wizard_new_file(_r_2_10_25_28_30)
		:o perspective(_r_2_11)
		:o view(_r_2_12)
		:o editor(_r_2_13)
			:g (_r_2_13_22) [1,*] 
				: java(_r_2_13_22_23)
				: text(_r_2_13_22_24)
		:o menu(_r_2_14)
			:g (_r_2_14_18) [1,*] 
				: main menu(_r_2_14_18_19)
				: toolbar(_r_2_14_18_20)
				: popup(_r_2_14_18_21)
		:o actions(_r_2_15)
		:o dialogs(_r_2_16)
		:o intro(_r_2_31)
	:o help(_r_3)
		:o help_entry(_r_3_32)
		:o cheats(_r_3_33)
	:o team(_r_4)
</feature_tree>
<constraints>
constraint_4:~_r_2_11 or _r_2_12
constraint_2:_r_1_7_8 or ~_r_2_10_25_28_29
constraint_3:_r_1_7_9 or ~_r_2_10_25_28_30
</constraints>
</feature_model>
