<!-- This model was created online using SPLOT's Feature Model Editor (http://www.splot-research.org) on Tue, Aug 24, 2010 - 12:32 PM  -->
<feature_model name="StoreFrontSystem">
<meta>
<data name="description">Extract of e-commerce system</data>
<data name="creator">Felice</data>
<data name="address"></data>
<data name="email">lfelice@exa.unicen.edu.ar</data>
<data name="phone"></data>
<data name="website"></data>
<data name="organization">UNCPBA</data>
<data name="department"></data>
<data name="date"></data>
<data name="reference"></data>
</meta>
<feature_tree>
:r StoreFront(_r)
	:m HomePage(_r_1)
		:g (_r_1_8) [1,*] 
			: StaticContent(_r_1_8_9)
			: DynamicContent(_r_1_8_12)
				:m ContentType(_r_1_8_12_13)
					:g (_r_1_8_12_13_15) [1,*] 
						: WelcomeMessage(_r_1_8_12_13_15_16)
						: SpecialOffers(_r_1_8_12_13_15_17)
				:m VariationSource(_r_1_8_12_14)
					:g (_r_1_8_12_14_18) [1,*] 
						: TimeDependant(_r_1_8_12_14_18_19)
						: Personalized(_r_1_8_12_14_18_20)
	:o UserBehTrack(_r_2)
	:m Catalog(_r_3)
	:o WishList(_r_4)
	:m BuyPath(_r_5)
	:o CustomerService(_r_6)
	:o Registration(_r_7)
		:m RegistEnforc(_r_7_21)
			:g (_r_7_21_24) [1,*] 
				: RegToBrowse(_r_7_21_24_25)
				: RegToBuy(_r_7_21_24_26)
				: None(_r_7_21_24_27)
		:m RegistInform(_r_7_22)
		:m UserBehTracInf(_r_7_23)
</feature_tree>
<constraints>
</constraints>
</feature_model>
