<!-- This model was created online using SPLOT's Feature Model Editor (http://www.splot-research.org) on Tue, Oct 25, 2011 - 8:41 AM  -->
<feature_model name="G10-music player">
<meta>
<data name="description">A music player</data>
<data name="creator">G10</data>
<data name="address"></data>
<data name="email">sple-g10@googlegroups.com</data>
<data name="phone"></data>
<data name="website"></data>
<data name="organization">CTH</data>
<data name="department"></data>
<data name="date"></data>
<data name="reference"></data>
</meta>
<feature_tree>
:r Music player(_r)
	:m Player controls(_r_1)
		:m Play(_r_1_2)
		:m Pause(_r_1_3)
		:m Stop(_r_1_4)
		:m Next song(_r_1_6)
		:m Previous song(_r_1_7)
	:g (_r_8) [1,*] 
		: Mp3(_r_8_9)
		: Ogg(_r_8_10)
		: FLAC(_r_8_11)
		: wav(_r_8_12)
		: midi(_r_8_13)
		: acc(_r_8_14)
</feature_tree>
<constraints>
</constraints>
</feature_model>
