<!-- This model was created online using SPLOT's Feature Model Editor (http://www.splot-research.org) on Fri, Oct 30, 2009 - 2:22 AM  -->
<feature_model name="SAL">
<meta>
<data name="description">Simple Arithmetic Language</data>
<data name="creator">Wonseok Chae</data>
<data name="address"></data>
<data name="email">wschae@gmail.com</data>
<data name="phone"></data>
<data name="website"></data>
<data name="organization">TTI-C</data>
<data name="department"></data>
<data name="date"></data>
<data name="reference"></data>
</meta>
<feature_tree>
:r SAL(_r)
	:m Language(_r_1)
		:m Simple Arithmetic(_r_1_4)
		:o Conditional(_r_1_5)
	:m Evaluator(_r_2)
		:g (_r_2_6) [1,1] 
			: Evaluation semantics(_r_2_6_7)
			: Machine semantics(_r_2_6_8)
	:o Optimizer(_r_3)
		:g (_r_3_9) [1,*] 
			: Constant folding(_r_3_9_10)
			: Short-circuit(_r_3_9_11)
</feature_tree>
<constraints>
constraint_2:_r_1_5 or ~_r_3_9_11
</constraints>
</feature_model>
