<!-- This model was created online using SPLOT's Feature Model Editor (http://www.splot-research.org) on Wed, Feb 29, 2012 - 5:16 PM  -->
<feature_model name="ELPS - ISE">
<meta>
<data name="description">ELPS - ISE</data>
<data name="creator">Tulio Paiva</data>
<data name="address"></data>
<data name="email">paivatulio@gmail.com</data>
<data name="phone"></data>
<data name="website"></data>
<data name="organization">UFRN</data>
<data name="department"></data>
<data name="date"></data>
<data name="reference"></data>
</meta>
<feature_tree>
:r ISE(_r)
	:m Tipo de resposta(_r_2)
		:g (_r_2_5) [1,*] 
			: Aberta(_r_2_5_6)
			: Objetiva(_r_2_5_7)
			: MultiplaEscolha(_r_2_5_9)
	:o Caracteristicas(_r_10)
		:o Assunto(_r_10_11)
		:o Dificuldade(_r_10_12)
		:o Feedback(_r_10_13)
		:o Multimidia(_r_10_14)
		:o Temporizacao(_r_10_15)
	:m Enunciado(_r_16)
		:g (_r_16_17) [1,1] 
			: TextoPuro(_r_16_17_18)
			: TextoRico(_r_16_17_19)
</feature_tree>
<constraints>
</constraints>
</feature_model>
