<!-- This model was created online using SPLOT's Feature Model Editor (http://www.splot-research.org) on Wed, May 7, 2014 - 6:47 AM  -->
<feature_model name="SmartHome- Simplified Sample">
<meta>
<data name="description">SmartHome- Simplified Sample</data>
<data name="creator">Mauricio Alferez</data>
<data name="address"></data>
<data name="email">alferez.mauricio@gmail.com</data>
<data name="phone"></data>
<data name="website"></data>
<data name="organization">UNL/FCT</data>
<data name="department"></data>
<data name="date">9/12/2012</data>
<data name="reference"></data>
</meta>
<feature_tree>
:r SmartHome(_r)
	:m Windows Ctrl(_r_1)
		:m Manual Windows(_r_1_4)
		:o Automated Windows(_r_1_5)
	:m Heating Ctrl(_r_2)
		:m Manual Heating(_r_2_6)
		:o Automated Heating(_r_2_7)
			:o Remote Heating Ctrl(_r_2_7_8)
	:m UI(_r_9)
		:m Inhome Screen(_r_9_10)
		:o Internet(_r_9_11)
</feature_tree>
<constraints>
constraint_2:~_r_2_7_8 or _r_9_11
</constraints>
</feature_model>
