<!-- This model was created online using SPLOT's Feature Model Editor (http://www.splot-research.org) on Wed, Jun 19, 2013 - 7:16 PM  -->
<feature_model name="GMF_Eclipse_Reuso_UFRJ">
<meta>
<data name="description">Trabalho de reuso</data>
<data name="creator">Miguel e Marcela</data>
<data name="address"></data>
<data name="email">mlf@lannes.com</data>
<data name="phone"></data>
<data name="website"></data>
<data name="organization">UFRJ</data>
<data name="department"></data>
<data name="date"></data>
<data name="reference"></data>
</meta>
<feature_tree>
:r eclipse_GMF(_r)
	:o ElementTypes(_r_1)
		:m Point(_r_1_2)
		:m id(_r_1_3)
		:m name(_r_1_4)
	:m PathMaps(_r_5)
		:m nome(_r_5_6)
		:m pluggin(_r_5_7)
		:m path(_r_5_8)
	:m IconProvidersExtensionPoint(_r_9)
		:m point(_r_9_10)
		:m id(_r_9_11)
		:m name(_r_9_12)
	:m ParserProvidersExtensionPoint(_r_13)
		:m point(_r_13_14)
		:m id(_r_13_16)
		:m name(_r_13_17)
	:m PresentationLayoutProviders(_r_18)
		:m point(_r_18_19)
		:m id(_r_18_21)
		:m name(_r_18_22)
	:m GMFElementTypeBindings(_r_23)
		:m point(_r_23_24)
		:m id(_r_23_25)
		:m name(_r_23_27)
</feature_tree>
<constraints>
</constraints>
</feature_model>
