<!-- This model was created online using SPLOT's Feature Model Editor (http://www.splot-research.org) on Thu, Oct 18, 2012 - 9:56 AM  -->
<feature_model name="Mobile Media Bruno R">
<meta>
<data name="description">Multimedia para Celular</data>
<data name="creator">Bruno Rodrigues</data>
<data name="address"></data>
<data name="email">brunorodriguesti@yahoo.com.br</data>
<data name="phone"></data>
<data name="website"></data>
<data name="organization">UFMG</data>
<data name="department"></data>
<data name="date"></data>
<data name="reference"></data>
</meta>
<feature_tree>
:r Mobile  Media(_r)
	:m Media Selection(_r_1)
		:g (_r_1_20) [1,*] 
			: Photo(_r_1_20_21)
			: Music(_r_1_20_22)
			: Video(_r_1_20_23)
	:m Media Management(_r_2)
		:o Favourites(_r_2_24)
			:m Set Favourites(_r_2_24_27)
			:m View Favourites(_r_2_24_28)
		:o Copy Media(_r_2_25)
		:o SMS Transfer(_r_2_26)
			:o Receive Photo(_r_2_26_29)
			:o Send Photo(_r_2_26_30)
	:m Screen Size(_r_3)
		:g (_r_3_14) [1,1] 
			: Screen1(_r_3_14_15)
			: Screen2(_r_3_14_18)
</feature_tree>
<constraints>
</constraints>
</feature_model>
