<!-- This model was created online using SPLOT's Feature Model Editor (http://www.splot-research.org) on Thu, Oct 18, 2012 - 9:38 AM  -->
<feature_model name="Mobile Media Adriano Lages">
<meta>
<data name="description">Feature diagram of mobile media software</data>
<data name="creator">Adriano Lages dos Santos</data>
<data name="address"></data>
<data name="email">didilages@hotmail.com</data>
<data name="phone"></data>
<data name="website"></data>
<data name="organization">UFMG</data>
<data name="department"></data>
<data name="date"></data>
<data name="reference"></data>
</meta>
<feature_tree>
:r Mobile Media(_r)
	:m Media Selection(_r_4)
		:g (_r_4_7) [1,*] 
			: Photo(_r_4_7_8)
			: Music(_r_4_7_9)
			: Video(_r_4_7_10)
	:m Screen Size(_r_5)
		:g (_r_5_11) [1,1] 
			: Screen1(_r_5_11_12)
			: Screen2(_r_5_11_13)
			: Screen3(_r_5_11_22)
	:m Media Management(_r_6)
		:o Favourites(_r_6_15)
			:m Set Favorites(_r_6_15_18)
			:m View Favorites(_r_6_15_19)
		:o Copy Media(_r_6_16)
		:o SMS Transfer(_r_6_17)
			:o Receive Photo(_r_6_17_20)
			:o Send Photo(_r_6_17_21)
</feature_tree>
<constraints>
constraint_2:_r
</constraints>
</feature_model>
