<!-- This model was created online using SPLOT's Feature Model Editor (http://www.splot-research.org) on Mon, Sep 16, 2013 - 2:53 PM  -->
<feature_model name="Mobile Media JULIO">
<meta>
<data name="description">Mobile Media JC</data>
<data name="creator">Julio</data>
<data name="address"></data>
<data name="email">juliocps.br@gmail.com</data>
<data name="phone"></data>
<data name="website"></data>
<data name="organization">Julio</data>
<data name="department"></data>
<data name="date"></data>
<data name="reference"></data>
</meta>
<feature_tree>
:r Mobile Media(_r)
	:m Media Selection(_r_1)
		:m Photo(_r_1_17)
		:o Video(_r_1_18)
		:o Music(_r_1_19)
	:m Media Management(_r_8)
		:m Favourites(_r_8_9)
			:m Set Favourites(_r_8_9_12)
			:m View Favourites(_r_8_9_13)
		:o Copy Media(_r_8_10)
		:o SMS Transfer(_r_8_11)
			:o Receive Photo(_r_8_11_14)
			:o Send Photo(_r_8_11_15)
	:g (_r_16) [1,1] 
		: Screen 1(_r_16_17)
</feature_tree>
<constraints>
constraint_7:_r_8_10 or ~_r_8_11
constraint_2:_r_16_17 or ~_r_1_17
</constraints>
</feature_model>
