<!-- This model was created online using SPLOT's Feature Model Editor (http://www.splot-research.org) on Fri, Aug 26, 2016 - 3:07 AM  -->
<feature_model name="Mobile phone (lenita)">
<meta>
<data name="description">Example</data>
<data name="creator">Lenita</data>
<data name="address"></data>
<data name="email">a@a.com</data>
<data name="phone"></data>
<data name="website"></data>
<data name="organization">ETSII</data>
<data name="department"></data>
<data name="date"></data>
<data name="reference"></data>
</meta>
<feature_tree>
:r Mobile phone(_r)
	:m Calls(_r_1)
	:o GPS(_r_4)
	:m Screen(_r_5)
		:g (_r_5_6) [1,1] 
			: Basic(_r_5_6_7)
			: Colour(_r_5_6_8)
			: High Resolution(_r_5_6_9)
	:o Media(_r_10)
		:g (_r_10_11) [1,*] 
			: Camera(_r_10_11_12)
			: MP3(_r_10_11_13)
</feature_tree>
<constraints>
constraint_1:~_r_4 or ~_r_5_6_7
constraint_2:_r_5_6_9 or ~_r_10_11_12
</constraints>
</feature_model>
