<!-- This model was created online using SPLOT's Feature Model Editor (http://www.splot-research.org) on Wed, Aug 29, 2012 - 1:36 AM  -->
<feature_model name="AllSports Feature Model">
<meta>
<data name="description">AllSports</data>
<data name="creator">Rocha, Roberto</data>
<data name="address">São Paulo - SP</data>
<data name="email">rsantos.rocha@gmail.com</data>
<data name="phone"></data>
<data name="website"></data>
<data name="organization">USP</data>
<data name="department"></data>
<data name="date"></data>
<data name="reference"></data>
</meta>
<feature_tree>
:r AllSports(_r)
	:o buscar-novos-eventos(_r_1)
		:g (_r_1_6) [1,*] 
			: manual(_r_1_6_7)
			: automatica(_r_1_6_8)
	:m gerenciar-evento(_r_2)
	:m aprovar-pedido(_r_3)
	:o recrutar-pessoal(_r_5)
		:g (_r_5_11) [1,*] 
			: interno(_r_5_11_12)
			: externo(_r_5_11_14)
			: misto(_r_5_11_15)
</feature_tree>
<constraints>
constraint_1:_r_1_6_7 or _r_1_6_8
</constraints>
</feature_model>
