<!-- This model was created online using SPLOT's Feature Model Editor (http://www.splot-research.org) on Sat, Sep 4, 2010 - 12:35 AM  -->
<feature_model name="AvionFEatures">
<meta>
<data name="description">cosas de un avion</data>
<data name="creator">SSC</data>
<data name="address"></data>
<data name="email">ssc.cursos@gmail.com</data>
<data name="phone"></data>
<data name="website"></data>
<data name="organization">UFRO</data>
<data name="department"></data>
<data name="date"></data>
<data name="reference"></data>
</meta>
<feature_tree>
:r Avion(_r)
	:m fuselaje(_r_1)
	:m motor(_r_2)
		:g (_r_2_3) [1,*] 
			: turbina(_r_2_3_4)
			: helice(_r_2_3_5)
	:m alas(_r_6)
	:m tren aterrizaje(_r_7)
	:o usos(_r_8)
		:g (_r_8_9) [1,*] 
			: carga(_r_8_9_10)
			: pasajero(_r_8_9_11)
</feature_tree>
<constraints>
</constraints>
</feature_model>
