<!-- This model was created online using SPLOT's Feature Model Editor (http://www.splot-research.org) on Fri, Nov 23, 2012 - 8:43 AM  -->
<feature_model name="Mobile Media">
<meta>
<data name="description">Mobile Media Model</data>
<data name="creator">Neil</data>
<data name="address"></data>
<data name="email">nlpvtzz@gmail.com</data>
<data name="phone"></data>
<data name="website"></data>
<data name="organization">PUC</data>
<data name="department"></data>
<data name="date"></data>
<data name="reference"></data>
</meta>
<feature_tree>
:r Mobile Model(_r)
	:o Media Selection(_r_1)
		:m Music(_r_1_26)
		:m Photo(_r_1_27)
		:o Video(_r_1_28)
	:m Media Management(_r_2)
		:m Favourites(_r_2_8)
			:m Set Favourities(_r_2_8_18)
			:m View Favourities(_r_2_8_20)
		:o Copy Media(_r_2_9)
		:o SMS Transfer(_r_2_11)
			:m Receive Photo(_r_2_11_21)
			:m Send Photo(_r_2_11_22)
	:m Screen Size(_r_3)
		:g (_r_3_14) [1,1] 
			: Screen1(_r_3_14_15)
			: Screen2(_r_3_14_16)
</feature_tree>
<constraints>
constraint_6:_r_2_9 or ~_r_2_11
constraint_7:_r_3_14_15 or ~_r_1_27
</constraints>
</feature_model>
