<!-- This model was created online using SPLOT's Feature Model Editor (http://www.splot-research.org) on Fri, Apr 11, 2014 - 6:15 AM  -->
<feature_model name="FM with optional XOR">
<meta>
<data name="description">new xor config</data>
<data name="creator">rafat</data>
<data name="address"></data>
<data name="email">rafatals3ode@gmail.com</data>
<data name="phone"></data>
<data name="website"></data>
<data name="organization">Lirmm</data>
<data name="department"></data>
<data name="date"></data>
<data name="reference"></data>
</meta>
<feature_tree>
:r root(_r)
	:o xor(_r_7)
		:g (_r_7_10) [1,1] 
			: F1(_r_7_10_11)
			: F4(_r_7_10_19)
	:g (_r_13) [1,*] 
		: F3(_r_13_15)
		: F5(_r_13_16)
		: F6(_r_13_17)
		: F7(_r_13_18)
		: F2(_r_13_20)
	:m 1(_r_21)
	:m 2(_r_22)
	:m 3(_r_23)
</feature_tree>
<constraints>
constraint_1:~_r_13_18 or _r_7_10_19
constraint_6:~_r_13_16 or ~_r_7_10_19
constraint_7:~_r_13_17 or ~_r_7_10_19
constraint_4:~_r_7_10_11 or ~_r_13_18
constraint_5:~_r_7_10_19 or ~_r_13_20
constraint_2:~_r_7_10_11 or ~_r_13_15
constraint_3:~_r_7_10_11 or ~_r_13_17
</constraints>
</feature_model>
