<!-- This model was created online using SPLOT's Feature Model Editor (http://www.splot-research.org) on Thu, Oct 18, 2012 - 9:24 AM  -->
<feature_model name="daniel souza">
<meta>
<data name="description">daniel souza</data>
<data name="creator">daniel</data>
<data name="address">daniel</data>
<data name="email">danielpucplg@hotmail.com</data>
<data name="phone"></data>
<data name="website"></data>
<data name="organization">daniel</data>
<data name="department"></data>
<data name="date"></data>
<data name="reference"></data>
</meta>
<feature_tree>
:r MobileMedia(_r)
	:m MediaSelection(_r_1)
		:g (_r_1_2) [1,1] 
			: Photo(_r_1_2_3)
			: Music(_r_1_2_4)
			: Video(_r_1_2_5)
	:m MediaManagement(_r_6)
		:o Favourites(_r_6_7)
			:m SetFavourites(_r_6_7_8)
			:m Viewfavourites(_r_6_7_10)
		:o CopyMedia(_r_6_11)
		:o SMSTransfer(_r_6_12)
			:o ReceivePhoto(_r_6_12_13)
			:o SendPhoto(_r_6_12_14)
	:m ScreenSize(_r_15)
		:g (_r_15_16) [1,*] 
			: Screen1(_r_15_16_17)
			: Screen2(_r_15_16_18)
			: screen3(_r_15_16_19)
</feature_tree>
<constraints>
</constraints>
</feature_model>
