<!-- This model was created online using SPLOT's Feature Model Editor (http://www.splot-research.org) on Sat, Jul 16, 2011 - 4:39 AM  -->
<feature_model name="RaaS">
<meta>
<data name="description">RaaS case study</data>
<data name="creator">Tuan Nguyen</data>
<data name="address"></data>
<data name="email">tmnguyen@swin.edu.au</data>
<data name="phone"></data>
<data name="website"></data>
<data name="organization">Swinburne University of Technology</data>
<data name="department"></data>
<data name="date"></data>
<data name="reference"></data>
</meta>
<feature_tree>
:r RaaS(_r)
	:m Permission(_r_1)
		:g (_r_1_2) [1,*] 
			: create(_r_1_2_3)
			: read(_r_1_2_4)
			: update(_r_1_2_5)
			: delete(_r_1_2_6)
	:o InteractionProtocol(_r_7)
		:g (_r_7_8) [1,*] 
			: create(_r_7_8_9)
			: set(_r_7_8_10)
			: get(_r_7_8_11)
			: getAll(_r_7_8_12)
			: update(_r_7_8_13)
			: delete(_r_7_8_14)
	:o TechnicalInterface(_r_15)
	:o Capability(__r_15)
	:m Service(_r_16)
	:o AbstractService(_r_17)
	:o PublicationTime(_r_18)
		:g (_r_18_19) [1,*] 
			: Set(_r_18_19_20)
			: Get(_r_18_19_21)
	:o TargetConsumer(_r_22)
	:o Dependency(_r_23)
	:o Resource(_r_25)
	:o Artifact(_r_26)
	:o BusinessOwner(_r_27)
	:o PricePlan(_r_28)
	:o Provider(_r_29)
	:o StakeHolder(_r_30)
	:o Intermediary(_r_31)
	:o Certification(_r_32)
	:o Classification(_r_33)
	:o ElementDescription(_r_34)
</feature_tree>
<constraints>
</constraints>
</feature_model>
