<!-- This model was created online using SPLOT's Feature Model Editor (http://www.splot-research.org) on Sat, Jun 9, 2012 - 7:18 PM  -->
<feature_model name="Carro">
<meta>
<data name="description">Características de Carro</data>
<data name="creator">Juliana</data>
<data name="address"></data>
<data name="email">jualvespereira@gmail.com</data>
<data name="phone"></data>
<data name="website"></data>
<data name="organization">Universidade Federal de Minas Gerais</data>
<data name="department"></data>
<data name="date"></data>
<data name="reference"></data>
</meta>
<feature_tree>
:r Carro(_r)
	:m Motor(_r_1)
	:m Pneu(_r_2)
	:m Chassi(_r_3)
	:m Farol(_r_4)
		:g (_r_4_19) [1,1] 
			: Halogeno(_r_4_19_20)
			: Xenon(_r_4_19_21)
		:o Farol de neblina(_r_4_22)
	:m Bateria(_r_5)
	:m Bancos(_r_6)
		:g (_r_6_23) [1,1] 
			: Tecido(_r_6_23_24)
			: Couro(_r_6_23_25)
	:g (_r_7) [1,1] 
		: 2 Portas(_r_7_8)
		: 4 Portas(_r_7_9)
	:o Alarme(_r_12)
	:o Airbag(_r_14)
		:g (_r_14_35) [1,*] 
			: Frontal(_r_14_35_36)
			: Lateral(_r_14_35_37)
	:m Volante(_r_15)
	:m Cinto de seguranca(_r_16)
	:m Freios(_r_26)
		:g (_r_26_27) [1,1] 
			: Convencional(_r_26_27_28)
			: ABS(_r_26_27_29)
	:m Rodas(_r_30)
		:g (_r_30_32) [1,1] 
			: Aco(_r_30_32_33)
			: Liga leve(_r_30_32_34)
</feature_tree>
<constraints>
</constraints>
</feature_model>
