<!-- This model was created online using SPLOT's Feature Model Editor (http://www.splot-research.org) on Mon, Nov 11, 2013 - 8:36 AM  -->
<feature_model name="EnsinoOperaLogicosKdu">
<meta>
<data name="description">LPS para ensino de operadores lógicos</data>
<data name="creator">Carlos Eduardo Paulino Silva</data>
<data name="address"></data>
<data name="email">kdunet@gmail.com</data>
<data name="phone"></data>
<data name="website"></data>
<data name="organization">IFMG</data>
<data name="department"></data>
<data name="date"></data>
<data name="reference"></data>
</meta>
<feature_tree>
:r Operadores logicos(_r)
	:g (_r_4) [1,*] 
		: Linguagem de programacao(_r_4_6)
			:g (_r_4_6_9) [1,1] 
				: Java(_r_4_6_9_10)
				: Python(_r_4_6_9_11)
				: Pascal(_r_4_6_9_12)
				: Portugol(_r_4_6_9_19)
		: Ferramentas(_r_4_7)
			:g (_r_4_7_13) [1,*] 
				: Scratch(_r_4_7_13_14)
				: RoboMind(_r_4_7_13_15)
				: SuperLogo(_r_4_7_13_16)
				: Alice(_r_4_7_13_17)
		: Jogo EvOU(_r_4_8)
	:m Teoria(_r_18)
	:m Trabalhos(_r_20)
		:g (_r_20_22) [1,*] 
			: Teoricos(_r_20_22_23)
				:g (_r_20_22_23_25) [1,*] 
					: Individual(_r_20_22_23_25_26)
					: Grupo(_r_20_22_23_25_27)
			: Praticos(_r_20_22_24)
				:g (_r_20_22_24_28) [1,*] 
					: Individual(_r_20_22_24_28_29)
					: Grupo(_r_20_22_24_28_30)
	:m Avaliacoes(_r_21)
</feature_tree>
<constraints>
</constraints>
</feature_model>
