<!-- This model was created online using SPLOT's Feature Model Editor (http://www.splot-research.org) on Mon, Sep 16, 2013 - 2:57 PM  -->
<feature_model name="Mobile Media_LeonardoSilva">
<meta>
<data name="description">Exercício SPLOT</data>
<data name="creator">Leonardo Silva</data>
<data name="address"></data>
<data name="email">leonardo.humberto@gmail.com</data>
<data name="phone"></data>
<data name="website"></data>
<data name="organization">UFMG</data>
<data name="department"></data>
<data name="date">16-Sep-2013</data>
<data name="reference"></data>
</meta>
<feature_tree>
:r Mobile Media(_r)
	:m Media Selection(_r_1)
		:m Photo(_r_1_18)
		:o Music(_r_1_19)
		:o Video(_r_1_20)
	:m Media Management(_r_2)
		:m Favourites(_r_2_8)
			:m Set Favourites(_r_2_8_13)
			:m View Favourites(_r_2_8_14)
		:o Copy Media(_r_2_9)
		:o SMS Transfer(_r_2_10)
			:o Receive Photo(_r_2_10_11)
			:o Send Photo(_r_2_10_12)
	:m Screen Size(_r_3)
		:g (_r_3_4) [1,1] 
			: Screen1(_r_3_4_5)
			: Screen2(_r_3_4_6)
</feature_tree>
<constraints>
constraint_1:_r_2_9 or ~_r_2_10
</constraints>
</feature_model>
