<!-- This model was created online using SPLOT's Feature Model Editor (http://www.splot-research.org) on Thu, Oct 18, 2012 - 9:28 AM  -->
<feature_model name="mobile_media_thom">
<meta>
<data name="description">exercício sala de aula medição e qualidade de SW</data>
<data name="creator">thompson</data>
<data name="address"></data>
<data name="email">tigredonorte3@gmail.com</data>
<data name="phone"></data>
<data name="website"></data>
<data name="organization">Tabajara</data>
<data name="department"></data>
<data name="date"></data>
<data name="reference"></data>
</meta>
<feature_tree>
:r mobile_media_thom(_r)
	:m Media Selection(_r_1)
		:g (_r_1_4) [1,*] 
			: Photo(_r_1_4_5)
			: Music(_r_1_4_6)
			: Video(_r_1_4_7)
	:m Media Management(_r_3)
		:o Favourites(_r_3_8)
			:m Set Favorites(_r_3_8_13)
			:m View Favorites(_r_3_8_14)
		:m Copy Media(_r_3_9)
		:o SMS Transfer(_r_3_10)
			:o Receive Photo(_r_3_10_11)
			:o Send Photo(_r_3_10_12)
	:m Screen Size(_r_15)
		:g (_r_15_16) [1,1] 
			: Screen1(_r_15_16_17)
			: Screen2(_r_15_16_20)
</feature_tree>
<constraints>
</constraints>
</feature_model>
