<!-- This model was created online using SPLOT's Feature Model Editor (http://www.splot-research.org) on Sun, Jul 29, 2012 - 11:47 PM  -->
<feature_model name="Toyota Feature Model">
<meta>
<data name="description">A Feature Model Describes Toyota Vehicle Configuration Feature Model Structure</data>
<data name="creator">Tim Jin</data>
<data name="address"></data>
<data name="email">tjkepnny79@msn.com</data>
<data name="phone"></data>
<data name="website"></data>
<data name="organization">HCC</data>
<data name="department"></data>
<data name="date"></data>
<data name="reference"></data>
</meta>
<feature_tree>
:r toyota(_r)
	:g (_r_1) [1,1] 
		: Tundra(_r_1_2)
			:g (_r_1_2_17) [1,*] 
				: 4x4(_r_1_2_17_18)
				: 2x2(_r_1_2_17_19)
				: Long Bed(_r_1_2_17_20)
				: Short Bed(_r_1_2_17_21)
		: Celica(_r_1_5)
			:g (_r_1_5_10) [1,1] 
				: GT(_r_1_5_10_11)
				: GT-S(_r_1_5_10_12)
		: Corrola(_r_1_6)
			:g (_r_1_6_13) [1,1] 
				: LE(_r_1_6_13_14)
				: XLE(_r_1_6_13_15)
				: Sports(_r_1_6_13_16)
</feature_tree>
<constraints>
constraint_5:_r_1_2_17_18 or ~_r_1_2_17_20
</constraints>
</feature_model>
