<!-- This model was created online using SPLOT's Feature Model Editor (http://www.splot-research.org) on Mon, Aug 12, 2013 - 6:29 PM  -->
<feature_model name="Ventas POS">
<meta>
<data name="description">Domain Sale POS</data>
<data name="creator">SAE S.A.S</data>
<data name="address"></data>
<data name="email">ozzymauricio75@gmail.com</data>
<data name="phone"></data>
<data name="website"></data>
<data name="organization">SAE S.A.S</data>
<data name="department"></data>
<data name="date">Agu 2013</data>
<data name="reference"></data>
</meta>
<feature_tree>
:r Tiendas_pos(_r)
	:m Productos(_r_1)
		:m Precios(_r_1_19)
			:g (_r_1_19_20) [1,1] 
				: Manejo de listas(_r_1_19_20_21)
				: Digitado(_r_1_19_20_22)
		:o Lote(_r_1_23)
		:o Unidad_producto(_r_1_24)
		:g (_r_1_25) [1,*] 
			: Longitud(_r_1_25_26)
			: Peso(_r_1_25_27)
			: Unidad(_r_1_25_28)
			: Capacidad(_r_1_25_29)
			: Volumen(_r_1_25_30)
		:o Marca(_r_1_31)
		:o Estructura_grupos(_r_1_32)
		:o Procedencia(_r_1_33)
		:m Tasa_impuestos(_r_1_34)
	:o Clientes(_r_2)
		:g (_r_2_35) [1,1] 
			: Detal(_r_2_35_36)
			: Mayorista(_r_2_35_37)
			: Institucional(_r_2_35_38)
	:m Tipo_empresa(_r_3)
		:g (_r_3_39) [1,1] 
			: Simplificada(_r_3_39_40)
			: Comun(_r_3_39_41)
	:m Formas_pago(_r_4)
		:g (_r_4_42) [1,*] 
			: Efectivo(_r_4_42_43)
			: Bonos(_r_4_42_44)
			: Tarjetas(_r_4_42_45)
			: Cheques(_r_4_42_46)
			: Tarjetas de regalo(_r_4_42_47)
			: Cupones(_r_4_42_48)
			: Creditos(_r_4_42_49)
	:o Descuentos(_r_5)
		:g (_r_5_52) [1,*] 
			: Eventuales(_r_5_52_53)
			: Permanentes(_r_5_52_54)
	:o Promociones(_r_7)
	:o Rifas(_r_9)
	:o Separados(_r_10)
	:o Usuarios(_r_11)
	:m Impuestos(_r_12)
	:m Codificacion(_r_13)
		:g (_r_13_55) [1,*] 
			: Internacional(_r_13_55_56)
			: Interno(_r_13_55_57)
			: Plu(_r_13_55_58)
	:o Caja(_r_14)
		:g (_r_14_59) [1,1] 
			: Maneja_turnos(_r_14_59_60)
			: No_maneja_turnos(_r_14_59_61)
	:o Dispositivos(_r_15)
		:g (_r_15_62) [1,*] 
			: Balanzas(_r_15_62_63)
			: Lectores(_r_15_62_66)
			: Impresoras(_r_15_62_67)
			: Cintas_magneticas(_r_15_62_68)
			: Datafono(_r_15_62_69)
			: Cajon_monedero(_r_15_62_70)
	:m Terminales(_r_16)
		:g (_r_16_71) [1,*] 
			: Fijas(_r_16_71_72)
			: Moviles(_r_16_71_73)
	:o Pedidos(_r_17)
</feature_tree>
<constraints>
constraint_9:_r_14 or _r_15
constraint_6:_r_1_34 or _r_3_39_41
constraint_4:_r_1_25_27 or _r_15_62_63
constraint_5:_r_11 or _r_14_59_60
constraint_2:_r_15 or _r_16
constraint_3:_r_2 or _r_17
</constraints>
</feature_model>
