<!-- This model was created online using SPLOT's Feature Model Editor (http://www.splot-research.org) on Mon, Apr 12, 2010 - 1:15 PM  -->
<feature_model name="CIMS PL">
<meta>
<data name="description">CIMS Product Line</data>
<data name="creator">Venkat</data>
<data name="address"></data>
<data name="email">prvenkatr@yahoo.com</data>
<data name="phone"></data>
<data name="website"></data>
<data name="organization">NCS</data>
<data name="department"></data>
<data name="date"></data>
<data name="reference"></data>
</meta>
<feature_tree>
:r CIMS Product Line(_r)
	:m Client(_r_2)
		:m Client_Assesment(_r_2_14)
		:m Client_Transport(_r_2_15)
		:m Client_Payment(_r_2_16)
		:m Client_Training(_r_2_18)
	:m Inventory(_r_3)
	:m UserProfile(_r_5)
	:m Reports(_r_6)
	:m Database(_r_7)
</feature_tree>
<constraints>
</constraints>
</feature_model>
