<!-- This model was created online using SPLOT's Feature Model Editor (http://www.splot-research.org) on Thu, Apr 7, 2016 - 1:22 PM  -->
<feature_model name="Smart Home v2.2">
<meta>
<data name="description">version 2.2. of Smart Home</data>
<data name="creator">Mauricio Alferez</data>
<data name="address"></data>
<data name="email">mauricio.alferez@di.fct.unl.pt, alferez.mauricio@gmail.com</data>
<data name="phone"></data>
<data name="website"></data>
<data name="organization">CITI/DI, Faculdade de ciências e tecnologia. Universidade Nova de Lisboa, </data>
<data name="department"></data>
<data name="date">v2.0 : 16/01/2011 - v2.2 20/07/2011 </data>
<data name="reference"></data>
</meta>
<feature_tree>
:r Smart Home(_r)
	:o HVAC Management(_r_1)
		:o Heating Control(_r_1_2)
			:m Manual Heating1(_r_1_2_3)
			:o Automated Heating(_r_1_2_4)
				:o Remote Heating Control(_r_1_2_4_5)
		:o Air Conditioning Control(_r_1_6)
			:m Manual Air Conditioning Control(_r_1_6_7)
			:o Automated Air Conditioning Control(_r_1_6_8)
				:o Remote Air Conditioning Control(_r_1_6_8_9)
		:o Ventilation Control(_r_1_10)
			:m Manual Ventilation Control(_r_1_10_11)
			:o Automated Ventilation Control(_r_1_10_14)
		:o Full Automated HVAC Control(_r_1_15)
		:o Full Manual HVAC Control(_r_1_16)
	:m Windows Management(_r_18)
		:m Manual Windows(_r_18_19)
		:o Automated Windows(_r_18_21)
	:m Light Management(_r_22)
		:o Automated Ilumination(_r_22_23)
			:g (_r_22_23_26) [1,*] 
				: Automated Perimeter Illumination(_r_22_23_26_27)
				: Automated In-house Illumination(_r_22_23_26_28)
		:m Manual Ilumination(_r_22_29)
	:m UI(_r_30)
		:m Touch Screen(_r_30_31)
		:o Internet(_r_30_32)
			:o Privacy(_r_30_32_33)
				:o Encryption Algorithm(_r_30_32_33_34)
					:g (_r_30_32_33_34_37) [1,1] 
						: RSA(_r_30_32_33_34_37_38)
						: DES(_r_30_32_33_34_37_39)
	:o Presence Simulation(_r_40)
		:g (_r_40_41) [1,*] 
			: Light Simulation(_r_40_41_42)
			: Blinds Simulation(_r_40_41_43)
			: AV Simulation(_r_40_41_44)
	:o Fire Control(_r_45)
		:m First Aid Group(_r_45_46)
			:m Fire Department(_r_45_46_47)
			:o Other Group(_r_45_46_48)
		:o Fire Sprinklers(_r_45_49)
	:o Irrigation Sprinklers(_r_50)
		:m Simple Control(_r_50_51)
		:o Automated Sprinklers(_r_50_52)
	:o Alarm(_r_53)
		:g (_r_53_54) [1,*] 
			: Siren(_r_53_54_55)
			: Bell(_r_53_54_56)
			: Lights(_r_53_54_57)
	:o Security(_r_58)
		:m Authentication Device(_r_58_59)
			:g (_r_58_59_60) [1,*] 
				: Keypad(_r_58_59_60_61)
				: Retina Scanner(_r_58_59_60_62)
				: Fingerprint Reader(_r_58_59_60_63)
		:o Intrusion Detection Device(_r_58_68)
			:g (_r_58_68_69) [1,*] 
				: Glassbreak Sensors(_r_58_68_69_70)
				: Cameras(_r_58_68_69_71)
	:o Blinds Management(_r_72)
		:m Manual Blinds(_r_72_73)
		:o Automated Blinds(_r_72_74)
	:o AV Management(_r_75)
		:o Automated AV(_r_75_76)
	:o Moods(_r_60)
</feature_tree>
<constraints>
constraint_7:~_r_30_32_33_34_37_38 or ~_r_30_32_33_34_37_39
constraint_5:~_r_1_2 or _r_1
</constraints>
</feature_model>
