<!-- This model was created online using SPLOT's Feature Model Editor (http://www.splot-research.org) on Fri, Feb 7, 2014 - 2:06 PM  -->
<feature_model name="DELL Laptop/Notebook Computers">
<meta>
<data name="description">This feature models describes the features of DELL Laptop/Notebook Products</data>
<data name="creator">Vikram Bejawada</data>
<data name="address"></data>
<data name="email">vikram.bejawada@gmail.com</data>
<data name="phone"></data>
<data name="website"></data>
<data name="organization">SPL</data>
<data name="department"></data>
<data name="date">Feb 7 2014</data>
<data name="reference"></data>
</meta>
<feature_tree>
:r Dell Laptops/Notebooks(_id_0)
	:m Product Category(productcategory)
		:g (_id_1) [1,1] 
			: Mini Notebooks(mininotebooks)
			: Inspiron Laptops(inspironlaptops)
			: Studio Laptops(studiolaptops)
			: XPS Laptops(xpslaptops)
			: Adamo(adamo)
			: Studio XPS Laptops(studioxpslaptops)
	:m Operating System(operatingsystem)
		:g (_id_2) [1,1] 
			: Windows Vista 64 bit(windowsvista64bit)
			: Windows XP Home(windowsxphome)
			: Ubuntu Linux(ubuntulinux)
			: Windows 7(_id_2_48)
			: Windows 8(_id_2_49)
	:m Hard Drive(harddrive)
		:g (_id_3) [1,1] 
			: 500GB(hd500gb)
			: 320GB(hd320gb)
			: 250GB(hd250gb)
			: 160GB(hd160gb)
			: 128GB Solid State(hd128gbsolidstate)
			: 120GB(hd120gb)
			: 80GB(hd80gb)
	:o Optical Drive(opticaldrive)
		:g (_id_4) [1,1] 
			: CD_DVD +RW(cddvdrw)
			: DVD-ROM Drive and DVD+-RW(dvdromdriveanddvdrw)
			: DVD+-RW and CD-RW Combo(dvdrwandcdrwcombo)
			: Blu Ray Disc(bluraydisc)
	:m Laptop Weight(laptopweight)
		:g (_id_5) [1,1] 
			: Ultra Light(ultralight)
			: Light(light)
			: Desktop Replacement(desktopreplacement)
	:m Memory(memory)
		:g (_id_6) [1,1] 
			: More than 4GB(morethan4g)
			: 4GB(mem4gb)
			: 3GB(mem3gb)
			: 2GB(mem2gb)
			: 1GB(mem1gb)
	:m Processor(processor)
		:g (_id_7) [1,1] 
			: Intel Core 2 Duo(intelcore2duo)
			: Intel Pentium Dual core(intelpentiumdualcore)
			: Intel Celeron(intelceleron)
			: Intel Atom(intelatom)
	:m Price(price)
		:g (_id_8) [1,1] 
			: Less than $400(lessthanus400)
			: $400 - $800(us400us800)
			: $800 - $1200(us800us1200)
			: More than $1200(morethanus1200)
</feature_tree>
<constraints>
c58:~xpslaptops or ~dvdrwandcdrwcombo
c59:~xpslaptops or ~mem2gb
c56:~xpslaptops or ~hd80gb
c57:~xpslaptops or ~dvdromdriveanddvdrw
c54:~xpslaptops or ~hd128gbsolidstate
c55:~xpslaptops or ~hd120gb
c52:~xpslaptops or ~ubuntulinux
c53:~xpslaptops or ~hd160gb
c62:~xpslaptops or ~intelceleron
c61:~xpslaptops or ~intelpentiumdualcore
c60:~xpslaptops or ~mem1gb
c67:~adamo or ~ubuntulinux
c68:~adamo or ~hd500gb
c69:~adamo or ~hd320gb
c63:~xpslaptops or ~intelatom
c64:~xpslaptops or ~lessthanus400
c66:~adamo or ~windowsxphome
c71:~adamo or ~hd160gb
c70:~adamo or ~hd250gb
c73:~adamo or ~hd80gb
c72:~adamo or ~hd120gb
c32:~inspironlaptops or ~morethan4g
c33:~inspironlaptops or ~mem1gb
c30:~inspironlaptops or ~ultralight
c31:~inspironlaptops or ~desktopreplacement
c37:~studiolaptops or ~windowsxphome
c34:~inspironlaptops or ~intelatom
c35:~inspironlaptops or ~morethanus1200
c38:~studiolaptops or ~ubuntulinux
c39:~studiolaptops or ~hd160gb
c40:~studiolaptops or ~hd128gbsolidstate
c41:~studiolaptops or ~hd120gb
c42:~studiolaptops or ~hd80gb
c43:~studiolaptops or ~morethan4g
c44:~studiolaptops or ~mem2gb
c45:~studiolaptops or ~mem1gb
c46:~studiolaptops or ~intelceleron
c47:~studiolaptops or ~intelatom
c48:~studiolaptops or ~lessthanus400
c49:~studiolaptops or ~morethanus1200
c51:~xpslaptops or ~windowsxphome
c99:~studioxpslaptops or ~bluraydisc
c98:~studioxpslaptops or ~dvdrwandcdrwcombo
c97:~studioxpslaptops or ~dvdromdriveanddvdrw
c96:~studioxpslaptops or ~hd80gb
c29:~inspironlaptops or ~bluraydisc
c28:~inspironlaptops or ~dvdrwandcdrwcombo
c27:~inspironlaptops or ~dvdromdriveanddvdrw
c22:~inspironlaptops or ~windowsxphome
c21:~inspironlaptops or ~windowsvista64bit
c20:~mininotebooks or ~morethanus1200
c26:~inspironlaptops or ~hd80gb
c25:~inspironlaptops or ~hd120gb
c24:~inspironlaptops or ~hd128gbsolidstate
c23:~inspironlaptops or ~ubuntulinux
c110:~studioxpslaptops or ~morethanus1200
c17:~mininotebooks or ~intelpentiumdualcore
c16:~mininotebooks or ~intelcore2duo
c19:~mininotebooks or ~us800us1200
c18:~mininotebooks or ~intelceleron
c11:~mininotebooks or ~light
c10:~mininotebooks or ~bluraydisc
c13:~mininotebooks or ~morethan4g
c12:~mininotebooks or ~desktopreplacement
c15:~mininotebooks or ~mem3gb
c14:~mininotebooks or ~mem4gb
c77:~adamo or ~bluraydisc
c100:~studioxpslaptops or ~desktopreplacement
c76:~adamo or ~dvdrwandcdrwcombo
c101:~studioxpslaptops or ~morethan4g
c75:~adamo or ~dvdromdriveanddvdrw
c74:~adamo or ~cddvdrw
c79:~adamo or ~desktopreplacement
c78:~adamo or ~light
c109:~studioxpslaptops or ~us400us800
c108:~studioxpslaptops or ~lessthanus400
c80:~adamo or ~morethan4g
c107:~studioxpslaptops or ~intelatom
c106:~studioxpslaptops or ~intelceleron
c105:~studioxpslaptops or ~intelpentiumdualcore
c83:~adamo or ~intelpentiumdualcore
c104:~studioxpslaptops or ~mem1gb
c84:~adamo or ~intelceleron
c103:~studioxpslaptops or ~mem2gb
c81:~adamo or ~mem3gb
c82:~adamo or ~mem1gb
c102:~studioxpslaptops or ~mem3gb
c6:~mininotebooks or ~hd128gbsolidstate
c86:~adamo or ~lessthanus400
c5:~mininotebooks or ~hd250gb
c85:~adamo or ~intelatom
c4:~mininotebooks or ~hd320gb
c88:~adamo or ~us800us1200
c3:~mininotebooks or ~hd500gb
c87:~adamo or ~us400us800
c9:~mininotebooks or ~dvdrwandcdrwcombo
c8:~mininotebooks or ~dvdromdriveanddvdrw
c7:~mininotebooks or ~cddvdrw
c90:~studioxpslaptops or ~windowsxphome
c91:~studioxpslaptops or ~ubuntulinux
c92:~studioxpslaptops or ~hd250gb
c2:~mininotebooks or ~windowsvista64bit
c93:~studioxpslaptops or ~hd160gb
c94:~studioxpslaptops or ~hd128gbsolidstate
c95:~studioxpslaptops or ~hd120gb
</constraints>
</feature_model>
