<!-- This model was created online using SPLOT's Feature Model Editor (http://www.splot-research.org) on Wed, Feb 1, 2012 - 12:08 PM  -->
<feature_model name="HDD Seagate">
<meta>
<data name="description">Practica II - ISA</data>
<data name="creator">RAM</data>
<data name="address"></data>
<data name="email">a@a.es</data>
<data name="phone"></data>
<data name="website"></data>
<data name="organization">MASTER ING INF - ISA</data>
<data name="department"></data>
<data name="date"></data>
<data name="reference"></data>
</meta>
<feature_tree>
:r Unidad-Almacenamiento-HDD(_r)
	:m Velocidad de Giro(_r_1)
		:g (_r_1_2) [1,1] 
			: 5400 rpm(_r_1_2_3)
			: 7200 rpm(_r_1_2_4)
			: 10000 rpm(_r_1_2_5)
			: 15000 rpm(_r_1_2_6)
	:m Interfaz(_r_7)
		:g (_r_7_8) [1,1] 
			: 3 GBs SATA(_r_7_8_9)
			: 6 GBs SATA(_r_7_8_12)
			: 6 GBs SAS(_r_7_8_13)
	:m Capacidad(_r_14)
		:g (_r_14_15) [1,1] 
			: 250 GB(_r_14_15_16)
			: 600 GB(_r_14_15_17)
			: 1 TB(_r_14_15_20)
			: 2 TB(_r_14_15_21)
			: 3 TB(_r_14_15_22)
	:m Cache(_r_23)
		:g (_r_23_24) [1,1] 
			: 8 MB(_r_23_24_25)
			: 16 MB(_r_23_24_26)
			: 32 MB(_r_23_24_27)
			: 64 MB(_r_23_24_28)
	:m Size Unidad(_r_29)
		:g (_r_29_30) [1,1] 
			: 2-5(_r_29_30_31)
			: 3-5(_r_29_30_32)
	:o Cifrado(_r_33)
		:g (_r_33_34) [1,*] 
			: Estandar(_r_33_34_35)
			: FIPS(_r_33_34_36)
</feature_tree>
<constraints>
constraint_17:_r_1_2_3 or ~_r_7_8_9
constraint_18:~_r_1_2_3 or ~_r_7_8_12
constraint_19:~_r_1_2_3 or ~_r_7_8_13
constraint_8:~_r_14_15_17 or ~_r_23_24_27
constraint_9:~_r_14_15_17 or ~_r_23_24_28
constraint_10:~_r_14_15_20 or ~_r_23_24_25
constraint_6:~_r_14_15_16 or ~_r_23_24_27
constraint_11:~_r_14_15_20 or ~_r_23_24_26
constraint_7:~_r_14_15_16 or ~_r_23_24_28
constraint_12:~_r_14_15_21 or ~_r_23_24_25
constraint_4:~_r_1_2_5 or ~_r_7_8_9
constraint_13:~_r_14_15_21 or ~_r_23_24_26
constraint_5:~_r_1_2_6 or ~_r_7_8_9
constraint_14:~_r_14_15_22 or ~_r_23_24_25
constraint_15:~_r_14_15_22 or ~_r_23_24_26
constraint_2:~_r_1_2_3 or _r_7_8_9
constraint_3:~_r_1_2_4 or ~_r_7_8_9
</constraints>
</feature_model>
