"BT+HB+MCF","BT+HB+MVW","BT+HB+MHV","BT+HA+MCF","BT+HA+MVW","BT+HA+MHV","GAFES(pop:30,gen:100)","SPLConfig"
0.027086,0.018932,0.059706,0.016602,0.020097,0.050969,0.392315,0.031456
0.029125,0.018057,0.056211,0.023009,0.015727,0.050969,0.28397,0.028542
0.023883,0.01864,0.056503,0.019513,0.01631,0.050386,0.334938,0.02097
0.007864,0.007573,0.050095,0.006116,0.006407,0.045727,0.306978,0.012523
0.010194,0.012523,0.042232,0.008446,0.010485,0.038445,1.121607,0.01165
0.021843,0.014271,0.05592,0.018058,0.012232,0.050969,0.744437,0.027669
0.026213,0.020679,0.055629,0.020388,0.017184,0.050386,0.450565,0.020679
0.019805,0.018931,0.052425,0.016019,0.015728,0.048056,0.476195,0.018349
0.009903,0.008738,0.045726,0.008737,0.008155,0.041358,0.278436,0.015436
0.017766,0.012815,0.05359,0.023883,0.01165,0.050095,0.388237,0.021552
0.017767,0.012815,0.048639,0.015436,0.010776,0.044853,0.389403,0.015145
0.016892,0.016019,1.875365,0.015145,0.015145,0.046891,0.341346,0.01864
0.02097,0.014562,0.057667,0.016892,0.012815,0.052134,0.382995,0.023591
0.017767,0.018932,0.05359,0.014562,0.015728,0.047765,0.389402,0.02097
0.019805,0.018931,0.051551,0.016019,0.015728,0.047765,0.354452,0.020097
0.019223,0.013106,0.053008,0.015728,0.011359,0.048056,0.36785,0.019805
0.016892,0.015145,0.052134,0.012815,0.012232,0.046601,0.399887,0.018931
0.019222,0.014271,0.050969,0.015145,0.014563,0.046017,0.413576,0.019805
0.019805,0.012524,0.051551,0.016018,0.010776,0.045726,0.31659,0.018349
0.016601,0.014854,0.047765,0.013106,0.012815,0.043105,0.454934,0.014563
0.011941,0.011359,0.047765,0.008446,0.009611,0.043979,4.69409,0.019223
0.014271,0.012524,0.060289,0.011359,0.010194,0.044853,0.308144,0.016602
0.021553,0.017767,0.050096,0.02796,0.015728,0.046309,0.339307,0.024465
0.01398,0.017475,0.05126,0.013689,0.014854,0.047182,0.375713,0.01631
0.022426,0.018057,0.050677,0.018349,0.015727,0.0466,0.277271,0.018931
0.024756,0.018931,0.05359,0.02097,0.01631,0.048639,0.277271,0.021552
0.014854,0.008155,0.047474,0.011941,0.007281,0.042814,0.323289,0.014562
0.01165,0.006116,0.049804,0.009903,0.014854,0.046309,0.387364,0.00932
0.017184,0.012233,0.0466,0.014563,0.010485,0.042523,0.398432,0.024465
0.020096,0.010485,0.057958,0.015727,0.013397,0.052716,0.395519,0.027087
0.019222,0.020388,0.059124,0.01631,0.016892,0.044853,0.267077,0.023008
0.016893,0.010485,0.051551,0.01398,0.00932,0.047766,0.339016,0.018931
0.006407,0.006698,0.017184,0.005534,0.005825,0.015727,1.5646,0.017767
0.025921,0.019805,0.056503,0.020387,0.016892,0.052134,0.285425,0.033203
0.023592,0.019223,0.058542,0.019805,0.016892,0.050678,0.280474,0.02097
0.021262,0.014563,0.05825,0.017475,0.012523,0.054755,0.365812,0.019222
0.018349,0.020679,0.050387,0.014562,0.018057,0.045726,0.360277,0.019223
0.015436,0.012523,0.046309,0.012232,0.00932,0.042522,0.674537,0.012233
0.017475,0.01631,0.050095,0.014562,0.014271,0.045435,0.294164,0.013688
0.010194,0.00932,0.047765,0.008446,0.007864,0.043105,0.292124,0.013107
0.019223,0.015145,0.050969,0.015728,0.012815,0.04893,0.240282,0.015436
0.008737,0.007572,0.040775,0.007281,0.006698,0.036115,0.308435,0.012524
0.013398,0.012815,0.043979,0.011359,0.010777,0.039028,0.266495,0.015436
0.01398,0.012524,0.044852,0.012232,0.010485,0.040775,0.403383,0.014271
0.012815,0.015437,0.041358,0.010485,0.008738,0.038154,0.530368,0.010776
0.023009,0.014562,0.055337,0.023301,0.014854,0.052134,0.206205,0.018348
0.009903,0.008446,0.041067,0.007864,0.007281,0.037571,0.354453,0.011942
0.031747,0.013398,0.053008,0.014854,0.011068,0.047474,0.316881,0.018057
0.013689,0.008446,0.050386,0.013689,0.011359,0.047474,0.429887,0.017183
0.014563,0.012523,0.049804,0.011068,0.013106,0.045144,0.347462,0.018057
0.015437,0.017475,0.054172,0.014854,0.014853,0.049512,0.993166,0.016019
0.013397,0.020096,0.066114,0.018641,0.016893,0.046309,0.386489,0.023883
0.013688,0.012524,0.039027,0.011942,0.011359,0.036407,0.32358,0.017475
0.018057,0.011359,0.040776,0.014271,0.009612,0.067279,0.205332,0.024174
0.007864,0.007281,0.031455,0.006116,0.006116,0.045435,0.644538,0.010485
0.010776,0.010485,0.040193,0.009028,0.008446,0.036989,0.286883,0.020679
0.014563,0.010194,0.043396,0.012815,0.009611,0.036988,0.178828,0.016892
0.014854,0.010194,0.037863,0.012524,0.00932,0.035242,0.182906,0.017767
0.010485,0.00932,0.033493,0.010776,0.007864,0.028542,0.208244,0.018931
0.014272,0.012232,0.038736,0.012815,0.009612,0.034659,0.174459,0.017766
0.013398,0.01165,0.058542,0.012524,0.009903,0.040193,0.435712,0.017475
0.007282,0.006117,0.015145,0.006117,0.005534,0.013689,0.304066,0.017766
0.017475,0.010485,0.039902,0.01398,0.00932,0.035532,0.195429,0.016893
0.018931,0.01398,0.03961,0.01631,0.016019,0.036407,0.220186,0.024465
0.01631,0.013106,0.036115,0.01398,0.011359,0.033203,0.233874,0.021553
0.019223,0.01165,0.036406,0.015145,0.010193,0.032911,0.162518,0.023883
0.010485,0.005825,0.037572,0.009029,0.00932,0.033202,0.226593,0.014271
0.011942,0.007864,0.036115,0.010194,0.007281,0.033203,0.17213,0.015436
0.012524,0.009903,0.057376,0.011359,0.011068,0.039319,0.248145,0.019223
0.016019,0.010776,0.041066,0.013398,0.00932,0.038154,0.234166,0.019514
0.013106,0.012232,0.043105,0.010777,0.010193,0.039028,0.240864,0.016893
0.020096,0.011941,0.057376,0.01631,0.010485,0.052426,0.35154,0.018058
0.034368,0.014853,0.057959,0.015146,0.013397,0.05359,0.631431,0.01631
0.021552,0.015145,0.072521,0.020097,0.014854,0.053008,0.284843,0.027087
0.020096,0.017184,0.056503,0.015727,0.015727,0.051842,0.305231,0.027669
0.020387,0.009029,0.057086,0.008446,0.007573,0.051843,0.383286,0.010194
0.023882,0.017184,0.086793,0.022426,0.016893,0.052717,0.308144,0.025921
0.020679,0.013398,0.059416,0.016892,0.011068,0.078347,0.429013,0.02097
0.023592,0.021261,0.063784,0.019222,0.018931,0.059124,0.408916,0.027669
0.019805,0.013398,0.064075,0.015436,0.011941,0.066697,1.184808,0.021553
0.017184,0.012232,0.060872,0.016602,0.010485,0.058541,0.276688,0.022426
0.018057,0.016892,0.058542,0.014272,0.014563,0.054172,0.412702,0.017183
0.02097,0.015145,0.05825,0.022718,0.015436,0.058541,0.779387,0.022427
0.012815,0.014563,0.05126,0.00932,0.012232,0.056211,1.505184,0.013689
0.019513,0.013398,0.05592,0.016019,0.010776,0.050386,0.573182,0.014272
0.02097,0.014271,0.061162,0.017184,0.011941,0.055047,0.62415,0.018058
0.015436,0.01165,0.057668,0.011941,0.009029,0.053007,0.315425,0.025631
0.012815,0.012232,0.022718,0.01165,0.011068,0.022135,0.403382,0.020096
0.010193,0.010193,0.050095,0.008737,0.008155,0.046601,0.350957,0.014272
0.020971,0.014272,0.059124,0.017184,0.011941,0.054464,0.704827,0.01864
0.009903,0.009029,0.04893,0.008446,0.007572,0.049221,0.314551,0.01864
0.020679,0.015728,0.056212,0.01631,0.013397,0.05126,0.267077,0.020388
0.013107,0.014854,0.056211,0.020388,0.012815,0.054464,0.282513,0.012815
0.018348,0.010485,0.052425,0.017183,0.011068,0.049221,0.38416,0.023591
0.011359,0.011942,0.046891,0.008737,0.010194,0.043396,4.701372,0.012524
0.013689,0.013398,0.049513,0.010776,0.02097,0.058541,0.676576,0.020679
0.022427,0.017766,0.059124,0.016018,0.015727,0.054756,0.329696,0.015437
0.028542,0.019513,0.091744,0.03262,0.018057,0.066988,0.555707,0.021261
0.026212,0.022427,0.069609,0.022718,0.01864,0.068444,0.750262,0.026795
0.0233,0.016602,0.063493,0.018058,0.013398,0.057959,0.690265,0.021262
0.018349,0.019513,0.062036,0.014272,0.016311,0.058541,0.828318,0.023591
0.023883,0.02097,0.062619,0.020096,0.016893,0.057377,0.359112,0.018931
0.022135,0.021844,0.061163,0.01864,0.018931,0.057085,0.334647,0.017767
0.029998,0.01165,0.03728,0.01165,0.01165,0.024757,0.307852,0.017475
0.02097,0.01864,0.058541,0.025048,0.014271,0.046891,0.303775,0.014563
0.010776,0.009612,0.019513,0.00932,0.00932,0.018058,0.333482,0.018931
0.030581,0.011359,0.054173,0.016601,0.009903,0.049513,0.770941,0.015727
0.018348,0.017183,0.059997,0.015436,0.018058,0.057959,0.394645,0.0233
0.015437,0.011941,0.046892,0.012815,0.020388,0.063493,0.193682,0.019514
0.020097,0.013398,0.065531,0.01631,0.016601,0.039901,0.186692,0.018349
0.018057,0.014272,0.044853,0.014271,0.012815,0.040775,0.291542,0.022135
0.01631,0.015728,0.05592,0.01398,0.027086,0.0466,0.243486,0.020096
0.017475,0.014271,0.03728,0.013689,0.011941,0.033785,0.134266,0.028251
0.014272,0.014272,0.043687,0.012233,0.012815,0.040484,0.60056,0.016893
0.010485,0.006699,0.044561,0.008738,0.006408,0.038445,0.196594,0.019805
0.014854,0.009902,0.041358,0.012815,0.018348,0.042523,0.256009,0.016892
0.006699,0.006408,0.043105,0.005534,0.005534,0.038737,0.190478,0.039902
0.00932,0.008155,0.037863,0.007573,0.006698,0.033203,0.302027,0.022427
0.01398,0.010776,0.048347,0.011359,0.012524,0.044853,0.162518,0.01864
0.018348,0.007864,0.046892,0.014853,0.015145,0.040775,0.283387,0.021843
0.025921,0.021844,0.070774,0.031164,0.035242,0.079512,0.696381,0.026504
0.014854,0.014271,0.065823,0.012523,0.011941,0.066114,0.586288,0.099608
0.026795,0.02563,0.075142,0.019805,0.0233,0.070483,0.545513,0.052716
0.025339,0.024174,0.073395,0.02097,0.023592,0.0699,0.335229,0.03728
0.018349,0.01631,0.069026,0.014854,0.014271,0.064075,0.32125,0.028834
0.033785,0.029416,0.074852,0.027086,0.02796,0.069026,0.465127,0.058542
0.022135,0.021553,0.073396,0.018348,0.018349,0.066988,0.484059,0.033494
0.021261,0.022718,0.066988,0.018058,0.017475,0.06058,0.388238,0.031455
0.026213,0.023009,0.069026,0.021261,0.018931,0.062619,0.341346,0.033494
0.023883,0.018057,0.067861,0.019805,0.015436,0.061163,0.515805,0.030872
0.031746,0.01631,0.054755,0.017184,0.014272,0.050969,0.353578,0.031164
0.018931,0.015145,0.07689,0.016019,0.012815,0.071065,1.285291,0.033494
0.012816,0.016602,0.066114,0.01165,0.014271,0.061454,0.662304,0.015436
0.024174,0.023591,0.090288,0.023009,0.019513,0.062328,0.498039,0.036989
0.03029,0.035242,0.097569,0.03029,0.023009,0.068153,0.32591,0.037571
0.034659,0.03728,0.0699,0.019514,0.020096,0.063493,0.43076,0.034368
0.025048,0.021261,0.073686,0.02097,0.017767,0.07223,0.406004,0.036115
0.00932,0.009029,0.067862,0.007573,0.007572,0.069318,0.349792,0.023008
0.029998,0.021261,0.067861,0.024174,0.020679,0.06291,0.285135,0.088249
0.01864,0.015727,0.063493,0.015145,0.013689,0.057376,0.41678,0.031456
0.025339,0.025339,0.077473,0.021262,0.02097,0.069901,0.620947,0.047182
0.023591,0.018931,0.082133,0.019514,0.015728,0.075726,0.918896,0.082715
0.020096,0.01631,0.100481,0.025047,0.015436,0.075725,0.881325,0.029125
0.00932,0.008446,0.05359,0.007281,0.00699,0.04893,4.536815,0.016892
0.017475,0.018058,0.084463,0.014272,0.014854,0.068735,0.362608,0.020679
0.026504,0.022135,0.062327,0.022427,0.018641,0.05825,0.376296,0.031455
0.025338,0.022426,0.060871,0.02097,0.020096,0.060289,0.48202,0.030872
0.023009,0.016019,0.069027,0.020387,0.013689,0.061454,0.37251,0.028542
0.025338,0.021553,0.063201,0.021261,0.019805,0.057668,0.369015,0.028252
0.032912,0.026213,0.076308,0.026795,0.025921,0.070774,0.495709,0.03495
0.022718,0.011067,0.063201,0.018349,0.020388,0.058542,0.358821,0.021552
0.020096,0.015727,0.048057,0.01631,0.013689,0.043397,0.196595,0.036989
0.014854,0.013981,0.051551,0.015146,0.014854,0.046892,0.182032,0.031747
0.020679,0.016601,0.061162,0.021553,0.014271,0.048057,0.281349,0.032912
0.014271,0.014563,0.058541,0.019805,0.018058,0.05359,0.170965,0.021552
0.016893,0.01398,0.050386,0.01398,0.01165,0.055629,0.241447,0.035824
0.01165,0.010194,0.051261,0.010194,0.009903,0.047474,0.233001,0.026795
0.00932,0.008446,0.057085,0.006699,0.00699,0.045436,0.231836,0.026212
0.011358,0.010485,0.052717,0.00932,0.009029,0.047765,0.217274,0.056212
0.017184,0.018349,0.05592,0.022718,0.014853,0.045727,0.177955,0.025921
0.020679,0.009903,0.054464,0.017767,0.011068,0.051842,0.308143,0.030291
0.03495,0.027669,0.093783,0.024174,0.021261,0.076308,0.338725,0.042231
0.036989,0.019805,0.088249,0.03262,0.01864,0.08621,0.651237,0.041649
0.04194,0.027086,0.083589,0.033203,0.023009,0.076307,0.37018,0.040484
0.027669,0.0233,0.081841,0.0233,0.020388,0.083007,0.38183,0.02796
0.013689,0.013398,0.074852,0.011359,0.01165,0.06524,2.913092,0.008155
0.019514,0.014854,0.069609,0.016019,0.012815,0.062037,1.235778,0.00699
0.031164,0.025921,0.083298,0.025922,0.021261,0.087084,0.353287,0.274359
0.00932,0.008446,0.07689,0.007573,0.007572,0.072521,0.392607,0.018349
0.02097,0.020097,0.086793,0.017184,0.014271,0.068152,1.204031,0.024757
0.026795,0.027378,0.084172,0.027378,0.030582,0.086211,0.302609,0.027668
0.026213,0.020679,0.080968,0.021844,0.02097,0.077764,0.336686,0.030873
0.020679,0.015436,0.072813,0.017766,0.013689,0.068444,0.478234,0.02796
0.014563,0.016601,0.079512,0.012233,0.014562,0.073686,0.313386,0.035241
0.013689,0.016601,0.066696,0.011067,0.014272,0.077473,1.304804,0.022135
0.021844,0.024756,0.077473,0.017767,0.02097,0.071938,0.358239,0.021553
0.019222,0.018058,0.098443,0.026212,0.016601,0.07456,0.415032,0.026504
0.043105,0.030873,0.080385,0.024174,0.023882,0.074851,0.456099,0.022717
0.023009,0.017183,0.084171,0.019805,0.015436,0.08388,0.618034,0.027378
0.027669,0.018931,0.073395,0.023009,0.016601,0.070774,0.467749,0.043979
0.01165,0.0233,0.080385,0.00932,0.009029,0.074269,0.4727,0.019514
0.008737,0.008737,0.075142,0.007864,0.007281,0.071648,0.380373,0.016018
0.029417,0.016601,0.077764,0.025048,0.014562,0.07223,0.622111,0.030582
0.031746,0.019513,0.083297,0.02563,0.016892,0.078638,0.506777,0.019222
0.03029,0.023591,0.080968,0.027669,0.021262,0.079512,0.354744,0.04893
0.025339,0.021552,0.083007,0.020679,0.018349,0.077181,0.452604,0.030582
0.021553,0.018057,0.076891,0.018057,0.016019,0.080967,0.636675,0.019805
0.026503,0.028543,0.077182,0.021553,0.023591,0.07223,0.788125,0.033202
0.032912,0.024465,0.091453,0.050095,0.025047,0.074561,0.459012,0.023008
0.027086,0.027377,0.082133,0.022426,0.023883,0.078055,0.462507,0.037862
0.026212,0.023009,0.094074,0.02097,0.020388,0.080677,0.682692,0.038445
0.026504,0.016018,0.09087,0.022427,0.013107,0.092035,0.743855,0.026795
0.027086,0.02097,0.094656,0.03029,0.016893,0.075434,0.707448,0.022718
0.011359,0.011068,0.068444,0.009611,0.00932,0.074269,1.592851,0.018931
0.025339,0.020679,0.080968,0.018349,0.018057,0.074852,0.390276,0.023592
0.046017,0.019514,0.074561,0.021553,0.014271,0.069609,0.319211,0.020679
0.032329,0.03029,0.070483,0.022135,0.019805,0.064367,0.345715,0.039028
0.029708,0.019805,0.07223,0.01631,0.028543,0.080385,0.382704,0.025921
0.025922,0.016019,0.066697,0.022135,0.014854,0.085336,0.294164,0.032329
0.026503,0.022718,0.061163,0.034368,0.020678,0.061745,0.217273,0.05359
0.023009,0.019222,0.060872,0.019514,0.017184,0.05592,0.246107,0.03029
0.018058,0.013106,0.054173,0.015728,0.012233,0.050095,0.240864,0.036115
0.026795,0.013398,0.066405,0.023008,0.012524,0.066405,0.24669,0.045727
0.011067,0.009903,0.064658,0.009029,0.009029,0.062619,0.230671,0.029125
0.009902,0.010777,0.061745,0.008446,0.009029,0.056211,0.421441,0.02097
0.017184,0.01631,0.055046,0.014271,0.013398,0.049803,0.1931,0.031163
0.022426,0.016893,0.063492,0.021553,0.016019,0.063493,0.292707,0.032038
0.008738,0.009902,0.053882,0.006699,0.007864,0.048056,3.059882,0.011941
0.019222,0.014853,0.062619,0.019222,0.014854,0.063493,0.234165,0.033202
0.014854,0.013689,0.063492,0.014272,0.013106,0.059706,0.239117,0.029416
0.014562,0.008156,0.098734,0.032329,0.028252,0.094948,0.176207,0.023592
0.023592,0.027086,0.080677,0.022136,0.02097,0.062328,0.250767,0.03495
0.021552,0.018349,0.059707,0.017767,0.029999,0.067279,0.487845,0.029416
0.019514,0.028251,0.060289,0.016019,0.013106,0.053881,0.223972,0.027377
0.038445,0.030291,0.086502,0.031164,0.024757,0.111549,0.485224,0.06058
0.029125,0.028542,0.094074,0.024465,0.028543,0.0999,0.367558,0.042522
0.042522,0.029708,0.098734,0.032329,0.025921,0.091162,0.531533,0.060871
0.026504,0.026795,0.082424,0.020679,0.022718,0.076307,0.835599,0.036115
0.02796,0.0233,0.095239,0.023591,0.0233,0.091744,0.492797,0.043979
0.025339,0.023882,0.117082,0.02563,0.024173,0.08854,0.502408,0.034659
0.016893,0.01631,0.085336,0.014854,0.014271,0.090288,1.67877,0.031747
0.035824,0.026795,0.122325,0.031455,0.026504,0.084171,0.467458,0.045435
0.042814,0.043105,0.100482,0.04194,0.04427,0.084463,0.341346,0.047765
0.038154,0.033203,0.104851,0.045726,0.031747,0.088249,0.512019,0.0466
0.027377,0.021262,0.091744,0.023591,0.029417,0.103977,0.468914,0.031163
0.034076,0.029416,0.083006,0.033785,0.025339,0.072522,0.263873,0.053881
0.027378,0.029707,0.080386,0.022135,0.024174,0.076599,0.382704,0.04194
0.032911,0.022427,0.089414,0.027668,0.019514,0.105142,0.541435,0.036407
0.054755,0.031164,0.095531,0.034076,0.025921,0.086793,0.319502,0.069901
0.01864,0.013689,0.082132,0.012524,0.011358,0.071647,1.397713,0.03029
0.03728,0.028543,0.098152,0.030873,0.027378,0.093491,0.523087,0.045435
0.03495,0.03262,0.092327,0.028252,0.027669,0.111549,0.379209,0.064949
0.018931,0.017475,0.085919,0.015436,0.015436,0.08155,0.443866,0.033494
0.026795,0.02097,0.096113,0.022426,0.01864,0.091744,0.555998,0.042523
0.022135,0.015728,0.085919,0.014562,0.012233,0.079512,0.525416,0.041358
0.015145,0.025339,0.081842,0.013106,0.011941,0.07922,1.196168,0.031746
0.03029,0.024756,0.086793,0.021844,0.02097,0.08155,0.468913,0.035824
0.031747,0.025048,0.085919,0.02796,0.028542,0.080385,0.411828,0.053008
0.009611,0.009029,0.081551,0.007573,0.008155,0.075434,0.400178,0.026795
0.032038,0.027087,0.087375,0.025921,0.021843,0.080386,0.67075,0.040484
0.019805,0.031164,0.085336,0.01631,0.023591,0.078929,0.358238,0.033203
0.014271,0.013398,0.080676,0.011941,0.01165,0.076307,0.57988,0.029125
0.029708,0.010776,0.087957,0.013106,0.010485,0.073686,0.394353,0.036115
0.024174,0.017766,0.071066,0.020096,0.017766,0.066405,0.248437,0.036988
0.036115,0.017766,0.073686,0.022717,0.015145,0.06757,0.320085,0.064075
0.022135,0.016892,0.064075,0.018932,0.014854,0.059415,0.270863,0.042814
0.008738,0.020387,0.01631,0.009029,0.007864,0.015437,0.287174,0.037571
0.016019,0.014271,0.068152,0.013689,0.029125,0.06524,0.320959,0.033494
0.020388,0.019805,0.061454,0.016892,0.016601,0.058542,0.636674,0.029707
0.017475,0.011942,0.064949,0.015145,0.010776,0.059124,0.344258,0.027668
0.018057,0.022135,0.077764,0.017475,0.01398,0.070482,0.282513,0.035533
0.028833,0.021261,0.064657,0.023882,0.017766,0.058833,0.256301,0.05126
0.021261,0.020387,0.071356,0.017475,0.018057,0.068152,0.230962,0.041357
0.023591,0.019514,0.064949,0.018932,0.017184,0.060289,0.251641,0.042813
0.02097,0.013397,0.06291,0.018058,0.011942,0.059416,0.243776,0.03495
0.042522,0.03029,0.074851,0.025047,0.017475,0.069609,0.300571,0.059707
0.026795,0.017766,0.069318,0.022717,0.01631,0.064949,0.323288,0.042814
0.020387,0.014854,0.075143,0.026504,0.013398,0.085919,0.388237,0.041649
0.039028,0.020679,0.106889,0.032038,0.017766,0.106016,0.575803,0.038154
0.031746,0.02097,0.105433,0.025922,0.021553,0.107763,0.743855,0.055629
0.049804,0.040775,0.124364,0.039319,0.032038,0.093783,0.399014,0.055629
0.025339,0.018931,0.127568,0.020388,0.01631,0.093491,0.43775,0.047182
0.027669,0.027378,0.103103,0.024757,0.024174,0.101064,0.511436,0.049804
0.019222,0.023883,0.091744,0.014563,0.014563,0.085919,0.664926,0.031164
0.036115,0.033202,0.102229,0.029707,0.028543,0.108637,0.385907,0.026795
0.032038,0.032329,0.110093,0.026212,0.025921,0.101646,0.491049,0.052133
0.015145,0.01398,0.12815,0.013689,0.01631,0.096404,0.596773,0.027669
0.03495,0.017767,0.105724,0.032329,0.032037,0.087375,0.463671,0.04194
0.027378,0.016018,0.110676,0.0233,0.018931,0.092035,1.107044,0.026504
0.016893,0.011941,0.096695,0.01398,0.010776,0.08388,2.283989,0.026213
0.01864,0.017475,0.091453,0.015728,0.016019,0.08854,1.413149,0.026213
0.031747,0.025921,0.085919,0.025922,0.022426,0.078929,0.713274,0.036989
0.02097,0.022135,0.097278,0.017766,0.019514,0.094366,1.193837,0.031456
0.02796,0.029125,0.09786,0.0233,0.035533,0.094656,0.938993,0.038736
0.024465,0.02097,0.126986,0.023883,0.018349,0.097278,0.71036,0.035241
0.029125,0.023883,0.1165,0.025921,0.02097,0.101938,0.594734,0.039318
0.026795,0.025338,0.100482,0.022426,0.031455,0.123199,0.580171,0.037281
0.022717,0.02097,0.099316,0.014562,0.016893,0.086793,1.930702,0.028834
0.017767,0.017184,0.093783,0.01398,0.015145,0.095821,1.476933,0.030582
0.033785,0.030873,0.096987,0.028834,0.026213,0.09087,0.572017,0.053008
0.038445,0.024756,0.120578,0.034367,0.021261,0.102229,0.471827,0.039319
0.030873,0.022135,0.099025,0.025631,0.019222,0.092326,0.438624,0.050969
0.029998,0.029708,0.117083,0.027378,0.027378,0.097278,2.746496,0.027669
0.028834,0.022426,0.101356,0.025339,0.020388,0.095531,0.417945,0.03728
0.038154,0.028251,0.110675,0.031746,0.024173,0.108928,0.439789,0.036698
0.013106,0.008737,0.110384,0.01398,0.026795,0.081841,0.277854,0.031455
0.021553,0.013688,0.083298,0.019223,0.01165,0.077182,0.368432,0.029416
0.013106,0.01631,0.078346,0.011067,0.014272,0.072521,0.40979,0.025631
0.029416,0.020387,0.075434,0.024174,0.017475,0.072521,0.213196,0.077181
0.014562,0.020388,0.084463,0.012524,0.01864,0.086502,0.193682,0.025048
0.0233,0.025921,0.075434,0.022427,0.020387,0.071647,0.23271,0.043688
0.021553,0.021553,0.083006,0.023882,0.019223,0.077473,0.298241,0.029125
0.02796,0.043396,0.07922,0.023592,0.039027,0.096695,1.957789,0.034368
0.024465,0.022717,0.071357,0.019805,0.019805,0.067279,0.362898,0.039319
0.050387,0.039902,0.119413,0.039028,0.044853,0.140965,1.607996,0.047765
0.025921,0.019514,0.110384,0.020096,0.027377,0.106889,0.312221,0.040484
0.071357,0.047473,0.150285,0.058541,0.039028,0.128732,0.479399,0.065531
0.04194,0.030872,0.113879,0.03495,0.027669,0.102229,0.81958,0.035533
0.032912,0.023591,0.130771,0.029416,0.028834,0.106306,0.453187,0.040775
0.030873,0.021261,0.118831,0.026795,0.018931,0.11417,0.832395,0.056794
0.03728,0.036989,0.141839,0.032911,0.026795,0.106889,0.483768,0.043687
0.034368,0.042522,0.127276,0.027961,0.028251,0.117083,0.529203,0.03495
0.036115,0.026504,0.110384,0.03029,0.0233,0.099899,0.463963,0.035823
0.035533,0.034367,0.109511,0.03728,0.034659,0.100773,0.607258,0.036406
0.036988,0.030581,0.108637,0.031164,0.026212,0.106307,0.434837,0.036406
0.03495,0.025339,0.106015,0.029417,0.022426,0.101355,0.493379,0.038736
0.02563,0.025339,0.06524,0.021553,0.021843,0.069026,0.785504,0.032911
0.036406,0.026795,0.113879,0.03029,0.023591,0.10019,0.450274,0.038154
0.037863,0.032329,0.107471,0.03029,0.027377,0.099608,0.459594,0.041649
0.039319,0.034077,0.113005,0.035824,0.032329,0.106598,0.486097,0.042231
0.036697,0.031163,0.104559,0.030582,0.026212,0.134558,0.535319,0.03961
0.02563,0.02097,0.113588,0.026213,0.020679,0.108054,1.123355,0.036989
0.03029,0.016019,0.09786,0.017184,0.013689,0.091453,1.761777,0.029708
0.034368,0.030872,0.108637,0.028834,0.026795,0.126402,0.614248,0.033785
0.029999,0.03029,0.119995,0.025339,0.025921,0.138927,1.023747,0.034658
0.017475,0.018058,0.104268,0.01398,0.015145,0.100773,1.428877,0.031164
0.029707,0.01864,0.112714,0.01864,0.013689,0.100481,0.615704,0.037571
0.018931,0.025339,0.11184,0.023883,0.02097,0.094365,1.160926,0.03262
0.041067,0.036406,0.123491,0.04194,0.029416,0.10485,0.485807,0.041649
0.024756,0.023882,0.120578,0.020678,0.020679,0.126695,0.651237,0.032037
0.0233,0.021261,0.122034,0.026504,0.01864,0.119122,0.63784,0.03495
0.05126,0.034367,0.112423,0.044561,0.030873,0.10718,0.585123,0.085337
0.029417,0.028543,0.110093,0.025047,0.024465,0.116791,1.355191,0.033493
0.038154,0.040484,0.138635,0.027668,0.023009,0.115918,0.595317,0.049804
0.04194,0.049512,0.1232,0.027378,0.024757,0.111549,0.657644,0.038445
0.028251,0.026795,0.10951,0.033203,0.037572,0.121743,0.660266,0.03728
0.033494,0.02796,0.127859,0.035824,0.0233,0.105433,0.546387,0.041357
0.034658,0.032329,0.119704,0.02796,0.027378,0.113879,0.602889,0.045144
0.040193,0.029416,0.122908,0.033494,0.02563,0.124946,0.579298,0.042522
0.037863,0.040484,0.110967,0.030872,0.032037,0.099899,0.436876,0.064367
0.027668,0.026213,0.129024,0.043979,0.027086,0.113297,0.62619,0.041066
0.036698,0.027669,0.134849,0.028834,0.022718,0.10019,0.572308,0.040192
0.031164,0.029417,0.117665,0.028834,0.026795,0.112132,0.679197,0.038736
0.033203,0.031164,0.119413,0.03262,0.03262,0.099026,0.655023,0.039901
0.027669,0.02097,0.120578,0.023592,0.018348,0.1165,1.249758,0.037572
0.020096,0.019222,0.108636,0.013398,0.012815,0.094656,0.625025,0.041649
0.034367,0.039028,0.125238,0.029125,0.025338,0.113879,0.512019,0.037572
0.021262,0.019805,0.101646,0.018058,0.017184,0.09786,6.976041,0.012523
0.037862,0.03029,0.113879,0.031746,0.03029,0.105433,0.433673,0.055338
0.04427,0.02796,0.124655,0.03961,0.027378,0.115918,0.641335,0.044561
0.045144,0.032038,0.140092,0.036698,0.027377,0.105724,0.448527,0.077181
0.013689,0.012524,0.109219,0.011068,0.013397,0.103976,0.679197,0.036697
0.03495,0.035823,0.099608,0.0233,0.019222,0.082424,0.267659,0.046018
0.021844,0.025922,0.086793,0.026795,0.022717,0.082715,0.348627,0.049803
0.024756,0.01864,0.086793,0.021261,0.021552,0.082424,0.276106,0.036697
0.019805,0.018057,0.098443,0.02097,0.017476,0.086502,0.256009,0.038445
0.025338,0.029417,0.089997,0.025921,0.027669,0.084463,0.325619,0.04427
0.021261,0.021553,0.082424,0.022135,0.019514,0.084754,0.377752,0.059997
0.043687,0.036115,0.126986,0.038736,0.03262,0.120869,0.564735,0.069027
0.031455,0.024174,0.125238,0.026504,0.021261,0.131354,1.480137,0.04194
0.032912,0.02563,0.130189,0.027669,0.022717,0.121743,0.836473,0.040775
0.033494,0.036698,0.139801,0.030291,0.031746,0.125529,0.746476,0.052717
0.048056,0.055338,0.133392,0.033785,0.029999,0.124656,0.498331,0.041358
0.027377,0.016601,0.16077,0.028251,0.016019,0.126403,0.857734,0.040775
0.036698,0.02563,0.116501,0.030872,0.03029,0.134557,0.549007,0.047183
0.03495,0.034076,0.085336,0.030873,0.028251,0.081259,0.584832,0.048347
0.045727,0.032329,0.145625,0.038445,0.031164,0.146207,0.572016,0.046309
0.047766,0.03961,0.141839,0.036406,0.028834,0.118248,0.496291,0.046309
0.041066,0.032911,0.121743,0.034659,0.029125,0.150868,0.482603,0.046601
0.021843,0.029126,0.109219,0.015727,0.01631,0.103686,1.440818,0.036406
0.026504,0.026504,0.112422,0.022135,0.03262,0.113006,0.673663,0.038154
0.030582,0.036406,0.119704,0.030873,0.03495,0.10485,0.59386,0.038154
0.030581,0.027087,0.136887,0.028252,0.023591,0.1165,0.769776,0.046309
0.029999,0.029708,0.120578,0.026212,0.026213,0.115044,0.583375,0.033785
0.031746,0.026213,0.076017,0.026504,0.022717,0.079802,0.66842,0.043687
0.039901,0.037863,0.118831,0.037862,0.035533,0.109801,0.490175,0.047474
0.02097,0.014853,0.126403,0.027086,0.013398,0.111258,0.548717,0.046018
0.057376,0.045143,0.139801,0.042814,0.037863,0.140965,0.561532,0.046309
0.020096,0.017767,0.111258,0.016602,0.013689,0.104268,0.634927,0.048639
0.033786,0.024756,0.126112,0.028252,0.021553,0.114171,2.742419,0.042814
0.04427,0.039028,0.120869,0.032912,0.024757,0.115044,0.511146,0.03961
0.052717,0.038737,0.136305,0.042523,0.031746,0.113588,0.376296,0.080385
0.033203,0.031164,0.111549,0.026795,0.026795,0.105432,0.471826,0.041649
0.036698,0.026504,0.097278,0.031455,0.025048,0.092327,0.281931,0.050095
0.024174,0.016019,0.086501,0.020388,0.014562,0.08155,0.269407,0.036698
0.030873,0.02563,0.103685,0.02796,0.022718,0.090288,0.315425,0.045435
0.040484,0.01864,0.093783,0.026504,0.017475,0.087667,0.349793,0.057085
0.027086,0.01631,0.110676,0.023883,0.023591,0.100481,0.618325,0.041357
0.024757,0.039902,0.108054,0.022717,0.035824,0.089414,0.886859,0.048348
0.03262,0.021844,0.105433,0.027668,0.019222,0.100191,1.263446,0.054464
0.043687,0.028542,0.121161,0.04893,0.027377,0.103102,0.735991,0.077472
0.022717,0.021261,0.114461,0.033494,0.022718,0.09786,0.350666,0.041649
0.036406,0.03495,0.125238,0.03029,0.023009,0.087958,0.279892,0.070483
0.069027,0.061454,0.169799,0.058541,0.050969,0.152907,0.496583,0.062036
0.038736,0.025922,0.141257,0.033494,0.023882,0.125238,1.186557,0.101064
0.03961,0.039027,0.13718,0.033203,0.032621,0.127568,0.830648,0.041649
0.017184,0.012524,0.136015,0.014272,0.011067,0.127568,0.988797,0.053008
0.032911,0.031164,0.153489,0.032911,0.027087,0.141548,0.654441,0.038736
0.048639,0.037863,0.185236,0.043979,0.042523,0.145334,0.535028,0.052425
0.027669,0.021261,0.14446,0.033203,0.03728,0.159605,1.378199,0.041358
0.025921,0.028251,0.147664,0.018349,0.023882,0.140383,0.832104,0.039319
0.052425,0.03029,0.153489,0.043687,0.031455,0.140092,0.485224,0.070191
0.031164,0.0233,0.131063,0.023009,0.018348,0.127859,0.991418,0.040775
0.040484,0.03495,0.182032,0.035241,0.030581,0.148538,0.958506,0.038154
0.038445,0.036697,0.144752,0.03262,0.042814,0.171547,0.909867,0.039319
0.021553,0.019514,0.119704,0.024757,0.017766,0.122326,0.276397,0.036407
0.036115,0.027087,0.114753,0.031747,0.024174,0.091452,0.277562,0.066696
0.033494,0.032038,0.098734,0.027086,0.026213,0.095239,0.338434,0.059415
0.021844,0.035241,0.11417,0.021261,0.036115,0.108054,0.482602,0.067571
0.042232,0.029999,0.101064,0.036698,0.024465,0.082424,0.220477,0.129607
0.04194,0.028252,0.085628,0.032329,0.022718,0.092618,0.223389,0.119704
0.030581,0.035533,0.097278,0.026795,0.030873,0.089414,0.746767,0.04194
0.02796,0.018931,0.159897,0.027669,0.03495,0.160188,0.696381,0.078055
0.053299,0.031746,0.193973,0.044852,0.028251,0.170091,0.802105,0.068735
0.032329,0.036406,0.175333,0.034367,0.038445,0.149121,2.356511,0.050677
0.026504,0.029416,0.16747,0.024174,0.046018,0.181158,0.442702,0.05825
0.049221,0.053007,0.158149,0.041357,0.046309,0.141839,0.569104,0.073687
0.05825,0.036989,0.158732,0.043396,0.035532,0.154945,0.985593,0.082133
0.06058,0.049221,0.1631,0.049512,0.042232,0.147664,0.517844,0.116501
0.018932,0.01864,0.14912,0.01631,0.01631,0.141257,3.474332,0.037571
0.047182,0.046018,0.167469,0.040193,0.040192,0.191352,8.387734,0.046891
0.051551,0.047474,0.156402,0.040484,0.041357,0.153489,0.752301,0.046892
0.063784,0.059998,0.161353,0.045436,0.043397,0.174459,0.769193,0.069317
0.056503,0.042814,0.147082,0.041649,0.028834,0.140675,0.82657,0.08854
0.021552,0.020678,0.118539,0.018931,0.01864,0.129898,1.383442,0.044562
0.042814,0.032038,0.128733,0.034659,0.028542,0.12582,0.367268,0.062327
0.046309,0.028251,0.119704,0.031747,0.025048,0.113587,0.656771,0.081551
0.024173,0.01864,0.104268,0.0233,0.016893,0.091453,0.389403,0.0466
0.028251,0.0233,0.120287,0.024465,0.021844,0.117665,0.299406,0.053008
0.028834,0.025922,0.133685,0.025338,0.023882,0.121452,0.417071,0.073104
0.043978,0.032329,0.148247,0.038445,0.029125,0.120869,0.476195,0.085336
0.025048,0.016892,0.185235,0.025047,0.029416,0.16747,0.517844,0.044853
0.030581,0.041649,0.192517,0.027378,0.041066,0.17009,0.517262,0.07689
0.063202,0.048056,0.175041,0.053299,0.065823,0.182905,0.489593,0.177664
0.043397,0.046891,0.208536,0.039319,0.04427,0.171547,0.818415,0.054464
0.049804,0.038737,0.19077,0.053881,0.046892,0.168635,0.50765,0.078929
0.062328,0.040484,0.180866,0.03961,0.03262,0.180575,1.64149,0.024174
0.016601,0.029416,0.172421,0.014563,0.015145,0.156111,7.061378,0.103103
0.02097,0.018058,0.173294,0.022427,0.014854,0.147373,0.941905,0.059998
0.032038,0.024465,0.173586,0.042231,0.024465,0.169508,1.183935,0.053008
0.062037,0.08621,0.191935,0.049221,0.052716,0.186692,0.595317,0.069026
0.049804,0.029999,0.174459,0.041649,0.040192,0.168634,0.570852,0.083006
0.036989,0.030582,0.177663,0.032037,0.027668,0.170674,0.805891,0.062037
0.06058,0.049804,0.178246,0.077181,0.057959,0.177372,0.58454,0.089706
0.050387,0.049804,0.180867,0.040484,0.046309,0.175624,0.638714,0.056794
0.033493,0.016018,0.155819,0.023883,0.013689,0.149412,0.504737,0.029998
0.062619,0.044271,0.219021,0.056502,0.041067,0.1931,0.897344,0.085627
0.070192,0.066988,0.208536,0.056211,0.055338,0.193973,1.174032,0.093783
0.0233,0.018349,0.147956,0.021261,0.017475,0.133102,0.630558,0.049221
0.05126,0.036989,0.130189,0.040775,0.031455,0.122034,0.322706,0.166013
0.038445,0.03029,0.142421,0.03262,0.028251,0.141256,0.360568,0.06291
0.02097,0.014563,0.161062,0.020388,0.01398,0.145917,2.771252,0.060289
0.022136,0.01631,0.14446,0.031455,0.015727,0.143004,0.384451,0.045435
0.018349,0.015728,0.140092,0.01631,0.013106,0.11184,0.528329,0.045726
0.03262,0.041066,0.1465,0.026504,0.03495,0.12087,0.53095,0.023009
0.041358,0.035241,0.165722,0.040192,0.034077,0.131354,0.389402,0.091453
0.032329,0.030581,0.132519,0.029708,0.028834,0.127859,0.320958,0.064949
0.055629,0.046309,0.190478,0.045726,0.038736,0.178828,0.632014,0.066405
0.03728,0.036697,0.192517,0.033202,0.032038,0.185235,5.957246,0.05825
0.065532,0.052716,0.197468,0.050096,0.043105,0.201254,0.784339,0.103686
0.07689,0.054464,0.199216,0.060871,0.059415,0.203002,0.502116,0.087958
0.078347,0.060289,0.237952,0.067279,0.056502,0.189895,0.505612,0.135723
0.071648,0.055046,0.207371,0.061163,0.048056,0.18611,0.572016,0.09786
0.057376,0.06058,0.209992,0.047183,0.051552,0.213486,0.669004,0.076308
0.060872,0.051551,0.20708,0.062037,0.048057,0.197177,0.620947,0.062036
0.051843,0.049513,0.159605,0.045435,0.043979,0.164557,0.611336,0.10019
0.042523,0.036697,0.143878,0.036115,0.031455,0.133975,0.519592,0.096986
0.057085,0.038736,0.141839,0.047474,0.033785,0.156985,0.492214,0.106016
0.018348,0.020096,0.136597,0.017475,0.019223,0.133393,0.659684,0.051552
0.024465,0.025921,0.133102,0.022717,0.024756,0.125237,0.325327,0.057668
0.034659,0.024756,0.15145,0.031746,0.021553,0.145043,0.4727,0.092618
0.031747,0.01864,0.155528,0.026212,0.022718,0.145043,0.353287,0.056211
0.036406,0.038445,0.166886,0.032912,0.034659,0.156401,0.795115,0.052716
0.026795,0.024465,0.132228,0.024756,0.023591,0.131062,0.786086,0.04893
0.048348,0.048348,0.167469,0.043105,0.045144,0.161644,0.559493,0.095531
0.04194,0.028251,0.141548,0.041067,0.028542,0.139218,0.388237,0.075434
0.040193,0.032912,0.168343,0.035532,0.03029,0.146208,0.655315,0.067862
0.070191,0.050095,0.221933,0.056211,0.043397,0.221351,0.715312,0.082715
0.075143,0.051843,0.231544,0.065822,0.066696,0.23271,0.595025,0.089997
0.073686,0.070774,0.21407,0.06291,0.060581,0.200672,0.700749,0.081842
0.05126,0.044561,0.225137,0.042232,0.043687,0.216109,0.925886,0.070482
0.036407,0.041358,0.203584,0.023591,0.032038,0.19543,1.125394,0.057085
0.092326,0.066988,0.248146,0.073395,0.071065,0.229797,0.579298,0.080676
0.064657,0.069901,0.223098,0.070191,0.05825,0.209118,0.546969,0.078347
0.062327,0.062618,0.250767,0.05359,0.054172,0.232419,10.336785,0.063493
0.095822,0.102229,0.241156,0.080676,0.108054,0.226011,0.72405,0.099608
0.047182,0.033202,0.230088,0.047474,0.046891,0.217564,0.615705,0.062328
0.047765,0.0466,0.229797,0.041066,0.040484,0.219021,0.742398,0.081259
0.091161,0.068444,0.242904,0.076308,0.061454,0.24203,0.846084,0.130481
0.046892,0.027668,0.244068,0.046891,0.027669,0.173585,0.516679,0.076016
0.05126,0.044561,0.185527,0.046309,0.041649,0.173586,0.378626,0.137471
0.068153,0.051842,0.171256,0.057668,0.045143,0.161936,0.438916,0.173003
0.018931,0.017766,0.192226,0.016601,0.016601,0.184071,0.449982,0.100481
0.059997,0.055338,0.166013,0.05126,0.049221,0.157858,0.392024,0.103103
0.061745,0.048348,0.22106,0.050095,0.047474,0.208535,0.5726,0.10951
0.058251,0.047765,0.235622,0.050095,0.041648,0.221642,0.829482,0.077181
0.047473,0.055046,0.237078,0.040775,0.047474,0.224554,0.996952,0.081259
0.059124,0.056503,0.310474,0.050095,0.048639,0.289503,1.456836,0.100191
0.088249,0.067861,0.273775,0.069318,0.063201,0.251349,0.676867,0.101647
0.046892,0.039901,0.216399,0.051551,0.036989,0.210574,1.275679,0.067862
0.08388,0.06757,0.306687,0.111258,0.089414,0.293289,0.545513,0.142713
0.071065,0.069026,0.296202,0.066114,0.065532,0.276397,1.664208,0.072812
0.076017,0.048347,0.222515,0.046891,0.053881,0.22572,0.585706,0.050678
0.072522,0.064366,0.248146,0.055629,0.051843,0.227758,0.647159,0.0932
0.050969,0.040775,0.171546,0.044561,0.038154,0.160188,0.890936,0.071939
0.039611,0.043688,0.184071,0.033785,0.03728,0.196595,0.384743,0.0999
0.031455,0.024465,0.170965,0.028834,0.0233,0.166013,0.378334,0.062327
0.029999,0.032329,0.171546,0.032328,0.036116,0.161061,0.350083,0.068153
0.039901,0.043106,0.179411,0.035533,0.042232,0.17242,0.75434,0.082424
0.056503,0.046891,0.177372,0.050386,0.040775,0.1698,0.394063,0.08388
0.052716,0.040193,0.194556,0.045435,0.037571,0.169216,0.452312,0.103685
0.03262,0.040484,0.253971,0.027669,0.026504,0.253389,2.588055,0.134266
0.031746,0.0233,0.255427,0.027086,0.021261,0.243777,11.195101,0.136888
0.04427,0.038736,0.260961,0.038445,0.038736,0.240282,0.803562,0.140383
0.029125,0.041358,0.267368,0.028543,0.027086,0.249019,1.544795,0.135141
0.034076,0.035823,0.248146,0.027669,0.026795,0.258922,1.035688,0.136888
0.054755,0.039902,0.255136,0.044853,0.050387,0.232127,1.052872,0.12582
0.116209,0.08155,0.242904,0.085919,0.072522,0.212904,0.734826,0.189604
0.12815,0.088249,0.282804,0.091744,0.076599,0.284844,0.786669,0.14883
0.081259,0.049804,0.284261,0.069027,0.04427,0.255136,1.040348,0.115627
0.046309,0.062618,0.243777,0.081842,0.06058,0.289504,7.09691,0.069026
0.046891,0.043397,0.271737,0.03728,0.035533,0.277562,0.757544,0.09087
0.092035,0.069609,0.280183,0.083007,0.064949,0.246107,0.743855,0.143878
0.088832,0.092326,0.268824,0.076016,0.072522,0.272319,0.768611,0.094948
0.088249,0.083006,0.263582,0.078929,0.063202,0.248437,0.927343,0.139218
0.054464,0.064075,0.209409,0.05126,0.045436,0.195429,0.573765,0.125237
0.041649,0.036989,0.209992,0.045435,0.033203,0.191934,0.682692,0.109801
0.029126,0.02796,0.238243,0.027087,0.026504,0.234748,0.798901,0.092327
0.043688,0.045144,0.203585,0.039027,0.035242,0.214361,0.430761,0.086793
0.040775,0.03495,0.201836,0.03728,0.034076,0.197759,0.423188,0.08854
0.070483,0.059707,0.190769,0.058833,0.059998,0.163392,0.632014,0.109801
0.07456,0.059998,0.207661,0.065531,0.054172,0.200672,0.417654,0.358239
0.131354,0.077473,0.320667,0.078055,0.066405,0.301153,2.862705,0.147955
0.0233,0.020388,0.274358,0.018349,0.018931,0.269407,3.093084,0.0699
0.099608,0.082424,0.307852,0.083006,0.070483,0.303192,1.126268,0.145917
0.054173,0.057959,0.256009,0.046309,0.051552,0.259796,1.584988,0.071648
0.087084,0.075143,0.264455,0.075143,0.083297,0.30727,0.708905,0.141548
0.105141,0.080676,0.324453,0.088831,0.075434,0.310765,3.343851,0.134558
0.085046,0.071647,0.28164,0.066405,0.062036,0.258922,1.428294,0.124073
0.062619,0.054172,0.290085,0.052426,0.056211,0.277562,1.047629,0.10922
0.098443,0.093492,0.316007,0.083881,0.082133,0.289212,0.853073,0.190187
0.093783,0.074852,0.282222,0.079803,0.070482,0.262999,0.671915,0.138927
0.066987,0.043688,0.280766,0.05825,0.047182,0.300862,1.115782,0.107181
0.081259,0.078929,0.296785,0.068444,0.064657,0.271445,1.681391,0.114461
0.077473,0.054755,0.294746,0.069027,0.050678,0.267951,0.767738,0.128151
0.073977,0.071939,0.276397,0.068153,0.061745,0.276689,0.893266,0.097278
0.064366,0.061162,0.239408,0.055338,0.053881,0.228632,0.585123,0.128733
0.043688,0.043106,0.169508,0.039319,0.044853,0.164557,0.518426,0.06291
0.057085,0.045144,0.203876,0.050386,0.03961,0.212613,0.425227,0.135141
0.040484,0.047474,0.220477,0.036407,0.043979,0.228632,0.768903,0.115627
0.061163,0.046892,0.203585,0.050677,0.041358,0.16077,0.496,0.084171
0.050386,0.028834,0.220768,0.04427,0.033493,0.220477,0.603472,0.126112
0.054173,0.042232,0.22368,0.04427,0.035532,0.209992,0.571143,0.094365
0.094947,0.05592,0.297949,0.069609,0.055047,0.304357,0.924431,0.092327
0.074269,0.069026,0.305814,0.063784,0.059415,0.317755,0.753466,0.099316
0.099608,0.092327,0.296202,0.085337,0.085628,0.303775,1.19209,0.080094
0.089123,0.059998,0.288048,0.076017,0.051261,0.291833,0.774145,0.135431
0.0699,0.053299,0.29795,0.055046,0.042523,0.291251,0.8755,0.086502
0.113297,0.089414,0.399013,0.099026,0.096696,0.336686,1.347618,0.085628
0.07689,0.062328,0.323579,0.072813,0.052426,0.292707,0.817542,0.153489
0.071648,0.048639,0.280475,0.049513,0.058833,0.294746,0.81492,0.113588
0.052716,0.066405,0.310474,0.053007,0.058542,0.305814,1.144907,0.091453
0.087958,0.054755,0.293289,0.069317,0.058833,0.263873,0.744438,0.089414
0.062619,0.06524,0.295329,0.054464,0.057086,0.301153,1.337132,0.094656
0.057668,0.077473,0.233001,0.055338,0.055046,0.226885,0.539688,0.119122
0.04893,0.037863,0.235913,0.036697,0.029999,0.236205,0.510563,0.105724
0.057085,0.077182,0.218438,0.052716,0.05359,0.225137,0.429013,0.1165
0.04893,0.042232,0.256592,0.045727,0.039901,0.242612,0.48901,0.119413
0.071648,0.073395,0.214361,0.057377,0.047182,0.245233,0.708904,0.127568
0.078347,0.056794,0.351248,0.070482,0.057668,0.321249,0.845793,0.138926
0.034368,0.056794,0.384451,0.063784,0.050969,0.369888,1.266359,0.085337
0.099317,0.071065,0.346588,0.07922,0.06291,0.317463,1.137043,0.106016
0.092617,0.058833,0.349501,0.078346,0.068735,0.32591,1.61353,0.137179
0.105724,0.089123,0.320667,0.087666,0.074269,0.322706,0.701332,0.204458
0.077764,0.070774,0.311347,0.058251,0.058251,0.293872,1.204322,0.111549
0.117957,0.105433,0.340181,0.091162,0.085045,0.312803,0.722593,0.102229
0.04194,0.032912,0.246107,0.047183,0.047765,0.274649,0.498621,0.099317
0.052716,0.049513,0.260379,0.061746,0.048057,0.24931,0.442993,0.19543
0.091452,0.089123,0.366393,0.059415,0.073977,0.373966,1.706147,0.154071
0.087084,0.104267,0.354453,0.081841,0.078347,0.324454,0.945692,0.154363
0.117374,0.101938,0.296784,0.10485,0.092618,0.267078,0.935497,0.179993
0.108054,0.084754,0.342802,0.087084,0.070774,0.319211,0.809386,0.168052
0.167178,0.103686,0.412412,0.128442,0.088831,0.38649,1.174615,0.231836
0.06291,0.055629,0.342511,0.054464,0.050678,0.342803,1.518582,0.099025
0.117374,0.091744,0.38416,0.099025,0.078347,0.380665,1.118403,0.13281
0.072521,0.0466,0.252515,0.062619,0.046309,0.217565,0.411538,0.307853
0.040484,0.036698,0.26096,0.036989,0.035532,0.302027,1.028407,0.129898
0.016602,0.025048,0.290669,0.031746,0.022427,0.299989,1.047047,0.099899
0.083007,0.066405,0.273193,0.073395,0.054755,0.268825,0.581628,0.180867
0.050095,0.048639,0.268242,0.059706,0.050678,0.262417,0.895014,0.081842
0.15116,0.114753,0.41678,0.107472,0.103685,0.433964,0.83123,0.233
0.161935,0.123782,0.41678,0.137179,0.099899,0.37484,0.850453,0.299406
0.087958,0.074269,0.36785,0.082133,0.075434,0.34688,0.979768,0.168052
0.198924,0.165139,0.494544,0.17475,0.150867,0.409208,0.908411,0.406295
0.131937,0.089705,0.371636,0.124364,0.078347,0.351248,0.923556,0.297659
0.047183,0.053298,0.333482,0.040775,0.047183,0.327075,2.473594,0.095239
0.133393,0.103103,0.348627,0.108345,0.082132,0.339598,0.855695,0.345132
0.128733,0.137762,0.412702,0.131063,0.106889,0.4028,1.044425,0.219021
0.140674,0.110092,0.396684,0.124364,0.105142,0.38183,0.832395,0.161644
0.114753,0.089414,0.391732,0.105433,0.083298,0.332317,1.397713,0.180576
5.847735,0.117956,0.43775,0.110384,0.117666,0.365519,1.153644,0.191643
0.077764,0.04893,0.379791,0.067279,0.047182,0.373384,1.631587,0.139801
0.150286,0.151742,0.459303,0.118248,0.120578,0.531824,1.904781,0.181449
0.097569,0.098443,0.255719,0.074269,0.069609,0.241156,0.6425,0.230962
0.071065,0.054755,0.262417,0.063784,0.051843,0.249893,0.756378,0.150577
0.068735,0.071066,0.297659,0.070774,0.063201,0.289794,0.617452,0.170965
0.091744,0.058833,0.282222,0.07922,0.054173,0.272611,0.679779,0.212613
0.089705,0.064366,0.294454,0.069318,0.059706,0.288048,0.725506,0.211157
0.04893,0.03728,0.376588,0.041649,0.03262,0.421731,4.34488,0.113296
0.133102,0.122908,0.411246,0.100481,0.109511,0.378917,1.233448,0.229215
0.057376,0.0466,0.396102,0.058251,0.039319,0.370762,0.98268,0.364646
0.110675,0.117374,0.433382,0.101938,0.091452,0.428721,0.887441,0.176789
0.110966,0.123491,0.445322,0.084463,0.129607,0.422314,1.441983,0.164265
0.078055,0.077181,0.28397,0.072522,0.07223,0.281349,0.673372,0.161353
0.054173,0.053007,0.343094,0.050678,0.050969,0.349501,1.107628,0.140091
0.064075,0.047765,0.324744,0.059706,0.057668,0.320085,0.544057,0.139509
0.063202,0.043396,0.33756,0.064075,0.045435,0.330278,1.677314,0.146791
0.152324,0.13048,0.449692,0.119995,0.100481,0.41212,0.906373,0.281931
0.151742,0.108346,0.444158,0.128732,0.095239,0.407752,1.162382,0.324744
0.086793,0.081842,0.445323,0.074561,0.070192,0.431052,2.727856,0.12815
0.173876,0.149702,0.45872,0.133976,0.134558,0.4261,0.957633,0.218147
0.119704,0.108346,0.476487,0.099899,0.111258,0.43542,1.328686,0.199798
0.098443,0.107472,0.446196,0.092035,0.083007,0.429012,0.921518,0.156985
0.147081,0.141257,0.431634,0.118248,0.110093,0.420566,0.833268,0.210574
0.089414,0.079512,0.425226,0.072231,0.064366,0.422897,1.231992,0.203293
0.133975,0.121161,0.489301,0.12349,0.098152,0.469205,1.165295,0.18844
0.092035,0.096695,0.439498,0.079511,0.103685,0.422605,3.294048,0.140091
0.086792,0.10922,0.404257,0.083589,0.086793,0.418527,3.452196,0.129898
0.064658,0.053008,0.352996,0.048348,0.050095,0.37018,0.625898,0.113588
0.06291,0.056503,0.344259,0.05359,0.05126,0.320376,0.574056,0.118539
0.073104,0.080094,0.424061,0.075725,0.08621,0.426683,0.642791,0.183196
0.205332,0.210283,0.564736,0.170382,0.177372,0.538232,1.153936,0.241447
0.050677,0.043687,0.439498,0.040192,0.036989,0.452312,3.160364,0.151159
0.222807,0.192517,0.511145,0.201546,0.155528,0.477651,0.800357,0.38183
0.145917,0.123199,0.494544,0.126694,0.104559,0.437459,0.793077,0.282805
0.287173,0.108345,0.395519,0.256301,0.095821,0.378044,1.177527,0.375423
0.168051,0.145042,0.462215,0.13747,0.139218,0.376587,0.862976,0.373092
0.163974,0.139801,0.473866,0.140383,0.125238,0.45173,0.959672,0.215235
0.100773,0.09553,0.491632,0.098152,0.122617,0.475904,0.97802,0.164265
0.163683,0.120286,0.480856,0.132228,0.118247,0.459011,1.220924,0.297368
0.068152,0.043979,0.296493,0.057667,0.070774,0.312803,0.802396,0.134849
0.056503,0.050968,0.307269,0.05126,0.053882,0.310764,0.752592,0.127568
0.147081,0.148829,0.475321,0.13514,0.102812,0.460176,1.609743,0.1931
0.117083,0.099608,0.41678,0.086793,0.091162,0.45406,0.989961,0.166013
0.120578,0.071939,0.452895,0.106307,0.091744,0.426974,1.173159,0.244068
0.126694,0.110384,0.408333,0.105142,0.108928,0.400179,0.680362,0.292416
0.088541,0.078347,0.452313,0.081842,0.101646,0.495418,1.560522,0.144169
0.155237,0.142421,0.483767,0.137471,0.118539,0.488137,1.081997,0.203875
0.149994,0.141548,0.520465,0.144169,0.124655,0.480855,1.070929,0.30028
0.192225,0.170673,0.52862,0.151742,0.175333,0.504446,1.225001,0.22368
0.100481,0.093783,0.355035,0.110966,0.093491,0.37484,0.858899,0.224264
0.096695,0.10252,0.395518,0.086793,0.075434,0.380665,0.607258,0.150868
0.152325,0.094074,0.352704,0.108345,0.085046,0.353578,0.587162,0.420567
0.067861,0.051552,0.340764,0.081841,0.052425,0.354452,1.055494,0.155528
0.083589,0.069318,0.418819,0.093783,0.089705,0.366102,0.774436,0.17446
0.065822,0.057668,0.363481,0.061746,0.052716,0.375422,1.144616,0.179993
0.185235,0.15844,0.501243,0.15844,0.131645,0.430177,0.90812,0.500078
0.049222,0.065822,0.481438,0.066114,0.078929,0.483477,0.890354,0.094075
0.138635,0.101064,0.491631,0.105433,0.089997,0.499204,3.207255,0.166013
0.131937,0.129316,0.517552,0.118248,0.099608,0.512311,1.045591,0.219894
0.115918,0.0932,0.523378,0.106016,0.098734,0.519009,0.95472,0.184944
0.128733,0.120286,0.567939,0.130481,0.115626,0.54959,1.167042,0.220477
0.117083,0.106015,0.542018,0.094365,0.096113,0.481729,1.31325,0.135723
0.066114,0.061162,0.504446,0.050969,0.05126,0.516679,1.896917,0.155819
0.148538,0.101355,0.542018,0.138053,0.118539,0.52396,1.601589,0.291251
0.138926,0.118248,0.278436,0.106015,0.087375,0.255427,0.405712,0.851035
0.075434,0.058542,0.387655,0.076599,0.062037,0.35853,0.666091,0.150577
0.083006,0.110093,0.441828,0.072522,0.107181,0.381247,1.431498,0.163974
0.089997,0.066987,0.319793,0.08854,0.086793,0.3096,0.53794,0.317755
0.115045,0.085046,0.544348,0.097569,0.083589,0.524251,1.046464,0.196303
0.15611,0.16048,0.582793,0.126985,0.15844,0.599686,4.331483,0.55192
0.163392,0.124947,0.538814,0.112714,0.138344,0.539688,2.007009,0.228049
0.190187,0.177081,0.583666,0.171838,0.156111,0.542017,0.978311,0.374549
0.1398,0.133684,0.650364,0.120287,0.117083,0.625898,1.532271,0.278727
0.142713,0.179701,0.59619,0.15145,0.171547,0.604054,1.114617,0.222516
0.124655,0.126695,0.599685,0.108637,0.108928,0.570852,1.251505,0.154945
0.145043,0.144169,0.610462,0.12349,0.129606,0.607258,1.184226,0.208244
0.207661,0.180576,0.577259,0.173586,0.148247,0.54027,0.991418,0.345133
0.161644,0.156401,0.602015,0.147955,0.134267,0.579298,1.447517,0.202419
0.096112,0.090579,0.45872,0.089705,0.103103,0.448235,1.335094,0.185235
0.07223,0.076017,0.396975,0.065531,0.098151,0.399305,0.6425,0.257757
0.053008,0.043688,0.523086,0.056794,0.052134,0.525708,3.909752,0.138636
0.198342,0.171256,0.604637,0.169217,0.146791,0.588035,0.973361,0.396101
0.185527,0.191352,0.61017,0.170964,0.153489,0.567648,0.984137,0.399596
0.16077,0.147955,0.569396,0.136306,0.127568,0.527455,1.485671,0.330279
0.149994,0.089705,0.631432,0.138344,0.099317,0.614248,2.000602,0.220186
0.119122,0.155237,0.57959,0.10951,0.133102,0.529494,1.323153,0.247564
0.181741,0.134267,0.553377,0.145917,0.129315,0.522212,0.917149,0.317463
0.059707,0.050678,0.412411,0.056794,0.048056,0.418819,0.818706,0.139509
0.11417,0.095822,0.383869,0.114462,0.098734,0.369888,0.793368,0.427848
0.145334,0.106597,0.383578,0.113296,0.090871,0.334356,0.862102,0.568813
0.021844,0.020679,0.467166,0.017475,0.019222,0.449982,0.662305,1.420139
0.101938,0.087666,0.369889,0.082133,0.089706,0.354744,0.735699,0.277562
0.179119,0.145334,0.449982,0.131354,0.142421,0.434546,0.731914,0.290377
0.184653,0.166887,0.623277,0.151741,0.138053,0.555416,1.128306,0.306396
0.099608,0.100481,0.559493,0.085919,0.082424,0.552794,1.280048,0.184653
0.121743,0.117083,0.550756,0.106598,0.103977,0.560367,1.319075,0.709487
0.125237,0.108054,0.588035,0.122616,0.111549,0.555997,1.303348,0.616578
0.117957,0.07456,0.779096,0.106889,0.09786,0.746185,6.450624,0.176498
0.102812,0.103394,0.63085,0.084463,0.089414,0.576386,7.149044,0.201837
0.126403,0.155237,0.709196,0.15378,0.136888,0.660848,1.889344,0.40746
0.130189,0.098734,0.606675,0.119995,0.092327,0.600268,1.080832,0.218438
0.170673,0.154654,0.641044,0.147956,0.124073,0.572891,1.335676,0.19106
0.065531,0.086502,0.496,0.062619,0.067861,0.487263,0.952972,0.167178
0.149411,0.114461,0.338433,0.092909,0.093783,0.329405,0.412411,0.552211
0.150285,0.115627,0.682692,0.110384,0.109801,0.668712,1.547124,0.24669
0.181158,0.168343,0.685604,0.158731,0.155237,0.65415,1.271018,0.304649
0.119413,0.147955,0.682109,0.103394,0.131354,0.632014,1.664208,0.264456
0.157567,0.133393,0.631431,0.139218,0.11883,0.617743,1.534018,0.280475
0.085337,0.071357,0.546678,0.111841,0.075143,0.524543,1.079375,0.246398
0.11854,0.099025,0.457264,0.099899,0.089414,0.428722,0.668421,0.322123
0.104559,0.116209,0.439498,0.092909,0.109802,0.427557,1.42742,0.2397
0.233292,0.126403,0.660266,0.180867,0.11155,0.611918,1.74168,0.491631
0.051843,0.047765,0.565609,0.043687,0.042814,0.553959,1.209565,0.463671
0.038737,0.036116,0.072813,0.033203,0.034659,0.07223,0.825405,0.271155
0.12815,0.089414,0.629684,0.113006,0.08854,0.582211,1.855851,0.235331
0.173003,0.151159,0.494253,0.147955,0.128442,0.483768,0.740651,0.743855
0.170381,0.136306,0.484641,0.14417,0.142421,0.473574,0.661431,0.294454
0.225428,0.213195,0.714439,0.203585,0.228341,0.674246,0.947148,0.488427
0.202711,0.179993,0.663761,0.17242,0.156693,0.634636,1.848569,0.559784
0.250476,0.336104,0.721429,0.22601,0.193973,0.659101,1.220632,0.442701
0.310474,0.210284,0.871423,0.243195,0.232418,0.808803,1.119569,0.618908
0.143296,0.136597,0.64978,0.131937,0.117083,0.629684,1.156557,0.329987
0.113879,0.094657,0.702788,0.095239,0.079803,0.672498,4.616617,0.194847
0.209701,0.219894,0.625607,0.179411,0.185818,0.61483,0.768902,0.497748
0.064367,0.125529,0.541144,0.058833,0.14213,0.546678,6.649257,0.183197
0.132228,0.107471,0.538523,0.144752,0.10252,0.517844,0.997826,0.435712
0.156984,0.16776,0.601433,0.148247,0.151159,0.584541,1.240438,0.237078
0.109801,0.096404,0.524543,0.110385,0.094366,0.519591,0.715312,0.547261
0.075434,0.080094,0.604054,0.117374,0.116501,0.602016,0.618326,0.221642
0.126111,0.154655,0.538232,0.110966,0.127277,0.53561,0.943653,0.3795
0.221642,0.133102,0.701041,0.182614,0.180866,0.653275,1.26199,0.699002
0.105433,0.118539,0.809386,0.206497,0.241156,0.83123,0.976273,0.19339
0.066114,0.113297,0.708322,0.06058,0.105141,0.665217,1.218885,0.190478
0.21407,0.210866,0.714147,0.179119,0.179993,0.674828,1.494117,0.711817
0.221933,0.197177,0.745019,0.21174,0.185236,0.761913,1.734399,0.614831
0.156693,0.143586,0.748223,0.159896,0.170091,0.729875,1.354608,0.226593
0.185818,0.161353,0.547551,0.158149,0.138635,0.526581,0.977729,0.499204
0.144169,0.116209,0.613957,0.124947,0.12815,0.615704,1.689255,0.338143
0.114461,0.107472,0.585414,0.111549,0.094365,0.559493,0.712109,0.289795
0.138636,0.129316,0.806473,0.122616,0.122908,0.793659,1.947594,0.292707
0.18145,0.154363,0.723176,0.179702,0.128441,0.700167,1.205779,0.421149
0.136888,0.155237,0.786086,0.152324,0.129024,0.779969,1.169081,0.278436
0.176789,0.137179,0.812008,0.160771,0.195429,0.780844,1.714885,0.41445
0.09553,0.082133,0.650072,0.10019,0.076599,0.637549,2.257777,0.238825
0.138345,0.146208,0.738321,0.182323,0.136888,0.720846,1.189469,0.422605
0.251058,0.167178,1.035979,0.234457,0.161062,0.995787,1.413149,0.473865
0.575803,0.265038,1.152771,0.486972,0.234457,1.090152,7.672422,0.416489
0.071065,0.067571,0.81259,0.062327,0.061745,0.827444,5.382025,1.203158
0.286591,0.262126,0.826279,0.287464,0.232418,0.852783,1.389849,0.675702
0.215525,0.158149,0.811425,0.189604,0.120869,0.773271,1.601588,0.297076
0.123199,0.113879,0.724341,0.108345,0.101064,0.708031,6.211799,0.219894
0.120578,0.161935,0.984137,0.111549,0.134849,0.921809,14.638561,0.218147
0.16077,0.095822,0.686187,0.122908,0.102229,0.635218,0.791619,0.330278
0.139218,0.084754,0.583375,0.195138,0.099025,0.600268,0.94074,0.423188
0.184362,0.146499,0.578716,0.163683,0.138636,0.532116,1.007728,0.645121
0.20038,0.183779,0.867345,0.186109,0.141839,0.85919,1.817115,0.318337
0.078347,0.071939,0.812007,0.068153,0.061745,0.808803,1.921091,0.280184
0.247563,0.203002,0.615996,0.204167,0.170382,0.588035,0.723467,0.967245
0.083589,0.146499,1.187139,0.085628,0.146499,1.150732,1.567512,0.266204
0.179411,0.140674,0.609588,0.131354,0.141257,0.577842,0.959089,0.638131
0.115627,0.104559,0.675411,0.119413,0.10951,0.666091,0.708614,0.148829
0.182032,0.208536,0.95472,0.180576,0.161645,0.890063,1.691585,0.444449
0.384452,0.298241,0.863559,0.288921,0.239408,0.824823,0.984719,0.549008
0.383869,0.268824,0.899674,0.334064,0.255718,0.833269,1.291115,1.578871
0.125529,0.097278,0.667838,0.136015,0.098443,0.656188,1.443731,0.3562
0.359695,0.382995,1.071512,0.306396,0.31892,1.002486,1.449264,0.615704
0.180867,0.134849,0.707157,0.176789,0.126112,0.737156,0.832686,0.399887
0.110676,0.094365,0.750262,0.113879,0.098734,0.74735,1.079958,0.492214
0.237952,0.249019,1.24801,0.204749,0.207079,1.23636,6.446838,0.352705
0.084754,0.135432,0.880451,0.071648,0.123199,0.869675,1.483924,0.415907
0.30494,0.256301,1.043843,0.27931,3.792378,1.038018,1.166751,0.970156
0.154654,0.14912,0.979185,0.136305,0.133976,0.957633,2.836201,0.283678
0.12582,0.10252,0.675702,0.128733,0.119704,0.643956,0.683857,0.468623
0.143878,0.129898,0.79162,0.120578,0.147956,0.755796,1.032193,0.313386
0.248728,0.157567,1.012971,0.245234,0.239699,0.98239,0.610462,0.209992
0.18145,0.159314,0.592404,0.154946,0.138344,0.574638,1.181022,0.88482
0.148246,0.087957,0.812007,0.140674,0.168634,0.742398,2.320978,0.468622
0.079511,0.087084,0.842589,0.076599,0.079803,0.805892,1.82061,0.355035
0.167761,0.129898,0.644247,0.121452,0.127568,0.601724,1.260242,1.975554
0.114171,0.099608,0.736865,0.1398,0.174168,0.701333,1.709643,0.440371
0.123782,0.09087,0.688808,0.166305,0.156985,0.640752,1.665663,0.376587
0.145625,0.117082,0.705992,0.129315,0.13019,0.682401,1.529941,0.437459
0.329987,0.255718,1.035979,0.288338,0.255136,0.970448,1.663625,1.024912
0.302901,0.209118,1.250922,0.235039,0.249893,1.192963,1.542464,0.957633
0.315425,0.272611,1.047338,0.299988,0.241447,0.98967,1.257621,1.006272
0.036406,0.047765,0.744146,0.042232,0.047765,0.759,1.42713,0.44474
0.198051,0.193099,0.678615,0.159606,0.157275,0.632888,1.109666,0.998117
0.137762,0.137762,0.778805,0.152907,0.162809,0.738612,1.831968,0.484059
0.153489,0.108636,0.769193,0.149412,0.159314,0.717351,1.432955,0.474157
0.1631,0.172129,0.745311,0.15844,0.157276,0.762203,1.970312,0.401052
0.159314,0.165722,0.729584,0.172712,0.177955,0.755214,1.551785,0.50066
0.173294,0.120287,0.661722,0.163392,0.136596,0.660557,1.533145,0.403091
0.119122,0.093492,0.724632,0.141839,0.124364,0.708613,1.72071,0.389985
0.138926,0.079803,0.715603,0.104268,0.126694,0.693177,1.61353,0.466584
0.043105,0.041066,0.774436,0.042814,0.040776,0.765116,1.08054,0.428721
0.034659,0.047474,0.767737,0.029999,0.043105,0.746185,1.050542,0.375131
0.129607,0.129898,0.984137,0.154654,0.120578,1.002486,13.423462,0.30727
0.030581,0.02796,1.013262,0.026795,0.027961,0.962001,1.607122,0.415323
0.38183,0.306104,1.141994,0.293289,0.308435,1.065687,1.171411,1.118986
0.283387,0.256884,1.031028,0.255427,0.219021,1.074424,1.497029,0.706575
0.185818,0.143004,0.757544,0.195138,0.175624,0.769193,1.599841,0.456099
0.228923,0.169508,0.644829,0.17242,0.145917,0.645121,1.14316,1.388684
0.136014,0.131063,0.805017,0.128733,0.141839,0.811134,1.620812,0.494253
0.166305,0.124364,0.726963,0.144169,0.126694,0.730749,1.665955,0.442702
0.145626,0.111549,0.70541,0.117666,0.132228,0.756087,1.440526,0.481147
0.250184,0.257466,1.096851,0.226011,0.217855,1.062775,2.377772,0.473282
0.138344,0.099316,0.735117,0.103685,0.124073,0.699293,1.291115,0.585997
0.294746,0.207662,0.801814,0.267369,0.18844,0.766572,1.364802,0.942488
0.184944,0.194264,0.920935,0.176499,0.179993,0.88249,0.936372,0.463962
0.161353,0.152907,0.818415,0.143587,0.13951,0.805018,1.119277,0.574347
0.238535,0.1931,0.786377,0.209701,0.2397,0.73803,0.83589,1.415188
0.0466,0.042814,0.908994,0.042231,0.042523,0.925596,1.259952,0.434255
0.036989,0.038737,0.798318,0.03495,0.038737,0.799192,1.224419,0.432799
0.428139,0.366394,1.228205,0.359112,0.317464,1.160926,1.496447,0.994622
0.276106,0.218147,1.132383,0.241739,0.200381,1.096269,1.546834,0.559493
0.215525,0.169217,1.178109,0.174751,0.192808,1.140247,2.503884,0.44241
0.170964,0.142421,1.094521,0.148247,0.127277,1.065396,2.662616,0.308435
0.121451,0.118248,1.190342,0.111258,0.291542,1.157431,1.087822,0.369597
0.195721,0.175915,0.878121,0.191643,0.157567,0.868219,1.069765,0.564445
0.212031,0.236787,1.277718,0.214943,0.198924,1.26898,10.371444,0.585123
0.236205,0.217273,1.141703,0.222807,0.185527,1.043843,1.364219,0.457846
0.26562,0.233583,1.27597,0.238534,0.22601,1.239563,1.649354,0.475613
0.370763,0.324453,1.308299,0.312513,0.282513,1.265485,1.563434,0.694633
0.061163,0.071648,1.212478,0.053008,0.067862,1.201119,23.849079,0.450565
0.254553,0.20504,0.903461,0.2164,0.185527,0.893849,1.251796,1.080541
0.174168,0.187566,1.18743,0.15611,0.200672,1.169663,1.740807,0.439207
0.410081,0.401344,1.653722,0.356491,0.336103,1.547415,1.767019,0.698128
0.250475,0.294455,0.813755,0.239117,0.247563,0.776766,0.695798,1.363928
0.117666,0.069609,0.84987,0.089414,0.124364,0.83123,0.871131,0.299115
0.059124,0.06291,0.912489,0.058832,0.065822,0.899092,1.259368,0.829191
0.302027,0.237079,0.835016,0.294746,0.1931,0.816667,0.88249,2.396412
0.567356,0.483768,1.554697,0.49134,0.443284,1.460041,1.605083,1.210148
0.503282,0.419401,1.280047,0.430469,0.372219,1.209856,1.426547,2.863287
0.173877,0.154363,1.81391,0.166595,0.145917,1.695954,6.584891,0.574347
0.364938,0.313968,1.312085,0.270863,0.262418,1.207817,2.314279,1.279174
0.439789,0.567939,1.374704,0.353578,0.510562,1.315289,1.607705,1.048504
0.523669,0.443866,1.349657,0.449691,0.402217,1.234613,1.500233,2.32826
0.445905,0.426683,1.463536,0.399014,0.356491,1.476642,2.229526,1.515961
0.253971,0.198633,1.006271,0.212031,0.182905,0.981516,1.159761,1.012097
0.495417,0.399888,1.537804,0.40979,0.402218,1.460332,1.54625,1.089861
0.494253,0.546387,1.533436,0.455516,0.465419,1.485671,1.730612,1.895752
0.285134,0.262708,2.211468,0.263582,0.230379,2.110404,1.849443,0.541436
0.311639,0.276688,1.338881,0.258631,0.222516,1.236652,2.40748,0.643955
0.486389,0.401926,1.490622,0.44707,0.376005,1.454798,1.578288,1.670615
0.08621,0.062619,1.298688,0.069609,0.075143,1.196167,3.041824,0.41212
0.490758,0.394936,1.368296,0.42144,0.341928,1.306551,1.826434,2.167489
0.299406,0.280766,1.43208,0.26562,0.250476,1.372374,2.393499,0.456099
0.334065,0.374549,1.571299,0.339598,0.302027,1.54363,1.777213,0.828026
0.25834,0.275814,1.122772,0.231253,0.219894,1.062483,1.378491,0.747932
0.568813,0.41212,1.658091,0.4727,0.350957,1.568095,2.241758,1.677313
0.426974,0.268533,1.4414,0.350083,0.28164,1.427421,8.999361,5.031067
0.459885,0.418237,1.722167,0.403674,0.3562,1.651102,3.139393,1.471399
0.424061,0.308143,1.416935,0.338433,0.333482,1.325774,1.666246,3.003379
0.418527,0.248146,1.498194,0.412702,0.280475,1.448099,1.540717,2.939013
0.208827,0.177372,1.33888,0.192226,0.197759,1.328978,1.289951,0.925013
0.213778,0.193973,1.605958,0.208244,0.176498,1.582366,14.156832,0.553377
0.364354,0.348045,1.151315,0.313969,0.293581,1.095977,1.031611,2.593298
0.520757,0.436003,2.265931,0.456099,0.341055,2.189333,4.690596,1.251796
0.50299,0.379209,2.376316,0.411246,0.321832,2.210885,3.838978,2.12118
0.598811,0.488137,1.734981,0.48668,0.419984,1.667703,1.72071,1.713137
0.344259,0.302901,1.68576,0.310473,0.267077,1.657218,3.203178,0.605219
0.561532,0.460176,2.056232,0.567939,0.626189,1.984292,1.528484,2.1538
0.551047,0.339599,1.831677,0.491631,0.386781,1.680517,2.557765,3.509282
0.70774,0.561531,10.664151,0.651237,0.50299,7.859696,2.004971,3.097744
0.31659,0.351248,2.149431,0.321541,0.348045,2.06759,2.258651,1.059862
0.338143,0.323871,1.698284,0.317172,0.306396,1.747505,4.909325,0.770358
0.46571,0.209118,3.370355,0.987923,0.988215,3.286184,7.706207,0.575221
0.05825,0.051843,2.603492,0.053008,0.050095,2.640189,8.572678,0.868219
0.293581,0.152033,1.971477,0.291833,0.163974,1.959245,18.123668,0.853656
0.340181,0.280766,1.248884,0.283969,0.258048,1.155101,1.031902,4.297698
0.525125,0.793658,3.348511,0.920644,0.996078,3.317638,11.844591,0.745602
0.810552,0.777057,2.040503,0.739486,0.744728,1.995651,1.721002,5.194751
0.784921,0.647159,2.107491,0.753174,0.556581,2.077784,1.87653,1.807503
0.679197,0.681818,34.202756,0.544348,0.643955,30.717939,3.332202,2.302629
0.592113,0.455808,2.300008,0.529203,0.469788,2.242923,3.264922,1.697993
0.744438,0.646577,2.839405,0.640752,0.600851,2.723778,2.093803,2.995516
0.73337,0.720554,2.384471,0.648616,0.630267,2.315153,2.093803,3.086968
0.371345,0.308435,1.414023,0.332608,0.31659,1.355773,1.098598,6.042291
0.415906,0.36319,1.615569,0.369015,0.330861,1.549164,1.554988,2.268553
0.304649,0.308143,2.212051,0.297658,0.383578,2.191954,1.958662,0.872296
0.805891,0.751428,2.659995,0.716186,0.643665,2.509709,2.045747,3.463264
0.842298,0.659975,2.694071,0.734826,0.598229,2.526311,2.379229,2.115355
0.634345,0.442702,1.714885,0.537067,0.502699,1.617899,1.233448,9.568466
0.372801,0.331443,1.904199,0.376588,0.333482,1.915557,2.859792,1.02695
0.34222,0.268243,1.66479,0.286009,0.271155,1.609744,1.184809,5.593182
0.634927,0.603181,2.167198,0.581628,0.535611,2.102831,1.484505,5.149898
0.920061,0.801231,2.832123,0.798901,0.687643,2.741254,2.429615,2.391461
0.560367,0.414741,2.756107,0.463381,0.383286,2.711837,2.112734,1.750127
0.716477,0.722011,3.725681,0.638713,0.675411,3.67413,5.130675,6.248788
1.069764,0.873461,3.398607,0.965497,0.790164,3.303659,2.549902,5.40649
0.701915,0.553377,2.346608,0.604346,0.500078,2.296222,1.569842,5.083201
